Age,Attrition,BusinessTravel,DailyRate,Department,DistanceFromHome,Education,EducationField,EnvironmentSatisfaction,Gender,HourlyRate,JobInvolvement,JobLevel,JobRole,JobSatisfaction,MaritalStatus,MonthlyIncome,MonthlyRate,NumCompaniesWorked,OverTime,PercentSalaryHike,PerformanceRating,RelationshipSatisfaction,StockOptionLevel,TotalWorkingYears,TrainingTimesLastYear,WorkLifeBalance,YearsAtCompany,YearsInCurrentRole,YearsSinceLastPromotion,YearsWithCurrManager,PromotionGapRatio,RoleStagnationIndex,TrainingIntensityScore,ManagerStabilityIndicator,CareerVelocityScore,PromotionMomentum,CompensationGrowthProxy,CareerSatisfactionIndex,OrgStabilityScore,EmployeeDevelopmentScore,RetentionOpportunityIndex,LeadershipExposureScore,EngagementCompositeScore,BurnoutRiskProxy,CareerAccelerationScore,PromotionGapScore,RetentionScore,StagnationScore,GrowthPotentialScore,ManagerialInfluenceScore,CompositeRisk,RiskTier,Cluster,ClusterLabel,PCA1,PCA2
41,1,Travel_Rarely,1102,Sales,1,2,Life Sciences,2,Female,94,3,2,Sales Executive,4,Single,5993,19479,8,Yes,11,3,1,0,8,0,1,6,4,0,5,0.0,0.4444444444444444,0.0,0.7142857142857143,0.2222222222222222,1.0,2.9950024987506247,2.6666666666666665,1.5,5.300000000000001,0.24444444444444446,1.9,2.15,0.560344827586207,33.0,0.0,24.444444444444446,44.44444444444444,40.769230769230774,71.42857142857143,23.11111111111111,Low Risk,4,Career Explorers,-0.6902204284758534,-0.6687340266362791
49,0,Travel_Frequently,279,Research & Development,8,1,Life Sciences,3,Male,61,2,2,Research Scientist,2,Married,5130,24907,1,No,23,4,4,1,10,3,3,10,7,1,7,0.09090909090909091,0.6363636363636364,0.2727272727272727,0.6363636363636364,0.18181818181818182,0.5,2.5637181409295353,2.3333333333333335,3.5,11.3,0.35757575757575755,1.8,2.95,0.38275862068965516,46.0,6.666666666666667,35.75757575757576,63.63636363636363,86.92307692307692,63.63636363636363,35.39393939393939,Medium Risk,1,Promotion-Stalled,0.11969411330584406,-0.7576688187287245
37,1,Travel_Rarely,1373,Research & Development,2,2,Other,4,Male,92,2,1,Laboratory Technician,3,Single,2090,2396,6,Yes,15,3,2,0,7,3,3,0,0,0,0,0.0,0.0,3.0,0.0,0.125,1.0,2.087912087912088,2.6666666666666665,3.0,7.800000000000001,0.13333333333333336,1.1,3.0,0.5706896551724139,45.0,0.0,13.333333333333336,0.0,60.00000000000001,0.0,5.333333333333335,Low Risk,2,High-Risk Stagnation,-2.58268217906575,0.20479592639959365
33,0,Travel_Frequently,1392,Research & Development,3,4,Life Sciences,4,Female,56,3,1,Research Scientist,3,Married,2909,23159,1,Yes,11,3,3,0,8,3,3,8,7,3,0,0.3333333333333333,0.7777777777777778,0.3333333333333333,0.0,0.1111111111111111,0.25,2.906093906093906,3.0,3.5,6.200000000000001,0.4111111111111111,1.4,3.25,0.7310344827586206,8.25,20.0,41.11111111111111,77.77777777777779,47.6923076923077,0.0,45.77777777777778,Medium Risk,0,Fast-Track Performers,1.5796141558306585,1.31692792781189
27,0,Travel_Rarely,591,Research & Development,2,1,Medical,1,Male,40,3,1,Laboratory Technician,2,Married,3468,16632,9,No,12,3,4,1,6,3,3,2,2,2,2,0.6666666666666666,0.2857142857142857,1.0,0.6666666666666666,0.14285714285714285,0.3333333333333333,3.4645354645354645,2.6666666666666665,2.5,6.600000000000001,0.4380952380952381,1.5999999999999999,2.45,0.1706896551724138,12.0,13.333333333333334,43.80952380952381,28.57142857142857,50.76923076923078,66.66666666666666,30.095238095238095,Low Risk,0,Fast-Track Performers,2.147448978491667,-0.33405620272814374
32,0,Travel_Frequently,1005,Research & Development,2,2,Life Sciences,4,Male,79,3,1,Laboratory Technician,4,Single,3068,11864,0,No,13,3,3,0,8,2,2,7,7,3,6,0.375,0.7777777777777778,0.25,0.75,0.1111111111111111,0.25,3.064935064935065,3.0,3.5,6.699999999999999,0.4256944444444444,1.4,3.35,0.32068965517241377,9.75,20.0,42.569444444444436,77.77777777777779,51.53846153846153,75.0,46.361111111111114,Medium Risk,0,Fast-Track Performers,2.3789475769420063,1.3095994758459004
59,0,Travel_Rarely,1324,Research & Development,3,3,Medical,3,Female,81,4,1,Laboratory Technician,1,Married,2670,9964,4,Yes,20,4,1,3,12,3,2,1,0,0,0,0.0,0.0,1.5,0.0,0.07692307692307693,1.0,2.6673326673326674,2.3333333333333335,2.0,10.1,0.16666666666666666,2.3,1.7000000000000002,0.5810344827586207,80.0,0.0,16.666666666666664,0.0,77.6923076923077,0.0,6.666666666666666,Low Risk,1,Promotion-Stalled,-3.111076583676,-2.397545437638673
30,0,Travel_Rarely,1358,Research & Development,24,1,Life Sciences,4,Male,67,3,1,Laboratory Technician,3,Divorced,2693,13335,1,No,22,4,2,1,1,2,3,1,0,0,0,0.0,0.0,1.0,0.0,0.5,1.0,2.6903096903096904,3.0,3.0,10.6,0.1,1.5999999999999999,3.0,0.3982758620689655,88.0,0.0,10.0,0.0,81.53846153846153,0.0,4.0,Low Risk,2,High-Risk Stagnation,-4.212012259932365,0.25336113353061357
38,0,Travel_Frequently,216,Research & Development,23,3,Life Sciences,4,Male,44,2,3,Manufacturing Director,3,Single,9526,8787,0,No,21,4,2,0,10,2,3,9,7,1,8,0.1,0.6363636363636364,0.2,0.8,0.2727272727272727,0.5,3.174275241586138,2.6666666666666665,3.0,10.2,0.32742424242424245,2.1,3.0,0.5379310344827586,42.0,6.666666666666667,32.74242424242424,63.63636363636363,78.46153846153847,80.0,34.18787878787879,Medium Risk,3,Stable Contributors,0.16650428762372804,0.007493454849699615
36,0,Travel_Rarely,1299,Research & Development,27,3,Medical,3,Male,94,3,2,Healthcare Representative,3,Married,5237,16577,6,No,13,3,2,2,17,3,2,7,7,7,7,0.875,0.3888888888888889,0.375,0.875,0.1111111111111111,0.125,2.6171914042978512,2.6666666666666665,2.5,7.0,0.5368055555555555,2.3,2.55,0.42931034482758623,4.875,46.666666666666664,53.68055555555556,38.88888888888889,53.84615384615385,87.5,47.138888888888886,Medium Risk,0,Fast-Track Performers,3.5734293167672377,-0.15507938493905965
35,0,Travel_Rarely,809,Research & Development,16,3,Medical,1,Male,84,4,1,Laboratory Technician,2,Married,2426,16479,0,No,13,3,3,1,6,5,3,5,4,0,3,0.0,0.5714285714285714,0.8333333333333334,0.5,0.14285714285714285,1.0,2.4235764235764234,3.0,2.0,7.6,0.24285714285714285,1.9,2.2,0.31551724137931036,39.0,0.0,24.285714285714285,57.14285714285714,58.46153846153845,50.0,26.857142857142858,Low Risk,4,Career Explorers,-0.9348256030355794,-0.46064888768941425
29,0,Travel_Rarely,153,Research & Development,15,2,Life Sciences,4,Female,49,2,2,Laboratory Technician,3,Single,4193,12682,0,Yes,12,3,4,0,10,3,3,9,5,0,8,0.0,0.45454545454545453,0.3,0.8,0.18181818181818182,1.0,2.0954522738630685,2.6666666666666665,4.0,6.600000000000001,0.246969696969697,1.6,3.5,0.7051724137931035,36.0,0.0,24.6969696969697,45.45454545454545,50.76923076923078,80.0,23.515151515151516,Low Risk,3,Stable Contributors,-0.7383655334402056,0.947416493968523
31,0,Travel_Rarely,670,Research & Development,26,1,Life Sciences,1,Male,31,3,1,Research Scientist,3,Divorced,2911,15170,1,No,17,3,4,1,5,1,2,5,2,4,3,0.6666666666666666,0.3333333333333333,0.16666666666666666,0.5,0.16666666666666666,0.2,2.908091908091908,2.6666666666666665,2.5,8.0,0.45,1.5999999999999999,2.55,0.4189655172413793,10.2,26.666666666666668,45.0,33.33333333333333,61.53846153846154,50.0,36.0,Medium Risk,0,Fast-Track Performers,2.1721272543570125,-0.22339384948960908
34,0,Travel_Rarely,1346,Research & Development,19,2,Medical,2,Male,93,3,1,Laboratory Technician,4,Divorced,2661,8758,0,No,11,3,3,1,3,2,3,2,2,1,2,0.3333333333333333,0.5,0.6666666666666666,0.6666666666666666,0.25,0.5,2.658341658341658,3.3333333333333335,2.5,5.9,0.3083333333333333,1.5999999999999999,3.0500000000000003,0.346551724137931,16.5,6.666666666666667,30.83333333333333,50.0,45.38461538461539,66.66666666666666,29.333333333333332,Low Risk,3,Stable Contributors,0.8822793671930547,1.5343997528602151
28,1,Travel_Rarely,103,Research & Development,24,3,Life Sciences,3,Male,50,2,1,Laboratory Technician,3,Single,2028,12947,5,Yes,14,3,2,0,6,4,3,4,2,0,3,0.0,0.2857142857142857,0.8,0.6,0.14285714285714285,1.0,2.0259740259740258,2.6666666666666665,2.5,7.700000000000001,0.20476190476190478,1.1,2.75,0.7982758620689656,42.0,0.0,20.476190476190478,28.57142857142857,59.23076923076924,60.0,16.761904761904763,Low Risk,3,Stable Contributors,-1.367244458681233,-0.07865299800564553
29,0,Travel_Rarely,1389,Research & Development,21,4,Life Sciences,2,Female,51,4,3,Manufacturing Director,1,Divorced,9980,10195,1,No,11,3,3,1,10,1,3,10,9,8,8,0.7272727272727273,0.8181818181818182,0.09090909090909091,0.7272727272727273,0.2727272727272727,0.1111111111111111,3.3255581472842386,2.6666666666666665,2.5,5.6,0.5924242424242425,2.9000000000000004,2.1500000000000004,0.36724137931034484,3.6666666666666665,53.333333333333336,59.24242424242425,81.81818181818183,43.07692307692307,72.72727272727273,64.24242424242425,Medium Risk,0,Fast-Track Performers,3.812666539290247,-0.6101810248177454
32,0,Travel_Rarely,334,Research & Development,5,2,Life Sciences,1,Male,80,4,1,Research Scientist,2,Divorced,3298,15053,0,Yes,12,3,4,2,7,5,2,6,2,0,5,0.0,0.25,0.7142857142857143,0.7142857142857143,0.125,1.0,3.294705294705295,2.6666666666666665,2.5,7.200000000000001,0.19583333333333336,2.1,2.25,0.6017241379310345,36.0,0.0,19.583333333333336,25.0,55.38461538461539,71.42857142857143,15.333333333333336,Low Risk,4,Career Explorers,-1.1291104468783606,-0.6719627260194609
22,0,Non-Travel,1123,Research & Development,16,2,Medical,4,Male,96,4,1,Laboratory Technician,4,Divorced,2935,7324,1,Yes,13,3,2,2,1,2,2,1,0,0,0,0.0,0.0,1.0,0.0,0.5,1.0,2.932067932067932,3.3333333333333335,3.0,6.699999999999999,0.06666666666666665,2.1,3.1,0.5655172413793104,39.0,0.0,6.666666666666665,0.0,51.53846153846153,0.0,2.666666666666666,Low Risk,2,High-Risk Stagnation,-3.200772805446354,1.5920522164666566
53,0,Travel_Rarely,1219,Sales,2,4,Life Sciences,1,Female,78,2,4,Manager,4,Married,15427,22021,2,No,16,3,3,0,31,3,3,25,8,3,7,0.11538461538461539,0.25,0.11538461538461539,0.2692307692307692,0.125,0.25,3.855786053486628,3.0,2.0,8.200000000000001,0.20288461538461539,2.6,2.8000000000000003,0.1706896551724138,12.0,20.0,20.28846153846154,25.0,63.07692307692309,26.923076923076923,21.615384615384617,Low Risk,3,Stable Contributors,-0.014075431874135893,0.6527311119238901
38,0,Travel_Rarely,371,Research & Development,2,3,Life Sciences,4,Male,45,3,1,Research Scientist,4,Single,3944,4306,5,Yes,11,3,3,0,6,3,3,3,2,1,2,0.25,0.2857142857142857,0.75,0.5,0.14285714285714285,0.5,3.94005994005994,3.3333333333333335,3.5,6.200000000000001,0.22559523809523807,1.4,3.5500000000000003,0.5706896551724139,16.5,6.666666666666667,22.559523809523807,28.57142857142857,47.6923076923077,50.0,19.595238095238095,Low Risk,3,Stable Contributors,0.13646024475930835,2.2565338472468426
24,0,Non-Travel,673,Research & Development,11,2,Other,1,Female,96,4,2,Manufacturing Director,3,Divorced,4011,8232,0,No,18,3,4,1,5,5,2,4,2,1,3,0.2,0.3333333333333333,1.0,0.6,0.3333333333333333,0.5,2.004497751124438,3.0,2.5,9.6,0.2533333333333333,2.4000000000000004,2.55,0.11379310344827585,27.0,6.666666666666667,25.33333333333333,33.33333333333333,73.84615384615384,60.0,22.133333333333333,Low Risk,3,Stable Contributors,-0.2305099855878234,0.06301900254545477
36,1,Travel_Rarely,1218,Sales,9,4,Life Sciences,3,Male,82,2,1,Sales Representative,1,Single,3407,6986,7,No,23,4,2,0,10,4,3,5,3,0,3,0.0,0.2727272727272727,0.6666666666666666,0.5,0.09090909090909091,1.0,3.4035964035964037,2.0,2.5,11.6,0.2681818181818182,1.1,2.1500000000000004,0.24310344827586206,92.0,0.0,26.81818181818182,27.27272727272727,89.23076923076923,50.0,18.909090909090907,Low Risk,1,Promotion-Stalled,-2.2654095245864165,-2.6899619892533257
34,0,Travel_Rarely,419,Research & Development,7,4,Life Sciences,1,Female,53,3,3,Research Director,2,Single,11994,21293,0,No,11,3,3,0,13,4,3,12,6,2,11,0.15384615384615385,0.42857142857142855,0.3076923076923077,0.8461538461538461,0.21428571428571427,0.3333333333333333,3.9966677774075308,2.6666666666666665,2.0,6.5,0.29432234432234433,2.4,2.2,0.22241379310344828,11.0,13.333333333333334,29.432234432234434,42.857142857142854,50.0,84.61538461538461,28.630036630036628,Low Risk,4,Career Explorers,1.0959575045488315,-0.49705272912574916
21,0,Travel_Rarely,391,Research & Development,15,2,Life Sciences,3,Male,96,3,1,Research Scientist,4,Single,1232,19281,1,No,14,3,4,0,0,6,3,0,0,0,0,0.0,0.0,6.0,0.0,1.0,1.0,1.2307692307692308,3.3333333333333335,3.5,8.3,0.06666666666666665,1.4,3.5500000000000003,0.30517241379310345,42.0,0.0,6.666666666666665,0.0,63.846153846153854,0.0,2.666666666666666,Low Risk,2,High-Risk Stagnation,-4.006905621999669,2.0869268708089126
34,1,Travel_Rarely,699,Research & Development,6,1,Medical,2,Male,83,3,1,Research Scientist,1,Single,2960,17102,2,No,11,3,3,0,8,2,3,4,2,1,3,0.2,0.2222222222222222,0.4,0.6,0.1111111111111111,0.5,2.957042957042957,2.3333333333333335,2.5,5.9,0.29222222222222216,1.4,2.1500000000000004,0.21206896551724136,16.5,6.666666666666667,29.222222222222214,22.22222222222222,45.38461538461539,60.0,20.355555555555554,Low Risk,4,Career Explorers,0.5656886147845138,-1.0976686756980756
53,0,Travel_Rarely,1282,Research & Development,5,3,Other,3,Female,58,3,5,Manager,3,Divorced,19094,10735,4,No,11,3,4,1,26,3,2,14,13,4,8,0.26666666666666666,0.48148148148148145,0.2,0.5333333333333333,0.18518518518518517,0.2,3.8180363927214556,2.6666666666666665,3.5,6.200000000000001,0.34703703703703703,3.6,3.05,0.20172413793103447,6.6,26.666666666666668,34.7037037037037,48.148148148148145,47.6923076923077,53.333333333333336,36.32592592592592,Medium Risk,0,Fast-Track Performers,1.4892203153219834,0.5950876514768354
32,1,Travel_Frequently,1125,Research & Development,16,1,Life Sciences,2,Female,72,1,1,Research Scientist,1,Single,3919,4681,1,Yes,22,4,2,0,10,5,3,10,2,6,7,0.5454545454545454,0.18181818181818182,0.45454545454545453,0.6363636363636364,0.09090909090909091,0.14285714285714285,3.915084915084915,1.6666666666666667,2.0,11.5,0.4696969696969696,0.8,1.9000000000000001,0.8655172413793103,12.571428571428571,40.0,46.96969696969696,18.181818181818183,88.46153846153845,63.63636363636363,36.24242424242424,Medium Risk,0,Fast-Track Performers,2.0733135064885815,-2.68370034659445
42,0,Travel_Rarely,691,Sales,8,4,Marketing,3,Male,48,3,2,Sales Executive,2,Married,6825,21173,0,No,11,3,4,1,10,2,3,9,7,4,2,0.4,0.6363636363636364,0.2,0.2,0.18181818181818182,0.2,3.4107946026986506,2.6666666666666665,3.5,5.9,0.43242424242424243,2.1,2.95,0.23275862068965517,6.6,26.666666666666668,43.24242424242424,63.63636363636363,45.38461538461539,20.0,44.38787878787879,Medium Risk,0,Fast-Track Performers,1.8833438449142854,0.3972567136169681
44,0,Travel_Rarely,477,Research & Development,7,4,Medical,1,Female,42,2,3,Healthcare Representative,4,Married,10248,2094,3,No,14,3,4,1,24,4,3,22,6,5,17,0.21739130434782608,0.24,0.17391304347826086,0.7391304347826086,0.12,0.16666666666666666,3.4148617127624123,3.0,2.5,7.700000000000001,0.23608695652173914,2.3000000000000003,3.0500000000000003,0.22241379310344828,7.0,33.33333333333333,23.608695652173914,24.0,59.23076923076924,73.91304347826086,26.643478260869564,Low Risk,3,Stable Contributors,0.9418034188150235,1.0782532909025857
46,0,Travel_Rarely,705,Sales,2,4,Marketing,2,Female,83,3,5,Manager,1,Single,18947,22822,3,No,12,3,4,0,22,2,2,2,2,2,1,0.6666666666666666,0.08695652173913043,0.6666666666666666,0.3333333333333333,0.21739130434782608,0.3333333333333333,3.7886422715456907,2.0,3.0,6.300000000000001,0.45507246376811594,3.4,2.2,0.1706896551724138,12.0,13.333333333333334,45.507246376811594,8.695652173913043,48.46153846153847,33.33333333333333,24.81159420289855,Low Risk,0,Fast-Track Performers,1.661208834327342,-1.5827948630055049
33,0,Travel_Rarely,924,Research & Development,2,3,Medical,3,Male,78,3,1,Laboratory Technician,4,Single,2496,6670,4,No,11,3,4,0,7,3,3,1,1,0,0,0.0,0.125,1.5,0.0,0.125,1.0,2.4935064935064934,3.3333333333333335,3.5,6.200000000000001,0.09791666666666665,1.4,3.5500000000000003,0.1706896551724138,33.0,0.0,9.791666666666664,12.5,47.6923076923077,0.0,7.666666666666666,Low Risk,3,Stable Contributors,-2.3344386614681065,1.9932963568640036
44,0,Travel_Rarely,1459,Research & Development,10,4,Other,4,Male,41,3,2,Healthcare Representative,4,Married,6465,19121,2,Yes,13,3,4,0,9,5,4,4,2,1,3,0.2,0.2,1.0,0.6,0.2,0.5,3.2308845577211396,3.6666666666666665,4.0,7.6,0.15333333333333335,1.9,4.0,0.653448275862069,19.5,6.666666666666667,15.333333333333336,20.0,58.46153846153845,60.0,14.133333333333335,Low Risk,3,Stable Contributors,-0.4714340527030046,3.289634675279978
30,0,Travel_Rarely,125,Research & Development,9,2,Medical,4,Male,83,2,1,Laboratory Technician,3,Single,2206,16117,1,No,13,3,1,0,10,5,3,10,0,1,8,0.09090909090909091,0.0,0.45454545454545453,0.7272727272727273,0.09090909090909091,0.5,2.203796203796204,2.6666666666666665,2.5,7.6,0.16515151515151516,1.1,2.75,0.24310344827586206,19.5,6.666666666666667,16.515151515151516,0.0,58.46153846153845,72.72727272727273,8.606060606060606,Low Risk,3,Stable Contributors,-0.38486146800114607,0.12652464129966418
39,1,Travel_Rarely,895,Sales,5,3,Technical Degree,4,Male,56,3,2,Sales Representative,4,Married,2086,3335,3,No,14,3,3,1,19,6,4,1,0,0,0,0.0,0.0,3.0,0.0,0.1,1.0,1.0424787606196901,3.6666666666666665,3.5,8.3,0.03333333333333335,2.1,3.75,0.20172413793103447,42.0,0.0,3.333333333333335,0.0,63.846153846153854,0.0,1.333333333333334,Low Risk,3,Stable Contributors,-3.0134187056404604,2.566935170222119
24,1,Travel_Rarely,813,Research & Development,1,3,Medical,2,Male,61,3,1,Research Scientist,4,Married,2293,3020,2,Yes,16,3,1,1,6,2,2,2,0,2,0,0.6666666666666666,0.0,0.6666666666666666,0.0,0.14285714285714285,0.3333333333333333,2.2907092907092905,3.0,1.5,7.9,0.3333333333333333,1.5999999999999999,2.35,0.560344827586207,16.0,13.333333333333334,33.33333333333333,0.0,60.769230769230774,0.0,17.333333333333332,Low Risk,0,Fast-Track Performers,0.607810275082265,0.07846708600800242
43,0,Travel_Rarely,1273,Research & Development,2,2,Medical,4,Female,72,4,1,Research Scientist,3,Divorced,2645,21923,1,No,12,3,4,2,6,3,2,5,3,1,4,0.16666666666666666,0.42857142857142855,0.5,0.6666666666666666,0.14285714285714285,0.5,2.6423576423576423,3.0,4.0,6.600000000000001,0.2654761904761905,2.1,3.3,0.1706896551724138,18.0,6.666666666666667,26.547619047619047,42.857142857142854,50.76923076923078,66.66666666666666,25.476190476190474,Low Risk,3,Stable Contributors,0.4776204035494804,1.2640698862775301
50,1,Travel_Rarely,869,Sales,3,2,Marketing,1,Male,86,2,1,Sales Representative,3,Married,2683,3810,1,Yes,14,3,3,0,3,2,3,3,2,0,2,0.0,0.5,0.5,0.5,0.25,1.0,2.6803196803196805,2.6666666666666665,2.0,7.1,0.25833333333333336,1.1,2.5,0.5810344827586207,42.0,0.0,25.833333333333336,50.0,54.61538461538461,50.0,25.333333333333336,Low Risk,4,Career Explorers,-1.1164663796699574,-0.44744378227399323
35,0,Travel_Rarely,890,Sales,2,3,Marketing,4,Female,97,3,1,Sales Representative,4,Married,2014,9687,1,No,13,3,1,0,2,3,3,2,2,2,2,0.6666666666666666,0.6666666666666666,1.0,0.6666666666666666,0.3333333333333333,0.3333333333333333,2.011988011988012,3.3333333333333335,2.5,7.0,0.4666666666666666,1.4,3.0500000000000003,0.1706896551724138,13.0,13.333333333333334,46.666666666666664,66.66666666666666,53.84615384615385,66.66666666666666,42.666666666666664,Medium Risk,0,Fast-Track Performers,2.2939586862555355,1.3457460362478955
36,0,Travel_Rarely,852,Research & Development,5,4,Life Sciences,2,Female,82,2,1,Research Scientist,1,Married,3419,13072,9,Yes,14,3,4,1,6,3,4,1,1,0,0,0.0,0.14285714285714285,1.5,0.0,0.14285714285714285,1.0,3.4155844155844157,2.3333333333333335,3.0,7.4,0.20238095238095238,1.3,2.6,0.6017241379310345,42.0,0.0,20.238095238095237,14.285714285714285,56.92307692307692,0.0,12.38095238095238,Low Risk,2,High-Risk Stagnation,-2.059992512056819,-0.7934795719776783
33,0,Travel_Frequently,1141,Sales,1,3,Life Sciences,3,Female,42,4,2,Sales Executive,1,Married,5376,3193,2,No,19,3,1,2,10,3,3,5,3,1,3,0.16666666666666666,0.2727272727272727,0.5,0.5,0.18181818181818182,0.5,2.686656671664168,2.6666666666666665,2.0,9.4,0.2598484848484849,2.6,1.9000000000000001,0.3103448275862069,28.5,6.666666666666667,25.984848484848488,27.27272727272727,72.3076923076923,50.0,20.575757575757578,Low Risk,4,Career Explorers,-0.18611385475906736,-1.2359073243120096
35,0,Travel_Rarely,464,Research & Development,4,2,Other,3,Male,75,3,1,Laboratory Technician,4,Divorced,1951,10910,1,No,12,3,3,1,1,3,3,1,0,0,0,0.0,0.0,1.5,0.0,0.5,1.0,1.949050949050949,3.3333333333333335,3.0,6.600000000000001,0.06666666666666665,1.5999999999999999,3.3000000000000003,0.19137931034482758,36.0,0.0,6.666666666666665,0.0,50.76923076923078,0.0,2.666666666666666,Low Risk,2,High-Risk Stagnation,-3.1380435198445626,1.7752526810396945
27,0,Travel_Rarely,1240,Research & Development,2,4,Life Sciences,4,Female,33,3,1,Laboratory Technician,1,Divorced,2341,19715,1,No,13,3,4,1,1,6,3,1,0,0,0,0.0,0.0,3.0,0.0,0.5,1.0,2.3386613386613386,2.3333333333333335,4.0,7.9,0.16666666666666666,1.5999999999999999,2.9,0.1706896551724138,39.0,0.0,16.666666666666664,0.0,60.769230769230774,0.0,6.666666666666666,Low Risk,2,High-Risk Stagnation,-2.782774399420339,-0.399468494564676
26,1,Travel_Rarely,1357,Research & Development,25,3,Life Sciences,1,Male,48,1,1,Laboratory Technician,3,Single,2293,10558,1,No,12,3,3,0,1,2,2,1,0,0,1,0.0,0.0,1.0,0.5,0.5,1.0,2.2907092907092905,2.0,2.0,6.300000000000001,0.2,0.8,2.3,0.4086206896551724,36.0,0.0,20.0,0.0,48.46153846153847,50.0,8.0,Low Risk,2,High-Risk Stagnation,-1.9673779722139435,-1.434130167600687
27,0,Travel_Frequently,994,Sales,8,3,Life Sciences,4,Male,37,3,3,Sales Executive,3,Single,8726,2975,1,No,15,3,4,0,9,0,3,9,8,1,7,0.1,0.8,0.0,0.7,0.3,0.5,2.907697434188604,3.0,4.0,6.9,0.335,2.4,3.5,0.38275862068965516,22.5,6.666666666666667,33.5,80.0,53.07692307692308,70.0,39.4,Medium Risk,3,Stable Contributors,0.752027345265132,1.4664925831756888
30,0,Travel_Frequently,721,Research & Development,1,2,Medical,3,Female,58,3,2,Laboratory Technician,4,Single,4011,10781,1,No,23,4,4,0,12,2,3,12,8,3,7,0.23076923076923078,0.6153846153846154,0.15384615384615385,0.5384615384615384,0.15384615384615385,0.25,2.004497751124438,3.3333333333333335,3.5,11.0,0.30128205128205127,1.9,3.5500000000000003,0.3103448275862069,23.0,20.0,30.128205128205128,61.53846153846154,84.61538461538461,53.84615384615385,36.51282051282051,Medium Risk,3,Stable Contributors,0.7163595860565037,1.7247648347599283
41,1,Travel_Rarely,1360,Research & Development,12,3,Technical Degree,2,Female,49,3,5,Research Director,3,Married,19545,16280,1,No,12,3,4,0,23,0,3,22,15,15,8,0.6521739130434783,0.625,0.0,0.34782608695652173,0.20833333333333334,0.0625,3.9082183563287343,3.0,3.0,5.700000000000001,0.4845108695652174,3.4,3.0,0.27413793103448275,2.25,100.0,48.451086956521735,62.5,43.846153846153854,34.78260869565217,68.13043478260869,High Risk,0,Fast-Track Performers,2.807028855359154,1.0151705523756458
34,0,Non-Travel,1065,Sales,23,4,Marketing,2,Male,72,3,2,Sales Executive,3,Single,4568,10034,0,No,20,4,3,0,10,2,3,9,5,8,7,0.8,0.45454545454545453,0.2,0.7,0.18181818181818182,0.1111111111111111,2.2828585707146427,3.0,2.5,9.799999999999999,0.49363636363636365,1.9,2.75,0.23793103448275862,8.88888888888889,53.333333333333336,49.36363636363637,45.45454545454545,75.38461538461537,70.0,49.38181818181818,Medium Risk,0,Fast-Track Performers,2.85669083429451,0.31967601709984633
37,0,Travel_Rarely,408,Research & Development,19,2,Life Sciences,2,Male,73,3,1,Research Scientist,2,Married,3022,10227,4,No,21,4,1,0,8,1,3,1,0,0,0,0.0,0.0,0.5,0.0,0.1111111111111111,1.0,3.018981018981019,2.6666666666666665,1.5,9.9,0.13333333333333336,1.4,1.9500000000000002,0.346551724137931,84.0,0.0,13.333333333333336,0.0,76.15384615384616,0.0,5.333333333333335,Low Risk,1,Promotion-Stalled,-3.3847123039271323,-1.6324946130617715
46,0,Travel_Frequently,1211,Sales,5,4,Marketing,1,Male,98,3,2,Sales Executive,4,Single,5772,20445,4,Yes,21,4,3,0,14,4,3,9,6,0,8,0.0,0.4,0.4,0.8,0.13333333333333333,1.0,2.8845577211394304,3.3333333333333335,2.0,10.799999999999999,0.16666666666666666,1.9,2.8000000000000003,0.7517241379310344,84.0,0.0,16.666666666666664,40.0,83.07692307692307,80.0,18.666666666666664,Low Risk,1,Promotion-Stalled,-2.2321693447736104,0.42466671800442995
35,0,Travel_Rarely,1229,Research & Development,8,1,Life Sciences,4,Male,36,4,1,Laboratory Technician,4,Married,2269,4892,1,No,19,3,4,0,1,2,3,1,0,0,1,0.0,0.0,1.0,0.5,0.5,1.0,2.266733266733267,3.6666666666666665,4.0,9.100000000000001,0.03333333333333335,1.7,3.8000000000000003,0.23275862068965517,57.0,0.0,3.333333333333335,0.0,70.0,50.0,1.333333333333334,Low Risk,2,High-Risk Stagnation,-3.3802188591521825,2.6096552622975464
48,1,Travel_Rarely,626,Research & Development,1,2,Life Sciences,1,Male,98,2,3,Laboratory Technician,3,Single,5381,19294,9,Yes,13,3,4,0,23,2,3,1,0,0,0,0.0,0.0,1.0,0.0,0.125,1.0,1.7930689770076642,2.6666666666666665,2.5,6.699999999999999,0.13333333333333336,2.1,2.75,0.560344827586207,39.0,0.0,13.333333333333336,0.0,51.53846153846153,0.0,5.333333333333335,Low Risk,2,High-Risk Stagnation,-2.3913816616483445,0.01535345960558013
28,1,Travel_Rarely,1434,Research & Development,5,4,Technical Degree,3,Male,50,3,1,Laboratory Technician,3,Single,3441,11179,1,Yes,13,3,3,0,2,3,2,2,2,2,2,0.6666666666666666,0.6666666666666666,1.0,0.6666666666666666,0.3333333333333333,0.3333333333333333,3.4375624375624376,2.6666666666666665,3.0,7.0,0.5333333333333333,1.4,2.8,0.6017241379310345,13.0,13.333333333333334,53.333333333333336,66.66666666666666,53.84615384615385,66.66666666666666,45.33333333333333,Medium Risk,0,Fast-Track Performers,2.6060301359829228,0.11974774829786737
44,0,Travel_Rarely,1488,Sales,1,5,Marketing,2,Female,75,3,2,Sales Executive,1,Divorced,5454,4009,5,Yes,21,4,3,1,9,2,2,4,3,1,3,0.2,0.3,0.4,0.6,0.2,0.5,2.7256371814092955,2.0,2.5,10.2,0.345,2.1,1.9500000000000002,0.560344827586207,42.0,6.666666666666667,34.5,30.0,78.46153846153847,60.0,24.8,Low Risk,4,Career Explorers,0.03053880504900375,-2.295105171083912
35,0,Non-Travel,1097,Research & Development,11,2,Medical,3,Male,79,2,3,Healthcare Representative,1,Married,9884,8302,2,Yes,13,3,3,1,10,3,3,4,0,2,3,0.4,0.0,0.6,0.6,0.2727272727272727,0.3333333333333333,3.2935688103965344,2.0,3.0,7.0,0.33999999999999997,2.3000000000000003,2.4000000000000004,0.5137931034482759,13.0,13.333333333333334,34.0,0.0,53.84615384615385,60.0,17.6,Low Risk,4,Career Explorers,0.8372942151872849,-1.1708695416779453
26,0,Travel_Rarely,1443,Sales,23,3,Marketing,3,Female,47,2,2,Sales Executive,4,Married,4157,21436,7,Yes,19,3,3,1,5,2,2,2,2,0,0,0.0,0.3333333333333333,0.6666666666666666,0.0,0.3333333333333333,1.0,2.077461269365317,2.6666666666666665,3.0,9.100000000000001,0.21666666666666667,1.8,3.1,0.7879310344827587,57.0,0.0,21.666666666666668,33.33333333333333,70.0,0.0,18.666666666666664,Low Risk,2,High-Risk Stagnation,-2.490636848973306,0.15525383373171356
33,0,Travel_Frequently,515,Research & Development,1,2,Life Sciences,1,Female,98,3,3,Research Director,4,Single,13458,15146,1,Yes,12,3,3,0,15,1,3,15,14,8,12,0.5,0.875,0.0625,0.75,0.1875,0.1111111111111111,4.484505164945018,3.3333333333333335,2.0,6.0,0.46041666666666664,2.4,2.8000000000000003,0.7103448275862069,4.0,53.333333333333336,46.041666666666664,87.5,46.15384615384615,75.0,60.66666666666667,Medium Risk,0,Fast-Track Performers,3.0318470702078755,1.316581186186522
35,0,Travel_Frequently,853,Sales,18,5,Life Sciences,2,Male,71,3,3,Sales Executive,1,Married,9069,11031,1,No,22,4,4,1,9,3,2,9,8,1,8,0.1,0.8,0.3,0.8,0.3,0.5,3.0219926691102965,2.0,3.0,10.9,0.43500000000000005,2.6,2.2,0.4862068965517241,44.0,6.666666666666667,43.50000000000001,80.0,83.84615384615385,80.0,43.400000000000006,Medium Risk,4,Career Explorers,0.7385353430415459,-2.1601942064463238
35,0,Travel_Rarely,1142,Research & Development,23,4,Medical,3,Female,30,3,1,Laboratory Technician,1,Married,4014,16002,3,Yes,15,3,3,1,4,3,3,2,2,2,2,0.6666666666666666,0.4,1.0,0.6666666666666666,0.2,0.3333333333333333,4.00999000999001,2.3333333333333335,3.0,7.800000000000001,0.5,1.5999999999999999,2.4000000000000004,0.7879310344827587,15.0,13.333333333333334,50.0,40.0,60.00000000000001,66.66666666666666,36.0,Medium Risk,0,Fast-Track Performers,2.3241042784923867,-0.8827916424512465
31,0,Travel_Rarely,655,Research & Development,7,4,Life Sciences,4,Male,48,3,2,Laboratory Technician,4,Divorced,5915,9528,3,No,22,4,4,1,10,3,2,7,7,1,7,0.125,0.6363636363636364,0.375,0.875,0.18181818181818182,0.5,2.9560219890054973,3.0,4.0,10.9,0.3028409090909091,2.1,3.6,0.22241379310344828,44.0,6.666666666666667,30.28409090909091,63.63636363636363,83.84615384615385,87.5,33.20454545454545,Medium Risk,3,Stable Contributors,0.17170225152604512,1.0971835837896222
37,0,Travel_Rarely,1115,Research & Development,1,4,Life Sciences,1,Male,51,2,2,Manufacturing Director,3,Divorced,5993,2689,1,No,18,3,3,1,7,2,4,7,5,0,7,0.0,0.625,0.25,0.875,0.25,1.0,2.9950024987506247,3.0,2.0,8.7,0.25625,1.8,2.7,0.16034482758620688,54.0,0.0,25.624999999999996,62.5,66.92307692307692,87.5,29.0,Low Risk,3,Stable Contributors,-0.97442862744366,-0.02760997885679832
32,0,Travel_Rarely,427,Research & Development,1,3,Medical,1,Male,33,3,2,Manufacturing Director,4,Married,6162,10877,1,Yes,22,4,2,1,9,3,3,9,8,7,8,0.7,0.8,0.3,0.8,0.2,0.125,3.0794602698650673,3.3333333333333335,1.5,10.9,0.5116666666666666,2.1,2.55,0.560344827586207,11.0,46.666666666666664,51.16666666666666,80.0,83.84615384615385,80.0,58.46666666666666,Medium Risk,0,Fast-Track Performers,3.0757961436830867,0.48401524823500164
38,0,Travel_Frequently,653,Research & Development,29,5,Life Sciences,4,Female,50,3,2,Laboratory Technician,4,Single,2406,5456,1,No,11,3,4,0,10,2,3,10,3,9,9,0.8181818181818182,0.2727272727272727,0.18181818181818182,0.8181818181818182,0.18181818181818182,0.1,1.2023988005997002,3.3333333333333335,4.0,5.9,0.4212121212121212,1.9,3.8000000000000003,0.6,3.3,60.0,42.12121212121212,27.27272727272727,45.38461538461539,81.81818181818183,43.030303030303024,Medium Risk,0,Fast-Track Performers,2.7740788091616335,2.6777850202669295
50,0,Travel_Rarely,989,Research & Development,7,2,Medical,2,Female,43,2,5,Research Director,3,Divorced,18740,16701,5,Yes,12,3,4,1,29,2,2,27,3,13,8,0.4642857142857143,0.1,0.07142857142857142,0.2857142857142857,0.16666666666666666,0.07142857142857142,3.747250549890022,2.3333333333333335,3.0,6.300000000000001,0.35416666666666663,3.3000000000000003,2.8,0.6224137931034484,2.5714285714285716,86.66666666666667,35.416666666666664,10.0,48.46153846153847,28.57142857142857,43.166666666666664,Medium Risk,0,Fast-Track Performers,1.4590019739802385,-0.01953706003774226
59,0,Travel_Rarely,1435,Sales,25,3,Life Sciences,1,Female,99,3,3,Sales Executive,1,Single,7637,2354,7,No,11,3,4,0,28,3,2,21,16,7,9,0.3181818181818182,0.5517241379310345,0.13636363636363635,0.4090909090909091,0.10344827586206896,0.125,2.5448183938687103,2.0,2.5,6.200000000000001,0.44929467084639496,2.4,1.9500000000000002,0.4086206896551724,4.125,46.666666666666664,44.9294670846395,55.172413793103445,47.6923076923077,40.909090909090914,48.52351097178683,Medium Risk,4,Career Explorers,2.2706747844227144,-1.799141336810322
36,0,Travel_Rarely,1223,Research & Development,8,3,Technical Degree,3,Female,59,3,3,Healthcare Representative,3,Divorced,10096,8202,1,No,13,3,2,3,17,2,3,17,14,12,8,0.6666666666666666,0.7777777777777778,0.1111111111111111,0.4444444444444444,0.16666666666666666,0.07692307692307693,3.364211929356881,3.0,2.5,6.699999999999999,0.5277777777777778,3.0,2.75,0.23275862068965517,3.0,80.0,52.77777777777778,77.77777777777779,51.53846153846153,44.44444444444444,68.44444444444446,High Risk,0,Fast-Track Performers,3.232325108101054,0.536976885302669
55,0,Travel_Rarely,836,Research & Development,8,3,Medical,4,Female,33,3,4,Manager,3,Divorced,14756,19730,2,Yes,14,3,3,3,21,2,3,5,0,0,2,0.0,0.0,0.3333333333333333,0.3333333333333333,0.18181818181818182,1.0,3.6880779805048736,3.0,3.5,7.1,0.1,3.5,3.25,0.6327586206896552,42.0,0.0,10.0,0.0,54.61538461538461,33.33333333333333,4.0,Low Risk,3,Stable Contributors,-2.4019827033587413,1.1609569810157117
36,0,Travel_Frequently,1195,Research & Development,11,3,Life Sciences,2,Male,95,2,2,Manufacturing Director,2,Single,6499,22656,1,No,13,3,3,0,6,3,3,6,5,0,3,0.0,0.7142857142857143,0.42857142857142855,0.42857142857142855,0.2857142857142857,1.0,3.2478760619690155,2.3333333333333335,2.5,7.0,0.34523809523809523,1.6,2.45,0.41379310344827586,39.0,0.0,34.523809523809526,71.42857142857143,53.84615384615385,42.857142857142854,35.23809523809524,Medium Risk,4,Career Explorers,-0.5715819328492179,-1.0994889279881184
45,0,Travel_Rarely,1339,Research & Development,7,3,Life Sciences,2,Male,59,3,3,Research Scientist,1,Divorced,9724,18787,2,No,17,3,3,1,25,2,3,1,0,0,0,0.0,0.0,1.0,0.0,0.11538461538461539,1.0,3.2402532489170275,2.3333333333333335,2.5,8.3,0.16666666666666666,2.6,2.1500000000000004,0.22241379310344828,51.0,0.0,16.666666666666664,0.0,63.846153846153854,0.0,6.666666666666666,Low Risk,1,Promotion-Stalled,-2.5079588091665594,-1.5638768673930699
35,0,Travel_Frequently,664,Research & Development,1,3,Medical,2,Male,79,3,1,Research Scientist,1,Married,2194,5868,4,No,13,3,4,1,5,2,2,3,2,1,2,0.25,0.3333333333333333,0.5,0.5,0.16666666666666666,0.5,2.191808191808192,2.0,3.0,6.699999999999999,0.37083333333333335,1.5999999999999999,2.2,0.3103448275862069,19.5,6.666666666666667,37.083333333333336,33.33333333333333,51.53846153846153,50.0,26.833333333333336,Low Risk,4,Career Explorers,0.8117281092010619,-1.6434033839992992
36,1,Travel_Rarely,318,Research & Development,9,3,Medical,4,Male,79,2,1,Research Scientist,3,Married,3388,21777,0,Yes,17,3,1,1,2,0,2,1,0,0,0,0.0,0.0,0.0,0.0,0.3333333333333333,1.0,3.3846153846153846,2.3333333333333335,2.5,7.700000000000001,0.16666666666666666,1.3,2.55,0.6431034482758621,51.0,0.0,16.666666666666664,0.0,59.23076923076924,0.0,6.666666666666666,Low Risk,2,High-Risk Stagnation,-2.7860999130307866,-0.8326789402606614
59,0,Travel_Frequently,1225,Sales,1,1,Life Sciences,1,Female,57,2,2,Sales Executive,3,Single,5473,24668,7,No,11,3,4,0,20,2,2,4,3,1,3,0.2,0.14285714285714285,0.4,0.6,0.09523809523809523,0.5,2.7351324337831087,2.3333333333333335,2.5,5.9,0.2723809523809524,1.6,2.55,0.3103448275862069,16.5,6.666666666666667,27.23809523809524,14.285714285714285,45.38461538461539,60.0,17.180952380952384,Low Risk,4,Career Explorers,0.40162430328568105,-0.5429448027623756
29,0,Travel_Rarely,1328,Research & Development,2,3,Life Sciences,3,Male,76,3,1,Research Scientist,2,Married,2703,4956,0,No,23,4,4,1,6,3,3,5,4,0,4,0.0,0.5714285714285714,0.5,0.6666666666666666,0.14285714285714285,1.0,2.7002997002997002,2.6666666666666665,3.5,11.3,0.2761904761904762,1.5999999999999999,2.95,0.1706896551724138,92.0,0.0,27.61904761904762,57.14285714285714,86.92307692307692,66.66666666666666,28.19047619047619,Low Risk,1,Promotion-Stalled,-1.8959441201221054,-0.7170833245679803
31,0,Travel_Rarely,1082,Research & Development,1,4,Medical,3,Male,87,3,1,Research Scientist,2,Single,2501,18775,1,No,17,3,2,0,1,4,3,1,1,1,0,0.5,0.5,2.0,0.0,0.5,0.5,2.4985014985014984,2.6666666666666665,2.5,8.9,0.43333333333333335,1.4,2.45,0.16034482758620688,25.5,6.666666666666667,43.333333333333336,50.0,68.46153846153847,0.0,34.333333333333336,Medium Risk,0,Fast-Track Performers,0.38928115752965303,-0.6137661504404052
32,0,Travel_Rarely,548,Research & Development,1,3,Life Sciences,2,Male,66,3,2,Research Scientist,2,Married,6220,7346,1,No,17,3,2,2,10,3,3,10,4,0,9,0.0,0.36363636363636365,0.2727272727272727,0.8181818181818182,0.18181818181818182,1.0,3.108445777111444,2.6666666666666665,2.0,8.600000000000001,0.22424242424242427,2.3,2.2,0.16034482758620688,51.0,0.0,22.424242424242426,36.36363636363637,66.15384615384616,81.81818181818183,19.878787878787882,Low Risk,4,Career Explorers,-1.2277669151976818,-1.0849298490989352
36,0,Travel_Rarely,132,Research & Development,6,3,Life Sciences,2,Female,55,4,1,Laboratory Technician,4,Married,3038,22002,3,No,12,3,2,0,5,3,3,1,0,0,0,0.0,0.0,1.5,0.0,0.16666666666666666,1.0,3.034965034965035,3.6666666666666665,2.0,6.600000000000001,0.03333333333333335,1.7,2.8000000000000003,0.21206896551724136,36.0,0.0,3.333333333333335,0.0,50.76923076923078,0.0,1.333333333333334,Low Risk,2,High-Risk Stagnation,-2.8386761996565864,1.5618951399793195
31,0,Travel_Rarely,746,Research & Development,8,4,Life Sciences,3,Female,61,3,2,Manufacturing Director,4,Single,4424,20682,1,No,23,4,4,0,11,2,3,11,7,1,8,0.08333333333333333,0.5833333333333334,0.16666666666666666,0.6666666666666666,0.16666666666666666,0.5,2.210894552723638,3.3333333333333335,3.5,11.0,0.24166666666666667,1.9,3.5500000000000003,0.23275862068965517,46.0,6.666666666666667,24.166666666666668,58.333333333333336,84.61538461538461,66.66666666666666,29.166666666666668,Low Risk,3,Stable Contributors,-0.4357866625340614,1.5397119183043715
35,0,Travel_Rarely,776,Sales,1,4,Marketing,3,Male,32,2,2,Sales Executive,1,Single,4312,23016,0,No,14,3,2,0,16,2,3,15,13,2,8,0.125,0.7647058823529411,0.125,0.5,0.11764705882352941,0.3333333333333333,2.1549225387306348,2.0,2.5,7.1,0.4349264705882353,1.6,2.1500000000000004,0.16034482758620688,14.0,13.333333333333334,43.49264705882353,76.47058823529412,54.61538461538461,50.0,44.33823529411765,Medium Risk,4,Career Explorers,1.7035840211481799,-1.8133776401693227
45,0,Travel_Rarely,193,Research & Development,6,4,Other,4,Male,52,3,3,Research Director,1,Married,13245,15067,4,Yes,14,3,2,0,17,3,4,0,0,0,0,0.0,0.0,3.0,0.0,0.16666666666666666,1.0,4.413528823725425,2.6666666666666665,3.0,7.4,0.13333333333333336,2.4,2.6,0.6120689655172414,42.0,0.0,13.333333333333336,0.0,56.92307692307692,0.0,5.333333333333335,Low Risk,2,High-Risk Stagnation,-2.535426052846552,-0.22697329164269775
37,0,Travel_Rarely,397,Research & Development,7,4,Medical,1,Male,30,3,3,Research Director,3,Single,13664,25258,4,No,13,3,1,0,16,3,4,5,2,0,2,0.0,0.11764705882352941,0.5,0.3333333333333333,0.17647058823529413,1.0,4.553148950349883,3.3333333333333335,1.0,7.0,0.09607843137254901,2.4,2.2,0.22241379310344828,39.0,0.0,9.607843137254902,11.76470588235294,53.84615384615385,33.33333333333333,7.372549019607843,Low Risk,3,Stable Contributors,-2.181643351206705,0.22000670101881273
46,0,Travel_Rarely,945,Human Resources,5,2,Medical,2,Male,80,3,2,Human Resources,2,Divorced,5021,10425,8,Yes,22,4,4,1,16,2,3,4,2,0,2,0.0,0.11764705882352941,0.4,0.4,0.11764705882352941,1.0,2.5092453773113443,2.6666666666666665,3.0,10.6,0.16274509803921572,2.1,2.7,0.6017241379310345,88.0,0.0,16.27450980392157,11.76470588235294,81.53846153846153,40.0,10.039215686274511,Low Risk,1,Promotion-Stalled,-2.925656991637799,-0.7120381766027541
30,0,Travel_Rarely,852,Research & Development,1,1,Life Sciences,4,Male,55,2,2,Laboratory Technician,4,Married,5126,15998,1,Yes,12,3,3,2,10,1,2,10,8,3,0,0.2727272727272727,0.7272727272727273,0.09090909090909091,0.0,0.18181818181818182,0.25,2.561719140429785,2.6666666666666665,3.5,6.0,0.41060606060606064,2.0,3.35,0.560344827586207,9.0,20.0,41.06060606060606,72.72727272727273,46.15384615384615,0.0,44.24242424242425,Medium Risk,0,Fast-Track Performers,1.3630642011542067,0.9508361802265508
35,0,Travel_Rarely,1214,Research & Development,1,3,Medical,2,Male,30,2,1,Research Scientist,3,Single,2859,26278,1,No,18,3,1,0,6,3,3,6,4,0,4,0.0,0.5714285714285714,0.42857142857142855,0.5714285714285714,0.14285714285714285,1.0,2.856143856143856,2.6666666666666665,1.5,9.0,0.2761904761904762,1.1,2.25,0.16034482758620688,54.0,0.0,27.61904761904762,57.14285714285714,69.23076923076923,57.14285714285714,28.19047619047619,Low Risk,1,Promotion-Stalled,-1.0803691339636778,-1.1639728653568495
55,0,Travel_Rarely,111,Sales,1,2,Life Sciences,1,Male,70,3,3,Sales Executive,4,Married,10239,18092,3,No,14,3,4,1,24,4,3,1,0,1,0,0.5,0.0,2.0,0.0,0.12,0.5,3.4118627124291905,3.3333333333333335,2.5,7.700000000000001,0.24166666666666664,2.6,3.0500000000000003,0.16034482758620688,21.0,6.666666666666667,24.166666666666664,0.0,59.23076923076924,0.0,11.666666666666666,Low Risk,3,Stable Contributors,-0.3243543880888651,1.3494646180698031
38,0,Non-Travel,573,Research & Development,6,3,Medical,2,Female,79,1,2,Research Scientist,4,Divorced,5329,15717,7,Yes,12,3,4,3,17,3,3,13,11,1,9,0.07142857142857142,0.6111111111111112,0.21428571428571427,0.6428571428571429,0.1111111111111111,0.5,2.663168415792104,2.6666666666666665,3.0,6.600000000000001,0.3111111111111111,1.9000000000000001,3.3000000000000003,0.4620689655172414,18.0,6.666666666666667,31.11111111111111,61.111111111111114,50.76923076923078,64.28571428571429,32.77777777777778,Low Risk,3,Stable Contributors,0.7418457070467555,0.7881635977061765
34,0,Travel_Rarely,1153,Research & Development,1,2,Medical,1,Male,94,3,2,Manufacturing Director,2,Married,4325,17736,1,No,15,3,3,0,5,2,3,5,2,1,3,0.16666666666666666,0.3333333333333333,0.3333333333333333,0.5,0.3333333333333333,0.5,2.1614192903548224,2.6666666666666665,2.0,7.5,0.275,1.9,2.2,0.16034482758620688,22.5,6.666666666666667,27.500000000000004,33.33333333333333,57.692307692307686,50.0,23.0,Low Risk,4,Career Explorers,-0.04821671651131838,-0.6749273766493936
56,0,Travel_Rarely,1400,Research & Development,7,3,Life Sciences,4,Male,49,1,3,Manufacturing Director,4,Single,7260,21698,4,No,11,3,1,0,37,3,2,6,4,0,2,0.0,0.10526315789473684,0.42857142857142855,0.2857142857142857,0.07894736842105263,1.0,2.4191936021326224,2.3333333333333335,2.5,6.200000000000001,0.19298245614035087,1.8,2.85,0.22241379310344828,33.0,0.0,19.298245614035086,10.526315789473683,47.6923076923077,28.57142857142857,10.877192982456139,Low Risk,3,Stable Contributors,-1.5368842645102594,-0.4095349016238132
23,0,Travel_Rarely,541,Sales,2,1,Technical Degree,3,Male,62,3,1,Sales Representative,1,Divorced,2322,9518,3,No,13,3,3,1,3,3,3,0,0,0,0,0.0,0.0,3.0,0.0,0.25,1.0,2.3196803196803195,2.3333333333333335,3.0,7.0,0.16666666666666666,1.5999999999999999,2.4000000000000004,0.1706896551724138,39.0,0.0,16.666666666666664,0.0,53.84615384615385,0.0,6.666666666666666,Low Risk,2,High-Risk Stagnation,-2.386150780374996,-1.0330552414480842
51,0,Travel_Rarely,432,Research & Development,9,4,Life Sciences,4,Male,96,3,1,Laboratory Technician,4,Married,2075,18725,3,No,23,4,2,2,10,4,3,4,2,0,3,0.0,0.18181818181818182,0.8,0.6,0.09090909090909091,1.0,2.072927072927073,3.3333333333333335,3.0,11.6,0.11212121212121211,1.7999999999999998,3.3000000000000003,0.24310344827586206,92.0,0.0,11.212121212121211,18.181818181818183,89.23076923076923,60.0,9.93939393939394,Low Risk,1,Promotion-Stalled,-3.0309842238062563,0.8508563472354599
30,0,Travel_Rarely,288,Research & Development,2,3,Life Sciences,3,Male,99,2,2,Healthcare Representative,4,Married,4152,15830,1,No,19,3,1,3,11,3,3,11,10,10,8,0.8333333333333334,0.8333333333333334,0.25,0.6666666666666666,0.16666666666666666,0.09090909090909091,2.0749625187406298,3.0,2.0,9.4,0.6,2.2,2.8000000000000003,0.1706896551724138,5.181818181818182,66.66666666666666,60.0,83.33333333333334,72.3076923076923,66.66666666666666,69.0,High Risk,0,Fast-Track Performers,3.8275489614598412,0.29350569981710833
46,1,Travel_Rarely,669,Sales,9,2,Medical,3,Male,64,2,3,Sales Executive,4,Single,9619,13596,1,No,16,3,4,0,9,3,3,9,8,4,7,0.4,0.8,0.3,0.7,0.3,0.2,3.2052649116961014,3.0,3.5,8.200000000000001,0.43999999999999995,2.1,3.5500000000000003,0.24310344827586206,9.6,26.666666666666668,43.99999999999999,80.0,63.07692307692309,70.0,49.599999999999994,Medium Risk,0,Fast-Track Performers,2.181269132763998,1.4731755825545056
40,0,Travel_Frequently,530,Research & Development,1,4,Life Sciences,3,Male,78,2,4,Healthcare Representative,2,Married,13503,14115,1,No,22,4,4,1,22,3,2,22,3,11,11,0.4782608695652174,0.13043478260869565,0.13043478260869565,0.4782608695652174,0.17391304347826086,0.08333333333333333,3.374906273431642,2.0,3.5,10.9,0.4,2.8000000000000003,2.75,0.3103448275862069,7.333333333333333,73.33333333333333,40.0,13.043478260869565,83.84615384615385,47.82608695652174,41.91304347826087,Medium Risk,0,Fast-Track Performers,1.5434995190802174,-1.0890691332650704
51,0,Travel_Rarely,632,Sales,21,4,Marketing,3,Male,71,3,2,Sales Executive,4,Single,5441,8423,0,Yes,22,4,4,0,11,2,1,10,7,1,0,0.09090909090909091,0.5833333333333334,0.18181818181818182,0.0,0.16666666666666666,0.5,2.7191404297851074,2.6666666666666665,3.5,10.6,0.31098484848484853,1.9,3.1500000000000004,0.7672413793103449,44.0,6.666666666666667,31.09848484848485,58.333333333333336,81.53846153846153,0.0,31.93939393939394,Low Risk,1,Promotion-Stalled,-0.6869721967087148,0.161724615395793
30,0,Travel_Rarely,1334,Sales,4,2,Medical,3,Female,63,2,2,Sales Executive,2,Divorced,5209,19760,1,Yes,12,3,2,3,11,4,2,11,8,2,7,0.16666666666666666,0.6666666666666666,0.3333333333333333,0.5833333333333334,0.16666666666666666,0.3333333333333333,2.6031984007996,2.0,2.5,6.9,0.425,2.2,2.25,0.5913793103448276,12.0,13.333333333333334,42.5,66.66666666666666,53.07692307692308,58.333333333333336,41.0,Medium Risk,4,Career Explorers,1.6765216790242279,-1.5037400649383512
46,0,Travel_Frequently,638,Research & Development,1,3,Medical,3,Male,40,2,3,Healthcare Representative,1,Married,10673,3142,2,Yes,13,3,3,1,21,5,2,10,9,9,5,0.8181818181818182,0.4090909090909091,0.45454545454545453,0.45454545454545453,0.13636363636363635,0.1,3.5564811729423527,1.6666666666666667,3.0,7.6,0.621969696969697,2.3000000000000003,2.2,0.7103448275862069,3.9,60.0,62.196969696969695,40.909090909090914,58.46153846153845,45.45454545454545,55.15151515151515,Medium Risk,0,Fast-Track Performers,3.5035550774463533,-2.099479160295805
32,0,Travel_Rarely,1093,Sales,6,4,Medical,2,Male,87,3,2,Sales Executive,3,Single,5010,24301,1,No,16,3,1,0,12,0,3,11,8,5,7,0.4166666666666667,0.6153846153846154,0.0,0.5833333333333334,0.15384615384615385,0.16666666666666666,2.5037481259370313,3.0,1.5,7.300000000000001,0.3996794871794872,1.9,2.25,0.21206896551724136,8.0,33.33333333333333,39.96794871794872,61.53846153846154,56.15384615384615,58.333333333333336,44.44871794871795,Medium Risk,0,Fast-Track Performers,2.1208300277196686,-0.08684664943166863
54,0,Travel_Rarely,1217,Research & Development,2,4,Technical Degree,1,Female,60,3,3,Research Director,3,Married,13549,24001,9,No,12,3,1,1,16,5,1,4,3,0,3,0.0,0.17647058823529413,1.0,0.6,0.17647058823529413,1.0,4.514828390536488,2.3333333333333335,1.0,7.200000000000001,0.2107843137254902,2.6,1.5999999999999999,0.1706896551724138,36.0,0.0,21.07843137254902,17.647058823529413,55.38461538461539,60.0,13.725490196078432,Low Risk,4,Career Explorers,-1.2572257871760244,-2.0915023963419697
24,0,Travel_Rarely,1353,Sales,3,2,Other,1,Female,33,3,2,Sales Executive,3,Married,4999,17519,0,No,21,4,1,1,4,2,2,3,2,0,2,0.0,0.4,0.5,0.5,0.4,1.0,2.4982508745627188,2.6666666666666665,1.0,10.2,0.23333333333333336,2.1,1.7999999999999998,0.1810344827586207,84.0,0.0,23.333333333333336,40.0,78.46153846153847,50.0,21.333333333333336,Low Risk,1,Promotion-Stalled,-2.4598162100568013,-1.9103489541284837
28,0,Non-Travel,120,Sales,4,3,Medical,2,Male,43,3,2,Sales Executive,3,Married,4221,8863,1,No,15,3,2,0,5,3,4,5,4,0,4,0.0,0.6666666666666666,0.5,0.6666666666666666,0.3333333333333333,1.0,2.1094452773613193,3.3333333333333335,2.0,7.800000000000001,0.2333333333333333,1.9,2.7,0.041379310344827586,45.0,0.0,23.333333333333332,66.66666666666666,60.00000000000001,66.66666666666666,29.33333333333333,Low Risk,3,Stable Contributors,-1.1263474884552334,0.5879722160093894
58,0,Travel_Rarely,682,Sales,10,4,Medical,4,Male,37,3,4,Sales Executive,3,Single,13872,24409,0,No,13,3,3,0,38,1,2,37,10,1,8,0.02631578947368421,0.2564102564102564,0.02631578947368421,0.21052631578947367,0.10256410256410256,0.5,3.467133216695826,2.6666666666666665,3.5,6.4,0.20664642375168693,2.9,3.05,0.253448275862069,19.5,6.666666666666667,20.664642375168693,25.64102564102564,49.23076923076923,21.052631578947366,17.95816464237517,Low Risk,3,Stable Contributors,-0.518740601650761,0.5217838421117768
44,0,Non-Travel,489,Research & Development,23,3,Medical,2,Male,67,3,2,Laboratory Technician,2,Married,2042,25043,4,No,12,3,3,1,17,3,4,3,2,1,2,0.25,0.1111111111111111,0.75,0.5,0.1111111111111111,0.5,1.0204897551224388,3.0,2.5,6.600000000000001,0.2152777777777778,2.1,2.6500000000000004,0.23793103448275862,18.0,6.666666666666667,21.52777777777778,11.11111111111111,50.76923076923078,50.0,13.944444444444446,Low Risk,3,Stable Contributors,-0.018802281935812255,0.5167168819364817
37,1,Travel_Rarely,807,Human Resources,6,4,Human Resources,3,Male,63,3,1,Human Resources,1,Divorced,2073,23648,4,Yes,22,4,4,0,7,3,3,3,2,0,2,0.0,0.25,0.75,0.5,0.125,1.0,2.070929070929071,2.3333333333333335,3.5,10.9,0.22916666666666666,1.4,2.65,0.6120689655172414,88.0,0.0,22.916666666666664,25.0,83.84615384615385,50.0,16.666666666666664,Low Risk,1,Promotion-Stalled,-2.4281416838925836,-1.343623619770854
32,0,Travel_Rarely,827,Research & Development,1,1,Life Sciences,4,Male,71,3,1,Research Scientist,1,Single,2956,15178,1,No,13,3,4,0,1,2,3,1,0,0,0,0.0,0.0,1.0,0.0,0.5,1.0,2.953046953046953,2.3333333333333335,4.0,6.699999999999999,0.16666666666666666,1.4,2.9,0.16034482758620688,39.0,0.0,16.666666666666664,0.0,51.53846153846153,0.0,6.666666666666666,Low Risk,2,High-Risk Stagnation,-2.7168939934656735,-0.30482673599419613
20,1,Travel_Frequently,871,Research & Development,6,3,Life Sciences,4,Female,66,2,1,Laboratory Technician,4,Single,2926,19783,1,Yes,18,3,2,0,1,5,3,1,0,1,0,0.5,0.0,2.5,0.0,0.5,0.5,2.923076923076923,3.0,3.0,9.6,0.275,1.1,3.3000000000000003,0.7620689655172413,27.0,6.666666666666667,27.500000000000004,0.0,73.84615384615384,0.0,13.000000000000002,Low Risk,2,High-Risk Stagnation,-0.906998868476443,1.2287861291130706
34,0,Travel_Rarely,665,Research & Development,6,4,Other,1,Female,41,3,2,Research Scientist,3,Single,4809,12482,1,No,14,3,3,0,16,3,3,16,13,2,10,0.11764705882352941,0.7647058823529411,0.17647058823529413,0.5882352941176471,0.11764705882352941,0.3333333333333333,2.4032983508245875,3.0,2.0,7.4,0.3323529411764706,1.9,2.5,0.21206896551724136,14.0,13.333333333333334,33.23529411764706,76.47058823529412,56.92307692307692,58.82352941176471,40.23529411764706,Medium Risk,4,Career Explorers,1.269060578953684,0.16193133737662663
37,0,Non-Travel,1040,Research & Development,2,2,Life Sciences,3,Male,100,2,2,Healthcare Representative,4,Divorced,5163,15850,5,No,14,3,4,1,17,2,4,1,0,0,0,0.0,0.0,1.0,0.0,0.1111111111111111,1.0,2.580209895052474,3.3333333333333335,3.5,7.1,0.06666666666666665,1.8,3.75,0.020689655172413793,42.0,0.0,6.666666666666665,0.0,54.61538461538461,0.0,2.666666666666666,Low Risk,2,High-Risk Stagnation,-2.803173197614651,2.1076393638699047
59,0,Non-Travel,1420,Human Resources,2,4,Human Resources,3,Female,32,2,5,Manager,4,Married,18844,21922,9,No,21,4,4,1,30,3,3,3,2,2,2,0.5,0.06451612903225806,0.75,0.5,0.16129032258064516,0.3333333333333333,3.7680463907218558,3.0,3.5,10.5,0.2911290322580645,3.3000000000000003,3.5500000000000003,0.020689655172413793,28.0,13.333333333333334,29.112903225806452,6.451612903225806,80.76923076923077,50.0,17.580645161290324,Low Risk,0,Fast-Track Performers,0.3005375481857793,1.220349607425877
50,0,Travel_Frequently,1115,Research & Development,1,3,Life Sciences,1,Female,73,3,5,Research Director,2,Married,18172,9755,3,Yes,19,3,1,0,28,1,2,8,3,0,7,0.0,0.10344827586206896,0.1111111111111111,0.7777777777777778,0.1724137931034483,1.0,3.6336732653469306,2.3333333333333335,1.0,8.8,0.1925287356321839,3.4,1.5,0.7103448275862069,57.0,0.0,19.25287356321839,10.344827586206897,67.6923076923077,77.77777777777779,10.804597701149426,Low Risk,1,Promotion-Stalled,-1.7337897268760691,-2.3190479716037737
25,1,Travel_Rarely,240,Sales,5,3,Marketing,3,Male,46,2,2,Sales Executive,3,Single,5744,26959,1,Yes,11,3,4,0,6,1,3,6,4,0,3,0.0,0.5714285714285714,0.14285714285714285,0.42857142857142855,0.2857142857142857,1.0,2.8705647176411793,2.6666666666666665,3.5,5.6,0.2761904761904762,1.6,3.25,0.6017241379310345,33.0,0.0,27.61904761904762,57.14285714285714,43.07692307692307,42.857142857142854,28.19047619047619,Low Risk,3,Stable Contributors,-0.8683122822340122,0.6785347790191913
25,0,Travel_Rarely,1280,Research & Development,7,1,Medical,4,Male,64,2,1,Research Scientist,4,Married,2889,26897,1,No,11,3,3,2,2,2,3,2,2,2,1,0.6666666666666666,0.6666666666666666,0.6666666666666666,0.3333333333333333,0.3333333333333333,0.3333333333333333,2.886113886113886,3.0,3.5,5.9,0.5,1.5,3.5500000000000003,0.22241379310344828,11.0,13.333333333333334,50.0,66.66666666666666,45.38461538461539,33.33333333333333,44.0,Medium Risk,0,Fast-Track Performers,2.194780183653852,1.569286123815073
22,0,Travel_Rarely,534,Research & Development,15,3,Medical,2,Female,59,3,1,Laboratory Technician,4,Single,2871,23785,1,No,15,3,3,0,1,5,3,0,0,0,0,0.0,0.0,5.0,0.0,0.5,1.0,2.868131868131868,3.3333333333333335,2.5,8.4,0.06666666666666665,1.4,3.0500000000000003,0.30517241379310345,45.0,0.0,6.666666666666665,0.0,64.61538461538461,0.0,2.666666666666666,Low Risk,2,High-Risk Stagnation,-3.4027148415672253,1.279734465538233
51,0,Travel_Frequently,1456,Research & Development,1,4,Medical,1,Female,30,2,3,Healthcare Representative,1,Single,7484,25796,3,No,20,4,3,0,23,1,2,13,12,12,8,0.8571428571428571,0.5,0.07142857142857142,0.5714285714285714,0.125,0.07692307692307693,2.493835388203932,1.6666666666666667,2.0,9.5,0.6583333333333333,2.1,1.7000000000000002,0.3103448275862069,6.153846153846154,80.0,65.83333333333333,50.0,73.07692307692307,57.14285714285714,65.33333333333333,Medium Risk,0,Fast-Track Performers,3.8456734977811444,-3.041629287729085
34,1,Travel_Frequently,658,Research & Development,7,3,Life Sciences,1,Male,66,1,2,Laboratory Technician,3,Single,6074,22887,1,Yes,24,4,4,0,9,3,3,9,7,0,6,0.0,0.7,0.3,0.6,0.2,1.0,3.0354822588705646,2.3333333333333335,2.5,11.700000000000001,0.3416666666666667,1.3,2.75,0.7724137931034483,96.0,0.0,34.166666666666664,70.0,90.00000000000001,60.0,34.666666666666664,Medium Risk,1,Promotion-Stalled,-1.7230547346815075,-1.4102742141805573
54,0,Non-Travel,142,Human Resources,26,3,Human Resources,4,Female,30,4,4,Manager,4,Single,17328,13871,2,Yes,12,3,3,0,23,3,3,5,3,4,4,0.6666666666666666,0.125,0.5,0.6666666666666666,0.16666666666666666,0.2,4.330917270682329,3.6666666666666665,3.5,6.600000000000001,0.2979166666666666,3.2,3.5500000000000003,0.6689655172413793,7.2,26.666666666666668,29.79166666666666,12.5,50.76923076923078,66.66666666666666,23.666666666666664,Low Risk,0,Fast-Track Performers,1.5252952235300075,2.856774001475736
24,0,Travel_Rarely,1127,Research & Development,18,1,Life Sciences,2,Male,52,3,1,Laboratory Technician,3,Married,2774,13257,0,No,12,3,3,1,6,2,3,5,3,1,2,0.16666666666666666,0.42857142857142855,0.3333333333333333,0.3333333333333333,0.14285714285714285,0.5,2.7712287712287713,3.0,2.5,6.300000000000001,0.2654761904761905,1.5999999999999999,2.75,0.33620689655172414,18.0,6.666666666666667,26.547619047619047,42.857142857142854,48.46153846153847,33.33333333333333,25.476190476190474,Low Risk,3,Stable Contributors,0.19327415592298078,0.6174285174269853
34,0,Travel_Rarely,1031,Research & Development,6,4,Life Sciences,3,Female,45,2,2,Research Scientist,2,Divorced,4505,15000,6,No,15,3,3,1,12,3,3,1,0,0,0,0.0,0.0,1.5,0.0,0.15384615384615385,1.0,2.2513743128435784,2.3333333333333335,3.0,7.800000000000001,0.16666666666666666,1.8,2.7,0.21206896551724136,45.0,0.0,16.666666666666664,0.0,60.00000000000001,0.0,6.666666666666666,Low Risk,2,High-Risk Stagnation,-2.440887273040716,-0.775076107284294
37,0,Travel_Rarely,1189,Sales,3,3,Life Sciences,3,Male,87,3,3,Sales Executive,4,Single,7428,14506,2,No,12,3,1,0,12,3,3,5,3,1,3,0.16666666666666666,0.23076923076923078,0.5,0.5,0.23076923076923078,0.5,2.4751749416861046,3.3333333333333335,2.0,6.600000000000001,0.18269230769230768,2.4,2.8000000000000003,0.1810344827586207,18.0,6.666666666666667,18.269230769230766,23.076923076923077,50.76923076923078,50.0,16.23076923076923,Low Risk,3,Stable Contributors,-0.3283019214502739,1.2231035696627992
34,0,Travel_Rarely,1354,Research & Development,5,3,Medical,3,Female,45,2,3,Manager,1,Single,11631,5615,2,No,12,3,4,0,14,6,3,11,10,5,8,0.4166666666666667,0.6666666666666666,0.5,0.6666666666666666,0.2,0.16666666666666666,3.8757080973008997,2.0,3.5,7.5,0.5125,2.1,2.65,0.20172413793103447,6.0,33.33333333333333,51.24999999999999,66.66666666666666,57.692307692307686,66.66666666666666,50.5,Medium Risk,0,Fast-Track Performers,2.7183964834416705,-1.1178860755914939
36,0,Travel_Frequently,1467,Sales,11,2,Technical Degree,2,Female,92,3,3,Sales Executive,4,Married,9738,22952,0,No,14,3,3,1,10,6,3,9,7,2,8,0.2,0.6363636363636364,0.6,0.8,0.2727272727272727,0.3333333333333333,3.2449183605464844,3.3333333333333335,2.5,8.3,0.2957575757575757,2.6,3.0500000000000003,0.41379310344827586,14.0,13.333333333333334,29.57575757575757,63.63636363636363,63.846153846153854,80.0,34.92121212121212,Medium Risk,3,Stable Contributors,1.0135389382316045,1.4256913273574952
36,0,Travel_Rarely,922,Research & Development,3,2,Life Sciences,1,Female,39,3,1,Laboratory Technician,4,Divorced,2835,2561,5,No,22,4,1,1,7,2,3,1,0,0,0,0.0,0.0,1.0,0.0,0.125,1.0,2.832167832167832,3.3333333333333335,1.0,10.6,0.06666666666666665,1.5999999999999999,2.3,0.1810344827586207,88.0,0.0,6.666666666666665,0.0,81.53846153846153,0.0,2.666666666666666,Low Risk,1,Promotion-Stalled,-3.8429729569823445,-0.28929243436328206
43,0,Travel_Frequently,394,Sales,26,2,Life Sciences,3,Male,92,3,4,Manager,4,Married,16959,19494,1,Yes,12,3,4,2,25,3,4,25,12,4,12,0.15384615384615385,0.46153846153846156,0.11538461538461539,0.46153846153846156,0.15384615384615385,0.2,4.238690327418145,3.6666666666666665,3.5,6.600000000000001,0.2025641025641026,3.3,3.75,0.9689655172413792,7.2,26.666666666666668,20.25641025641026,46.15384615384615,50.76923076923078,46.15384615384615,29.94871794871795,Low Risk,3,Stable Contributors,0.5447922963194204,3.211604334055409
30,0,Travel_Frequently,1312,Research & Development,23,3,Life Sciences,1,Male,96,1,1,Research Scientist,3,Divorced,2613,22310,1,No,25,4,3,3,10,2,2,10,7,0,9,0.0,0.6363636363636364,0.18181818181818182,0.8181818181818182,0.09090909090909091,1.0,2.6103896103896105,2.0,2.0,11.799999999999999,0.3590909090909091,1.4000000000000001,2.3,0.5379310344827586,100.0,0.0,35.909090909090914,63.63636363636363,90.76923076923076,81.81818181818183,33.45454545454545,Medium Risk,1,Promotion-Stalled,-1.39911752869693,-2.591858832549374
33,0,Non-Travel,750,Sales,22,2,Marketing,3,Male,95,3,2,Sales Executive,2,Married,6146,15480,0,No,13,3,1,1,8,2,4,7,7,0,7,0.0,0.7777777777777778,0.25,0.875,0.2222222222222222,1.0,3.071464267866067,3.0,2.0,6.699999999999999,0.29444444444444445,2.1,2.4000000000000004,0.2275862068965517,39.0,0.0,29.444444444444446,77.77777777777779,51.53846153846153,87.5,35.111111111111114,Medium Risk,4,Career Explorers,-0.21063488291466717,-0.1809471296815192
56,1,Travel_Rarely,441,Research & Development,14,4,Life Sciences,2,Female,72,3,1,Research Scientist,2,Married,4963,4510,9,Yes,18,3,1,3,7,2,3,5,4,4,3,0.6666666666666666,0.5,0.3333333333333333,0.5,0.125,0.2,4.958041958041958,2.6666666666666665,1.5,8.7,0.49166666666666664,2.0,1.9500000000000002,0.6948275862068967,10.8,26.666666666666668,49.166666666666664,50.0,66.92307692307692,50.0,42.66666666666667,Medium Risk,0,Fast-Track Performers,2.538896066029676,-1.0375738786010156
51,0,Travel_Rarely,684,Research & Development,6,3,Life Sciences,1,Male,51,3,5,Research Director,3,Single,19537,6462,7,No,13,3,3,0,23,5,3,20,18,15,15,0.7142857142857143,0.75,0.23809523809523808,0.7142857142857143,0.20833333333333334,0.0625,3.9066186762647472,3.0,2.0,7.6,0.5375,3.4,2.5,0.21206896551724136,2.4375,100.0,53.75,75.0,58.46153846153845,71.42857142857143,74.0,High Risk,0,Fast-Track Performers,3.516079563079702,0.16973229225692849
31,1,Travel_Rarely,249,Sales,6,4,Life Sciences,2,Male,76,1,2,Sales Executive,3,Married,6172,20739,4,Yes,18,3,2,0,12,3,2,7,7,7,7,0.875,0.5384615384615384,0.375,0.875,0.15384615384615385,0.125,3.084457771114443,2.0,2.0,9.0,0.6408653846153847,1.3,2.3,0.6120689655172414,6.75,46.666666666666664,64.08653846153847,53.84615384615385,69.23076923076923,87.5,55.78846153846154,Medium Risk,0,Fast-Track Performers,3.9939527702393782,-1.6576348734309312
26,0,Travel_Rarely,841,Research & Development,6,3,Other,3,Female,46,2,1,Research Scientist,2,Married,2368,23300,1,No,19,3,3,0,5,3,2,5,4,4,3,0.6666666666666666,0.6666666666666666,0.5,0.5,0.16666666666666666,0.2,2.3656343656343655,2.0,3.0,9.4,0.6,1.1,2.5,0.21206896551724136,11.4,26.666666666666668,60.0,66.66666666666666,72.3076923076923,50.0,52.0,Medium Risk,0,Fast-Track Performers,3.0654135830775853,-1.5928572114415018
58,1,Travel_Rarely,147,Research & Development,23,4,Medical,4,Female,94,3,3,Healthcare Representative,4,Married,10312,3465,1,No,12,3,4,1,40,3,2,40,10,15,6,0.36585365853658536,0.24390243902439024,0.07317073170731707,0.14634146341463414,0.07317073170731707,0.0625,3.4361879373542155,3.0,4.0,6.600000000000001,0.2890243902439025,2.6,3.6,0.3879310344827586,2.25,100.0,28.902439024390247,24.390243902439025,50.76923076923078,14.634146341463413,48.8780487804878,Medium Risk,0,Fast-Track Performers,1.1103410548578925,1.8852884363478852
19,1,Travel_Rarely,528,Sales,22,1,Marketing,4,Male,50,3,1,Sales Representative,3,Single,1675,26820,1,Yes,19,3,4,0,0,2,2,0,0,0,0,0.0,0.0,2.0,0.0,1.0,1.0,1.6733266733266734,2.6666666666666665,4.0,9.100000000000001,0.13333333333333336,1.4,3.3,0.7775862068965518,57.0,0.0,13.333333333333336,0.0,70.0,0.0,5.333333333333335,Low Risk,2,High-Risk Stagnation,-4.033980864801258,0.7032558866994353
22,0,Travel_Rarely,594,Research & Development,2,1,Technical Degree,3,Male,100,3,1,Laboratory Technician,4,Married,2523,19299,0,No,14,3,3,1,3,2,3,2,1,2,1,0.6666666666666666,0.25,0.6666666666666666,0.3333333333333333,0.25,0.3333333333333333,2.5204795204795203,3.3333333333333335,3.0,7.1,0.36249999999999993,1.5999999999999999,3.3000000000000003,0.1706896551724138,14.0,13.333333333333334,36.24999999999999,25.0,54.61538461538461,33.33333333333333,26.0,Low Risk,0,Fast-Track Performers,1.1911998698790953,1.7396647976383948
49,0,Travel_Rarely,470,Research & Development,20,4,Medical,3,Female,96,3,2,Manufacturing Director,1,Married,6567,5549,1,No,14,3,3,0,16,2,2,15,11,5,11,0.3125,0.6470588235294118,0.125,0.6875,0.11764705882352941,0.16666666666666666,3.2818590704647677,2.0,3.0,7.1,0.47113970588235293,1.9,2.2,0.3568965517241379,7.0,33.33333333333333,47.11397058823529,64.70588235294117,54.61538461538461,68.75,48.257352941176464,Medium Risk,0,Fast-Track Performers,2.529937354096125,-1.6100843820943354
43,0,Travel_Frequently,957,Research & Development,28,3,Medical,2,Female,72,4,1,Research Scientist,3,Single,4739,16090,4,No,12,3,4,0,18,2,3,3,2,1,2,0.25,0.10526315789473684,0.5,0.5,0.05263157894736842,0.5,4.734265734265734,3.3333333333333335,3.0,6.300000000000001,0.18048245614035086,1.7,3.0,0.5896551724137931,18.0,6.666666666666667,18.048245614035086,10.526315789473683,48.46153846153847,50.0,12.377192982456139,Low Risk,3,Stable Contributors,-0.120455677254513,1.575951109219357
50,0,Travel_Frequently,809,Sales,12,3,Marketing,3,Female,77,3,3,Sales Executive,4,Single,9208,6645,4,No,11,3,4,0,16,3,3,2,2,2,1,0.6666666666666666,0.11764705882352941,1.0,0.3333333333333333,0.17647058823529413,0.3333333333333333,3.068310563145618,3.3333333333333335,3.5,6.200000000000001,0.3294117647058823,2.4,3.5500000000000003,0.4241379310344827,11.0,13.333333333333334,32.94117647058823,11.76470588235294,47.6923076923077,33.33333333333333,20.705882352941174,Low Risk,0,Fast-Track Performers,1.1059295849641664,2.2392878014756885
31,1,Travel_Rarely,542,Sales,20,3,Life Sciences,2,Female,71,1,2,Sales Executive,3,Married,4559,24788,3,Yes,11,3,3,1,4,2,3,2,2,2,2,0.6666666666666666,0.4,0.6666666666666666,0.6666666666666666,0.4,0.3333333333333333,2.2783608195902048,2.3333333333333335,2.5,5.9,0.5,1.5,2.75,0.756896551724138,11.0,13.333333333333334,50.0,40.0,45.38461538461539,66.66666666666666,36.0,Medium Risk,0,Fast-Track Performers,2.2319788769205027,-0.20736243965551285
41,0,Travel_Rarely,802,Sales,9,1,Life Sciences,3,Male,96,3,3,Sales Executive,3,Divorced,8189,21196,3,Yes,13,3,3,1,12,2,3,9,7,0,7,0.0,0.5384615384615384,0.2,0.7,0.23076923076923078,1.0,2.728757080973009,3.0,3.0,6.699999999999999,0.23461538461538461,2.6,3.0,0.6431034482758621,39.0,0.0,23.46153846153846,53.84615384615385,51.53846153846153,70.0,25.53846153846154,Low Risk,3,Stable Contributors,-0.9198121786947085,0.7611940643478027
26,0,Travel_Rarely,1355,Human Resources,25,1,Life Sciences,3,Female,61,3,1,Human Resources,3,Married,2942,8916,1,No,23,4,4,1,8,3,3,8,7,5,7,0.5555555555555556,0.7777777777777778,0.3333333333333333,0.7777777777777778,0.1111111111111111,0.16666666666666666,2.9390609390609392,3.0,3.5,11.3,0.48888888888888893,1.5999999999999999,3.25,0.4086206896551724,15.333333333333334,33.33333333333333,48.88888888888889,77.77777777777779,86.92307692307692,77.77777777777779,52.88888888888889,Medium Risk,0,Fast-Track Performers,2.6715032511293244,0.7676871517108437
36,0,Travel_Rarely,216,Research & Development,6,2,Medical,2,Male,84,3,2,Manufacturing Director,2,Divorced,4941,2819,6,No,20,4,4,2,7,0,3,3,2,0,1,0.0,0.25,0.0,0.25,0.25,1.0,2.469265367316342,2.6666666666666665,3.0,9.2,0.19583333333333336,2.3,2.7,0.21206896551724136,80.0,0.0,19.583333333333336,25.0,70.76923076923076,25.0,15.333333333333336,Low Risk,1,Promotion-Stalled,-2.7307118484808313,-0.6583128026479951
51,1,Travel_Frequently,1150,Research & Development,8,4,Life Sciences,1,Male,53,1,3,Manufacturing Director,4,Single,10650,25150,2,No,15,3,4,0,18,2,3,4,2,0,3,0.0,0.10526315789473684,0.4,0.6,0.15789473684210525,1.0,3.5488170609796734,2.6666666666666665,2.5,7.5,0.15964912280701757,1.8,3.0500000000000003,0.38275862068965516,45.0,0.0,15.964912280701757,10.526315789473683,57.692307692307686,60.0,9.543859649122808,Low Risk,3,Stable Contributors,-1.806729772876405,0.24861075055173573
39,0,Travel_Rarely,1329,Sales,4,4,Life Sciences,4,Female,47,2,2,Sales Executive,3,Married,5902,14590,4,No,14,3,3,1,17,1,4,15,11,5,9,0.3125,0.6111111111111112,0.0625,0.5625,0.1111111111111111,0.16666666666666666,2.9495252373813092,3.0,3.5,6.800000000000001,0.36215277777777777,1.8,3.45,0.19137931034482758,7.0,33.33333333333333,36.21527777777778,61.111111111111114,52.307692307692314,56.25,42.81944444444444,Medium Risk,0,Fast-Track Performers,1.8341588507528368,1.4958108692130159
25,0,Travel_Rarely,959,Sales,28,3,Life Sciences,1,Male,41,2,2,Sales Executive,3,Married,8639,24835,2,No,18,3,4,0,6,3,3,2,2,2,2,0.6666666666666666,0.2857142857142857,1.0,0.6666666666666666,0.2857142857142857,0.3333333333333333,4.317341329335332,2.6666666666666665,2.5,9.0,0.4380952380952381,1.6,2.75,0.43965517241379315,18.0,13.333333333333334,43.80952380952381,28.57142857142857,69.23076923076923,66.66666666666666,30.095238095238095,Low Risk,0,Fast-Track Performers,1.6927697987844967,-0.0767872837681784
30,0,Travel_Rarely,1240,Human Resources,9,3,Human Resources,3,Male,48,3,2,Human Resources,4,Married,6347,13982,0,Yes,19,3,4,0,12,2,1,11,9,4,7,0.3333333333333333,0.6923076923076923,0.16666666666666666,0.5833333333333334,0.15384615384615385,0.2,3.1719140429785107,2.6666666666666665,3.5,9.100000000000001,0.4230769230769231,1.9,3.1500000000000004,0.6431034482758621,11.4,26.666666666666668,42.30769230769231,69.23076923076923,70.0,58.333333333333336,45.69230769230769,Medium Risk,0,Fast-Track Performers,1.927856240317237,0.4793723017864568
32,1,Travel_Rarely,1033,Research & Development,9,3,Medical,1,Female,41,3,1,Laboratory Technician,1,Single,4200,10224,7,No,22,4,1,0,10,2,4,5,4,0,4,0.0,0.36363636363636365,0.3333333333333333,0.6666666666666666,0.09090909090909091,1.0,4.195804195804196,2.6666666666666665,1.0,10.6,0.22424242424242427,1.4,1.6,0.24310344827586206,88.0,0.0,22.424242424242426,36.36363636363637,81.53846153846153,66.66666666666666,19.878787878787882,Low Risk,1,Promotion-Stalled,-2.065093430119456,-2.276727363956551
45,0,Travel_Rarely,1316,Research & Development,29,3,Medical,3,Male,83,3,1,Research Scientist,4,Single,3452,9752,5,No,13,3,2,0,9,2,2,6,5,0,3,0.0,0.5,0.2857142857142857,0.42857142857142855,0.1,1.0,3.4485514485514486,3.0,2.5,6.699999999999999,0.225,1.4,2.85,0.44999999999999996,39.0,0.0,22.5,50.0,51.53846153846153,42.857142857142854,24.0,Low Risk,3,Stable Contributors,-1.082668233160619,0.48042184648480324
38,0,Travel_Rarely,364,Research & Development,3,5,Technical Degree,4,Female,32,3,2,Research Scientist,3,Single,4317,2302,3,Yes,20,4,2,0,19,2,3,3,2,2,2,0.5,0.1,0.5,0.5,0.1,0.3333333333333333,2.157421289355322,3.0,3.0,9.799999999999999,0.3,1.9,3.0,0.5810344827586207,26.666666666666668,13.333333333333334,30.0,10.0,75.38461538461537,50.0,19.0,Low Risk,0,Fast-Track Performers,0.5313422765572546,0.708370547318356
30,0,Travel_Rarely,438,Research & Development,18,3,Life Sciences,1,Female,75,3,1,Research Scientist,3,Single,2632,23910,1,No,14,3,3,0,5,4,2,5,4,0,4,0.0,0.6666666666666666,0.6666666666666666,0.6666666666666666,0.16666666666666666,1.0,2.629370629370629,2.6666666666666665,2.0,7.700000000000001,0.30000000000000004,1.4,2.3,0.33620689655172414,42.0,0.0,30.000000000000004,66.66666666666666,59.23076923076924,66.66666666666666,32.0,Low Risk,4,Career Explorers,-0.5247200827738077,-0.883710407641796
32,0,Travel_Frequently,689,Sales,9,2,Medical,4,Male,35,1,2,Sales Executive,4,Divorced,4668,22812,0,No,17,3,4,3,9,2,4,8,7,0,7,0.0,0.7,0.2222222222222222,0.7777777777777778,0.2,1.0,2.3328335832083957,3.0,4.0,8.3,0.275,1.9000000000000001,4.0,0.3931034482758621,51.0,0.0,27.500000000000004,70.0,63.846153846153854,77.77777777777779,32.0,Low Risk,3,Stable Contributors,-0.8459605293784573,1.6955069778231358
30,0,Travel_Rarely,201,Research & Development,5,3,Technical Degree,4,Female,84,3,1,Research Scientist,1,Divorced,3204,10415,5,No,14,3,4,1,8,3,3,3,2,2,2,0.5,0.2222222222222222,0.75,0.5,0.1111111111111111,0.3333333333333333,3.2007992007992008,2.3333333333333335,4.0,7.4,0.3972222222222222,1.5999999999999999,2.9,0.20172413793103447,14.0,13.333333333333334,39.72222222222222,22.22222222222222,56.92307692307692,50.0,26.555555555555557,Low Risk,0,Fast-Track Performers,1.4685018202634401,-0.2960899270197418
30,0,Travel_Rarely,1427,Research & Development,2,1,Medical,2,Male,35,2,1,Laboratory Technician,4,Single,2720,11162,0,No,13,3,4,0,6,3,3,5,3,1,2,0.16666666666666666,0.42857142857142855,0.5,0.3333333333333333,0.14285714285714285,0.5,2.717282717282717,3.0,3.0,7.0,0.2654761904761905,1.1,3.3000000000000003,0.1706896551724138,19.5,6.666666666666667,26.547619047619047,42.857142857142854,53.84615384615385,33.33333333333333,25.476190476190474,Low Risk,3,Stable Contributors,0.10059626391418806,1.2045940636517847
41,0,Travel_Frequently,857,Research & Development,10,3,Life Sciences,4,Male,91,2,4,Manager,1,Divorced,17181,12888,4,No,13,3,2,1,21,2,2,7,6,7,7,0.875,0.2727272727272727,0.25,0.875,0.18181818181818182,0.125,4.294176455886029,1.6666666666666667,3.0,6.699999999999999,0.6077651515151514,2.8000000000000003,2.2,0.40344827586206894,4.875,46.666666666666664,60.77651515151514,27.27272727272727,51.53846153846153,87.5,46.492424242424235,Medium Risk,0,Fast-Track Performers,3.7459412206180223,-2.0599900030340628
41,0,Travel_Rarely,933,Research & Development,9,4,Life Sciences,3,Male,94,3,1,Laboratory Technician,1,Married,2238,6961,2,No,21,4,4,1,7,2,3,5,0,1,4,0.16666666666666666,0.0,0.3333333333333333,0.6666666666666666,0.125,0.5,2.2357642357642358,2.3333333333333335,3.5,10.2,0.22499999999999998,1.5999999999999999,2.65,0.24310344827586206,42.0,6.666666666666667,22.499999999999996,0.0,78.46153846153847,66.66666666666666,10.999999999999998,Low Risk,1,Promotion-Stalled,-0.6958601575446178,-0.8929475191185128
19,0,Travel_Rarely,1181,Research & Development,3,1,Medical,2,Female,79,3,1,Laboratory Technician,2,Single,1483,16102,1,No,14,3,4,0,1,3,3,1,0,0,0,0.0,0.0,1.5,0.0,0.5,1.0,1.4815184815184814,2.6666666666666665,3.0,7.4,0.13333333333333336,1.4,2.7,0.1810344827586207,42.0,0.0,13.333333333333336,0.0,56.92307692307692,0.0,5.333333333333335,Low Risk,2,High-Risk Stagnation,-2.9586397562536604,-0.11919893776021921
40,0,Travel_Frequently,1395,Research & Development,26,3,Medical,2,Female,54,3,2,Research Scientist,2,Divorced,5605,8504,1,No,11,3,1,1,20,2,3,20,7,2,13,0.09523809523809523,0.3333333333333333,0.09523809523809523,0.6190476190476191,0.09523809523809523,0.3333333333333333,2.8010994502748625,2.6666666666666665,1.5,5.9,0.25,2.1,1.9500000000000002,0.5689655172413792,11.0,13.333333333333334,25.0,33.33333333333333,45.38461538461539,61.904761904761905,24.0,Low Risk,4,Career Explorers,0.7042499654946011,-0.6726544997322371
35,0,Travel_Rarely,662,Sales,1,5,Marketing,3,Male,94,3,3,Sales Executive,2,Married,7295,11439,1,No,13,3,1,2,10,3,3,10,8,0,6,0.0,0.7272727272727273,0.2727272727272727,0.5454545454545454,0.2727272727272727,1.0,2.4308563812062647,2.6666666666666665,2.0,7.0,0.3151515151515152,2.8,2.2,0.16034482758620688,39.0,0.0,31.51515151515152,72.72727272727273,53.84615384615385,54.54545454545454,34.42424242424243,Medium Risk,4,Career Explorers,-0.5497716174101874,-0.9748072695447852
53,0,Travel_Rarely,1436,Sales,6,2,Marketing,2,Male,34,3,2,Sales Representative,3,Married,2306,16047,2,Yes,20,4,4,1,13,3,1,7,7,4,5,0.5,0.5,0.375,0.625,0.14285714285714285,0.2,1.152423788105947,2.3333333333333335,3.0,10.1,0.4666666666666667,2.1,2.6,0.6120689655172414,16.0,26.666666666666668,46.666666666666664,50.0,77.6923076923077,62.5,41.66666666666667,Medium Risk,0,Fast-Track Performers,2.106692403434885,-0.8381082322037332
45,0,Travel_Rarely,194,Research & Development,9,3,Life Sciences,2,Male,60,3,2,Laboratory Technician,2,Divorced,2348,10901,8,No,18,3,3,1,20,2,1,17,9,0,15,0.0,0.42857142857142855,0.1111111111111111,0.8333333333333334,0.09523809523809523,1.0,1.1734132933533232,2.0,2.5,8.7,0.30714285714285716,2.1,2.0500000000000003,0.24310344827586206,54.0,0.0,30.714285714285715,42.857142857142854,66.92307692307692,83.33333333333334,25.142857142857142,Low Risk,4,Career Explorers,-0.7191828312460745,-2.35021077682646
32,0,Travel_Frequently,967,Sales,8,3,Marketing,2,Female,43,3,3,Sales Executive,4,Single,8998,15589,1,No,14,3,4,0,9,2,3,9,8,3,7,0.3,0.8,0.2,0.7,0.3,0.25,2.9983338887037654,3.3333333333333335,3.0,7.1,0.37166666666666665,2.4,3.3000000000000003,0.38275862068965516,10.5,20.0,37.166666666666664,80.0,54.61538461538461,70.0,44.86666666666667,Medium Risk,0,Fast-Track Performers,1.7286930374004175,1.8019672803230096
29,0,Non-Travel,1496,Research & Development,1,1,Technical Degree,4,Male,41,3,2,Manufacturing Director,3,Married,4319,26283,1,No,13,3,1,1,10,1,3,10,7,0,9,0.0,0.6363636363636364,0.09090909090909091,0.8181818181818182,0.18181818181818182,1.0,2.1584207896051972,3.0,2.5,6.4,0.2590909090909091,2.1,2.75,0.010344827586206896,39.0,0.0,25.90909090909091,63.63636363636363,49.23076923076923,81.81818181818183,29.454545454545453,Low Risk,3,Stable Contributors,-0.49814937007345894,0.26038663722404287
51,0,Travel_Rarely,1169,Research & Development,7,4,Medical,2,Male,34,2,2,Manufacturing Director,3,Married,6132,13983,2,No,17,3,3,0,10,2,3,1,0,0,0,0.0,0.0,1.0,0.0,0.18181818181818182,1.0,3.0644677661169415,2.6666666666666665,2.5,8.3,0.13333333333333336,1.6,2.75,0.22241379310344828,51.0,0.0,13.333333333333336,0.0,63.846153846153854,0.0,5.333333333333335,Low Risk,2,High-Risk Stagnation,-2.779388705551898,-0.27122927733370694
58,0,Travel_Rarely,1145,Research & Development,9,3,Medical,2,Female,75,2,1,Research Scientist,2,Married,3346,11873,4,Yes,20,4,2,1,9,3,2,1,0,0,0,0.0,0.0,1.5,0.0,0.1,1.0,3.3426573426573425,2.0,2.0,10.1,0.2,1.3,2.0,0.6431034482758621,80.0,0.0,20.0,0.0,77.6923076923077,0.0,8.0,Low Risk,1,Promotion-Stalled,-3.0033582281492284,-2.5050924084488373
40,0,Travel_Rarely,630,Sales,4,4,Marketing,3,Male,67,2,3,Sales Executive,4,Married,10855,8552,7,No,11,3,1,1,15,2,2,12,11,2,11,0.15384615384615385,0.6875,0.15384615384615385,0.8461538461538461,0.1875,0.3333333333333333,3.6171276241252914,2.6666666666666665,2.0,5.9,0.3590544871794872,2.3000000000000003,2.6,0.19137931034482758,11.0,13.333333333333334,35.905448717948715,68.75,45.38461538461539,84.61538461538461,38.98717948717949,Medium Risk,4,Career Explorers,1.6685706809254386,-0.038379477506920966
34,0,Travel_Frequently,303,Sales,2,4,Marketing,3,Female,75,3,1,Sales Representative,3,Married,2231,11314,6,No,18,3,4,1,6,3,3,4,3,1,2,0.2,0.42857142857142855,0.6,0.4,0.14285714285714285,0.5,2.2287712287712287,3.0,3.5,9.0,0.27714285714285714,1.5999999999999999,3.25,0.32068965517241377,27.0,6.666666666666667,27.714285714285715,42.857142857142854,69.23076923076923,40.0,25.942857142857143,Low Risk,3,Stable Contributors,0.0032453910979496686,0.9609707068923636
22,0,Travel_Rarely,1256,Research & Development,19,1,Medical,3,Male,80,3,1,Research Scientist,4,Married,2323,11992,1,No,24,4,1,2,2,6,3,2,2,2,2,0.6666666666666666,0.6666666666666666,2.0,0.6666666666666666,0.3333333333333333,0.3333333333333333,2.3206793206793206,3.3333333333333335,2.0,12.600000000000001,0.4666666666666666,1.7999999999999998,2.8000000000000003,0.346551724137931,32.0,13.333333333333334,46.666666666666664,66.66666666666666,96.92307692307693,66.66666666666666,42.666666666666664,Medium Risk,0,Fast-Track Performers,1.623698430653902,0.48916052741563903
27,0,Non-Travel,691,Research & Development,9,3,Medical,4,Male,57,3,1,Research Scientist,2,Divorced,2024,5970,6,No,18,3,4,1,6,1,1,2,2,2,2,0.6666666666666666,0.2857142857142857,0.3333333333333333,0.6666666666666666,0.14285714285714285,0.3333333333333333,2.021978021978022,2.0,4.0,8.4,0.5047619047619047,1.5999999999999999,2.8000000000000003,0.09310344827586207,18.0,13.333333333333334,50.476190476190474,28.57142857142857,64.61538461538461,66.66666666666666,32.76190476190476,Low Risk,0,Fast-Track Performers,2.2238722465783187,-1.1211845483342306
28,0,Travel_Rarely,440,Research & Development,21,3,Medical,3,Male,42,3,1,Research Scientist,4,Married,2713,6672,1,No,11,3,3,1,5,2,1,5,2,0,2,0.0,0.3333333333333333,0.3333333333333333,0.3333333333333333,0.16666666666666666,1.0,2.71028971028971,2.6666666666666665,3.0,5.9,0.21666666666666667,1.5999999999999999,2.9000000000000004,0.36724137931034484,33.0,0.0,21.666666666666668,33.33333333333333,45.38461538461539,33.33333333333333,18.666666666666664,Low Risk,3,Stable Contributors,-1.284270952320381,0.18381670285520665
57,0,Travel_Rarely,334,Research & Development,24,2,Life Sciences,3,Male,83,4,3,Healthcare Representative,4,Divorced,9439,23402,3,Yes,16,3,2,1,12,2,1,5,3,1,4,0.16666666666666666,0.23076923076923078,0.3333333333333333,0.6666666666666666,0.23076923076923078,0.5,3.145284905031656,3.0,2.5,7.9,0.21602564102564104,2.9000000000000004,2.6500000000000004,0.7982758620689656,24.0,6.666666666666667,21.602564102564102,23.076923076923077,60.769230769230774,66.66666666666666,17.564102564102562,Low Risk,3,Stable Contributors,-0.20650268929263796,0.5466496278017201
27,0,Non-Travel,1450,Research & Development,3,3,Medical,3,Male,79,2,1,Research Scientist,3,Divorced,2566,25326,1,Yes,15,3,4,1,1,2,2,1,1,0,1,0.0,0.5,1.0,0.5,0.5,1.0,2.5634365634365635,2.3333333333333335,3.5,7.5,0.29166666666666663,1.3,3.05,0.4310344827586207,45.0,0.0,29.166666666666664,50.0,57.692307692307686,50.0,26.666666666666664,Low Risk,2,High-Risk Stagnation,-1.3891018570128582,-0.2821462081112613
50,0,Travel_Rarely,1452,Research & Development,11,3,Life Sciences,3,Female,53,3,5,Manager,2,Single,19926,17053,3,No,15,3,2,0,21,5,3,5,4,4,4,0.6666666666666666,0.18181818181818182,0.8333333333333334,0.6666666666666666,0.22727272727272727,0.2,3.984403119376125,2.6666666666666665,2.5,8.4,0.4121212121212121,3.4,2.45,0.26379310344827583,9.0,26.666666666666668,41.21212121212121,18.181818181818183,64.61538461538461,66.66666666666666,29.939393939393938,Low Risk,0,Fast-Track Performers,1.9601418744099597,-0.3421757843355977
41,0,Travel_Rarely,465,Research & Development,14,3,Life Sciences,1,Male,56,3,1,Research Scientist,3,Divorced,2451,4609,4,No,12,3,1,1,13,2,3,9,8,1,8,0.1,0.5714285714285714,0.2,0.8,0.07142857142857142,0.5,2.4485514485514486,3.0,1.0,6.300000000000001,0.27785714285714286,1.5999999999999999,2.0,0.29482758620689653,18.0,6.666666666666667,27.785714285714285,57.14285714285714,48.46153846153847,80.0,30.257142857142856,Low Risk,4,Career Explorers,0.8813172894273109,-0.3700727247802452
30,0,Travel_Rarely,1339,Sales,5,3,Life Sciences,2,Female,41,3,3,Sales Executive,4,Married,9419,8053,2,No,12,3,3,1,12,2,3,10,9,7,4,0.6363636363636364,0.6923076923076923,0.18181818181818182,0.36363636363636365,0.23076923076923078,0.125,3.1386204598467176,3.3333333333333335,2.5,6.300000000000001,0.46247086247086244,2.6,3.0500000000000003,0.20172413793103447,4.5,46.666666666666664,46.247086247086244,69.23076923076923,48.46153846153847,36.36363636363637,53.268065268065264,Medium Risk,0,Fast-Track Performers,2.571264746678729,1.4804903629481119
38,0,Travel_Rarely,702,Sales,1,4,Life Sciences,1,Female,59,2,2,Sales Executive,4,Single,8686,12930,4,No,22,4,3,0,12,2,4,8,3,0,7,0.0,0.23076923076923078,0.2222222222222222,0.7777777777777778,0.15384615384615385,1.0,4.340829585207397,3.3333333333333335,2.0,10.6,0.12435897435897435,1.6,3.0,0.16034482758620688,88.0,0.0,12.435897435897434,23.076923076923077,81.53846153846153,77.77777777777779,11.897435897435898,Low Risk,1,Promotion-Stalled,-2.687826085807271,0.568091680928198
32,0,Travel_Rarely,120,Research & Development,6,5,Life Sciences,3,Male,43,3,1,Research Scientist,3,Single,3038,12430,3,No,20,4,1,0,8,2,3,5,4,1,4,0.16666666666666666,0.4444444444444444,0.3333333333333333,0.6666666666666666,0.1111111111111111,0.5,3.034965034965035,3.0,2.0,9.799999999999999,0.26944444444444443,1.4,2.5,0.21206896551724136,40.0,6.666666666666667,26.944444444444443,44.44444444444444,75.38461538461537,66.66666666666666,26.11111111111111,Low Risk,3,Stable Contributors,-0.015177615969229537,-0.1668640535829692
27,0,Travel_Rarely,1157,Research & Development,17,3,Technical Degree,3,Male,51,3,1,Research Scientist,2,Married,3058,13364,0,Yes,16,3,4,1,6,3,2,5,2,1,1,0.16666666666666666,0.2857142857142857,0.5,0.16666666666666666,0.14285714285714285,0.5,3.0549450549450547,2.3333333333333335,3.5,8.200000000000001,0.2964285714285714,1.5999999999999999,2.75,0.7258620689655173,24.0,6.666666666666667,29.64285714285714,28.57142857142857,63.07692307692309,16.666666666666664,22.428571428571427,Low Risk,4,Career Explorers,-0.18135203631758226,-0.46089094187140683
19,1,Travel_Frequently,602,Sales,1,1,Technical Degree,3,Female,100,1,1,Sales Representative,1,Single,2325,20989,0,No,21,4,1,0,1,5,4,0,0,0,0,0.0,0.0,5.0,0.0,0.5,1.0,2.3226773226773227,2.0,2.0,11.1,0.2,0.8,2.1,0.3103448275862069,84.0,0.0,20.0,0.0,85.38461538461539,0.0,8.0,Low Risk,1,Promotion-Stalled,-3.647747374782554,-2.4608605845332003
36,0,Travel_Frequently,1480,Research & Development,3,2,Medical,4,Male,30,3,1,Laboratory Technician,2,Single,2088,15062,4,No,12,3,3,0,13,3,2,8,7,7,2,0.7777777777777778,0.5,0.3333333333333333,0.2222222222222222,0.07142857142857142,0.125,2.085914085914086,2.3333333333333335,3.5,6.600000000000001,0.5638888888888889,1.4,2.75,0.3310344827586207,4.5,46.666666666666664,56.388888888888886,50.0,50.76923076923078,22.22222222222222,51.55555555555556,Medium Risk,0,Fast-Track Performers,3.110595349440799,-0.45621192532774124
30,0,Non-Travel,111,Research & Development,9,3,Medical,3,Male,66,3,2,Laboratory Technician,1,Divorced,3072,11012,1,No,11,3,3,2,12,4,3,12,9,6,10,0.46153846153846156,0.6923076923076923,0.3076923076923077,0.7692307692307693,0.15384615384615385,0.14285714285714285,1.535232383808096,2.3333333333333335,3.0,6.5,0.5012820512820513,2.3,2.4000000000000004,0.09310344827586207,4.714285714285714,40.0,50.128205128205124,69.23076923076923,50.0,76.92307692307693,52.82051282051282,Medium Risk,0,Fast-Track Performers,3.0299809981136256,-0.8848840200953151
45,0,Travel_Rarely,1268,Sales,4,2,Life Sciences,3,Female,30,3,2,Sales Executive,1,Divorced,5006,6319,4,Yes,11,3,1,1,9,3,4,5,4,0,3,0.0,0.4,0.5,0.5,0.2,1.0,2.5017491254372812,2.6666666666666665,2.0,6.200000000000001,0.23333333333333336,2.1,2.1,0.5913793103448276,33.0,0.0,23.333333333333336,40.0,47.6923076923077,50.0,21.333333333333336,Low Risk,4,Career Explorers,-1.008620528749766,-0.79999519489484
56,0,Travel_Rarely,713,Research & Development,8,3,Life Sciences,3,Female,67,3,1,Research Scientist,1,Divorced,4257,13939,4,Yes,18,3,3,1,19,3,3,2,2,2,2,0.6666666666666666,0.1,1.0,0.6666666666666666,0.05,0.3333333333333333,4.252747252747253,2.3333333333333335,3.0,9.0,0.42499999999999993,1.5999999999999999,2.4000000000000004,0.6327586206896552,18.0,13.333333333333334,42.49999999999999,10.0,69.23076923076923,66.66666666666666,23.999999999999996,Low Risk,0,Fast-Track Performers,1.7869244569869802,-0.9902351600746627
33,0,Travel_Rarely,134,Research & Development,2,3,Life Sciences,3,Male,90,3,1,Research Scientist,4,Single,2500,10515,0,No,14,3,1,0,4,2,4,3,1,0,2,0.0,0.2,0.5,0.5,0.2,1.0,2.4975024975024973,3.6666666666666665,2.0,7.1,0.08333333333333334,1.4,3.0,0.1706896551724138,42.0,0.0,8.333333333333334,20.0,54.61538461538461,50.0,9.333333333333334,Low Risk,3,Stable Contributors,-2.141546361793644,1.6939100658999475
19,1,Travel_Rarely,303,Research & Development,2,3,Life Sciences,2,Male,47,2,1,Laboratory Technician,4,Single,1102,9241,1,No,22,4,3,0,1,3,2,1,0,1,0,0.5,0.0,1.5,0.0,0.5,0.5,1.100899100899101,2.6666666666666665,2.5,10.9,0.30833333333333335,1.1,2.85,0.1706896551724138,44.0,6.666666666666667,30.833333333333336,0.0,83.84615384615385,0.0,14.333333333333336,Low Risk,2,High-Risk Stagnation,-1.1195159112762583,-0.23494396791888675
46,0,Travel_Rarely,526,Sales,1,2,Marketing,2,Female,92,3,3,Sales Executive,1,Divorced,10453,2137,1,No,25,4,3,3,24,2,3,24,13,15,7,0.6,0.52,0.08,0.28,0.12,0.0625,3.483172275908031,2.3333333333333335,2.5,11.799999999999999,0.5066666666666666,3.0,2.1500000000000004,0.16034482758620688,6.25,100.0,50.66666666666666,52.0,90.76923076923076,28.000000000000004,65.86666666666666,Medium Risk,0,Fast-Track Performers,2.436661356482631,-1.621694134651512
38,0,Travel_Rarely,1380,Research & Development,9,2,Life Sciences,3,Female,75,3,1,Laboratory Technician,4,Single,2288,6319,1,No,12,3,3,0,2,3,3,2,2,2,1,0.6666666666666666,0.6666666666666666,1.0,0.3333333333333333,0.3333333333333333,0.3333333333333333,2.2857142857142856,3.3333333333333335,3.0,6.600000000000001,0.4666666666666666,1.4,3.3000000000000003,0.24310344827586206,12.0,13.333333333333334,46.666666666666664,66.66666666666666,50.76923076923078,33.33333333333333,42.666666666666664,Medium Risk,0,Fast-Track Performers,1.9949141210771122,1.7052543438856682
31,0,Travel_Rarely,140,Research & Development,12,1,Medical,3,Female,95,3,1,Research Scientist,4,Married,3929,6984,8,Yes,23,4,3,1,7,0,3,4,2,0,2,0.0,0.25,0.0,0.4,0.125,1.0,3.925074925074925,3.3333333333333335,3.0,10.4,0.12916666666666665,1.5999999999999999,3.3000000000000003,0.6741379310344828,92.0,0.0,12.916666666666664,25.0,80.0,40.0,12.666666666666666,Low Risk,1,Promotion-Stalled,-3.076377841389294,1.04124721057526
34,0,Travel_Rarely,629,Research & Development,27,2,Medical,4,Female,95,3,1,Research Scientist,2,Single,2311,5711,2,No,15,3,4,0,9,3,3,3,2,1,2,0.25,0.2,0.75,0.5,0.1,0.5,2.3086913086913086,2.6666666666666665,4.0,7.800000000000001,0.27083333333333337,1.4,3.2,0.42931034482758623,22.5,6.666666666666667,27.083333333333336,20.0,60.00000000000001,50.0,18.833333333333336,Low Risk,3,Stable Contributors,0.14313474895234735,0.5945912044161161
41,1,Travel_Rarely,1356,Sales,20,2,Marketing,2,Female,70,3,1,Sales Representative,2,Single,3140,21728,1,Yes,22,4,4,0,4,5,2,4,3,0,2,0.0,0.6,1.0,0.4,0.2,1.0,3.136863136863137,2.3333333333333335,3.0,11.5,0.31666666666666665,1.4,2.5,0.756896551724138,88.0,0.0,31.666666666666664,60.0,88.46153846153845,40.0,30.666666666666664,Low Risk,1,Promotion-Stalled,-1.9400371391078703,-1.638604948272847
50,0,Travel_Rarely,328,Research & Development,1,3,Medical,3,Male,86,2,1,Laboratory Technician,3,Married,3690,3425,2,No,15,3,4,1,5,2,2,3,2,0,2,0.0,0.3333333333333333,0.5,0.5,0.16666666666666666,1.0,3.6863136863136865,2.3333333333333335,3.5,7.5,0.25,1.3,3.05,0.16034482758620688,45.0,0.0,25.0,33.33333333333333,57.692307692307686,50.0,20.0,Low Risk,3,Stable Contributors,-1.2928364764609053,-0.3970220471988385
53,0,Travel_Rarely,1084,Research & Development,13,2,Medical,4,Female,57,4,2,Manufacturing Director,1,Divorced,4450,26250,1,No,11,3,3,2,5,3,3,4,2,1,3,0.2,0.3333333333333333,0.6,0.6,0.3333333333333333,0.5,2.2238880559720138,2.6666666666666665,3.5,6.200000000000001,0.2866666666666667,2.6,2.65,0.2844827586206896,16.5,6.666666666666667,28.666666666666668,33.33333333333333,47.6923076923077,60.0,23.46666666666667,Low Risk,4,Career Explorers,0.3068269759174404,0.0723976684790428
33,0,Travel_Rarely,931,Research & Development,14,3,Medical,4,Female,72,3,1,Research Scientist,2,Married,2756,4673,1,No,13,3,4,1,8,5,3,8,7,1,6,0.1111111111111111,0.7777777777777778,0.5555555555555556,0.6666666666666666,0.1111111111111111,0.5,2.7532467532467533,2.6666666666666665,4.0,7.6,0.3666666666666667,1.5999999999999999,3.2,0.29482758620689653,19.5,6.666666666666667,36.66666666666667,77.77777777777779,58.46153846153845,66.66666666666666,40.00000000000001,Medium Risk,3,Stable Contributors,1.1416857082565488,0.4625272870972492
40,0,Travel_Rarely,989,Research & Development,4,1,Medical,4,Female,46,3,5,Manager,3,Married,19033,6499,1,No,14,3,2,1,21,2,3,20,8,9,9,0.42857142857142855,0.36363636363636365,0.09523809523809523,0.42857142857142855,0.22727272727272727,0.1,3.8058388322335532,3.0,3.0,7.1,0.34090909090909094,3.6,3.0,0.19137931034482758,4.2,60.0,34.09090909090909,36.36363636363637,54.61538461538461,42.857142857142854,42.54545454545455,Medium Risk,0,Fast-Track Performers,1.531703694422839,1.0100399411438825
55,0,Travel_Rarely,692,Research & Development,14,4,Medical,3,Male,61,4,5,Research Director,2,Single,18722,13339,8,No,11,3,4,0,36,3,3,24,15,2,15,0.08,0.40540540540540543,0.12,0.6,0.13513513513513514,0.3333333333333333,3.7436512697460507,3.0,3.5,6.200000000000001,0.22935135135135135,3.7,2.95,0.29482758620689653,11.0,13.333333333333334,22.935135135135134,40.54054054054054,47.6923076923077,60.0,25.336216216216215,Low Risk,3,Stable Contributors,0.5202596390239795,1.003397218398991
34,0,Travel_Frequently,1069,Research & Development,2,1,Life Sciences,4,Male,45,2,2,Manufacturing Director,3,Married,9547,14074,1,No,17,3,3,0,10,2,2,10,9,1,9,0.09090909090909091,0.8181818181818182,0.18181818181818182,0.8181818181818182,0.18181818181818182,0.5,4.771114442778611,2.3333333333333335,3.5,8.3,0.40303030303030307,1.6,3.05,0.32068965517241377,25.5,6.666666666666667,40.303030303030305,81.81818181818183,63.846153846153854,81.81818181818183,42.66666666666667,Medium Risk,4,Career Explorers,1.229129506063299,-0.3104416329789782
51,0,Travel_Rarely,313,Research & Development,3,3,Medical,4,Female,98,3,4,Healthcare Representative,2,Single,13734,7192,3,No,18,3,3,0,21,6,3,7,7,1,0,0.125,0.3181818181818182,0.75,0.0,0.18181818181818182,0.5,3.432641839540115,2.6666666666666665,3.5,9.9,0.2566287878787879,2.9,2.95,0.1810344827586207,27.0,6.666666666666667,25.66287878787879,31.818181818181817,76.15384615384616,0.0,21.810606060606062,Low Risk,3,Stable Contributors,-0.7511608744650147,0.004975913811109069
52,0,Travel_Rarely,699,Research & Development,1,4,Life Sciences,3,Male,65,2,5,Manager,3,Married,19999,5678,0,No,14,3,1,1,34,5,3,33,18,11,9,0.3235294117647059,0.5142857142857142,0.14705882352941177,0.2647058823529412,0.14285714285714285,0.08333333333333333,3.999000199960008,2.6666666666666665,2.0,8.0,0.37514005602240896,3.3000000000000003,2.5,0.16034482758620688,3.5,73.33333333333333,37.5140056022409,51.42857142857142,61.53846153846154,26.47058823529412,52.43417366946778,Medium Risk,0,Fast-Track Performers,1.6541895486654061,-0.25975869325574996
27,0,Travel_Rarely,894,Research & Development,9,3,Medical,4,Female,99,3,1,Research Scientist,2,Single,2279,11781,1,No,16,3,4,0,7,2,2,7,7,0,3,0.0,0.875,0.25,0.375,0.125,1.0,2.276723276723277,2.3333333333333335,4.0,7.9,0.38541666666666663,1.4,3.0,0.24310344827586206,48.0,0.0,38.541666666666664,87.5,60.769230769230774,37.5,41.666666666666664,Medium Risk,4,Career Explorers,-0.34190814802164754,-0.6814923115999737
35,1,Travel_Rarely,556,Research & Development,23,2,Life Sciences,2,Male,50,2,2,Manufacturing Director,3,Married,5916,15497,3,Yes,13,3,1,0,8,1,3,1,0,0,1,0.0,0.0,0.5,0.5,0.2222222222222222,1.0,2.9565217391304346,2.6666666666666665,1.5,6.4,0.13333333333333336,1.6,2.25,0.7879310344827587,39.0,0.0,13.333333333333336,0.0,49.23076923076923,50.0,5.333333333333335,Low Risk,3,Stable Contributors,-1.99045320778135,-0.48179818896171334
43,0,Non-Travel,1344,Research & Development,7,3,Medical,4,Male,37,4,1,Research Scientist,4,Divorced,2089,5228,4,No,14,3,4,3,7,3,4,5,4,2,2,0.3333333333333333,0.5,0.5,0.3333333333333333,0.125,0.3333333333333333,2.086913086913087,4.0,4.0,7.4,0.24166666666666664,2.3,4.0,0.07241379310344828,14.0,13.333333333333334,24.166666666666664,50.0,56.92307692307692,33.33333333333333,28.666666666666664,Low Risk,3,Stable Contributors,0.5489119076544544,3.5783066456477215
45,0,Non-Travel,1195,Research & Development,2,2,Medical,1,Male,65,2,4,Manager,4,Married,16792,20462,9,No,23,4,4,1,22,1,3,20,8,11,8,0.5238095238095238,0.34782608695652173,0.047619047619047616,0.38095238095238093,0.17391304347826086,0.08333333333333333,4.196950762309423,3.0,2.5,10.700000000000001,0.3702898550724637,2.8000000000000003,3.0500000000000003,0.020689655172413793,7.666666666666667,73.33333333333333,37.02898550724637,34.78260869565217,82.30769230769232,38.095238095238095,47.246376811594196,Medium Risk,0,Fast-Track Performers,1.5513692926933607,0.677370322489475
37,0,Travel_Rarely,290,Research & Development,21,3,Life Sciences,2,Male,65,4,1,Research Scientist,1,Married,3564,22977,1,Yes,12,3,1,1,8,3,2,8,7,1,7,0.1111111111111111,0.7777777777777778,0.3333333333333333,0.7777777777777778,0.1111111111111111,0.5,3.5604395604395602,2.3333333333333335,1.5,6.600000000000001,0.4,1.9,1.4500000000000002,0.7672413793103449,18.0,6.666666666666667,40.0,77.77777777777779,50.76923076923078,77.77777777777779,41.333333333333336,Medium Risk,4,Career Explorers,1.5696515186869149,-2.048538459114752
35,0,Travel_Frequently,138,Research & Development,2,3,Medical,2,Female,37,3,2,Laboratory Technician,2,Single,4425,15986,5,No,11,3,4,0,10,5,3,6,2,1,2,0.14285714285714285,0.18181818181818182,0.7142857142857143,0.2857142857142857,0.18181818181818182,0.5,2.211394302848576,2.6666666666666665,3.0,6.800000000000001,0.22878787878787882,1.9,2.7,0.32068965517241377,16.5,6.666666666666667,22.878787878787882,18.181818181818183,52.307692307692314,28.57142857142857,16.60606060606061,Low Risk,3,Stable Contributors,-0.31245028374442935,0.10147506833547036
42,0,Non-Travel,926,Research & Development,21,2,Medical,3,Female,36,3,2,Manufacturing Director,3,Divorced,5265,16439,2,No,16,3,2,1,11,5,3,5,3,0,2,0.0,0.25,0.8333333333333334,0.3333333333333333,0.16666666666666666,1.0,2.631184407796102,3.0,2.5,8.8,0.1625,2.1,2.75,0.21724137931034482,48.0,0.0,16.25,25.0,67.6923076923077,33.33333333333333,14.0,Low Risk,1,Promotion-Stalled,-2.049623926427076,0.1523093669814895
38,0,Travel_Rarely,1261,Research & Development,2,4,Life Sciences,4,Male,88,3,2,Manufacturing Director,3,Married,6553,7259,9,No,14,3,2,0,14,3,3,1,0,0,0,0.0,0.0,1.5,0.0,0.13333333333333333,1.0,3.2748625687156423,3.0,3.0,7.4,0.1,1.9,3.0,0.1706896551724138,42.0,0.0,10.0,0.0,56.92307692307692,0.0,4.0,Low Risk,2,High-Risk Stagnation,-2.6577213215189945,0.6655319835339362
38,0,Travel_Rarely,1084,Research & Development,29,3,Technical Degree,4,Male,54,3,2,Manufacturing Director,4,Married,6261,4185,3,No,18,3,1,1,9,3,1,7,7,1,7,0.125,0.7,0.375,0.875,0.2,0.5,3.128935532233883,2.6666666666666665,2.5,9.0,0.35208333333333336,2.1,2.6500000000000004,0.44999999999999996,27.0,6.666666666666667,35.208333333333336,70.0,69.23076923076923,87.5,37.083333333333336,Medium Risk,4,Career Explorers,0.9141860447565394,-0.3033998390145938
27,0,Travel_Frequently,472,Research & Development,1,1,Technical Degree,3,Male,60,2,2,Manufacturing Director,1,Married,4298,9679,5,No,19,3,3,1,6,1,3,2,2,2,0,0.6666666666666666,0.2857142857142857,0.3333333333333333,0.0,0.2857142857142857,0.3333333333333333,2.1479260369815094,2.0,3.0,8.8,0.5047619047619047,1.8,2.4000000000000004,0.3103448275862069,19.0,13.333333333333334,50.476190476190474,28.57142857142857,67.6923076923077,0.0,32.76190476190476,Low Risk,0,Fast-Track Performers,1.3632921559944244,-1.6029674145643258
49,0,Non-Travel,1002,Research & Development,18,4,Life Sciences,4,Male,92,3,2,Manufacturing Director,4,Divorced,6804,23793,1,Yes,15,3,1,2,7,0,3,7,7,1,7,0.125,0.875,0.0,0.875,0.25,0.5,3.4002998500749624,3.3333333333333335,2.5,6.9,0.32916666666666666,2.3,3.0500000000000003,0.5862068965517242,22.5,6.666666666666667,32.916666666666664,87.5,53.07692307692308,87.5,41.416666666666664,Medium Risk,3,Stable Contributors,1.0750002368165363,1.424625932193227
34,0,Travel_Frequently,878,Research & Development,10,4,Medical,4,Male,43,3,1,Research Scientist,3,Divorced,3815,5972,1,Yes,17,3,4,1,5,4,4,5,3,2,0,0.3333333333333333,0.5,0.6666666666666666,0.0,0.16666666666666666,0.3333333333333333,3.8111888111888113,3.3333333333333335,4.0,8.9,0.3083333333333333,1.5999999999999999,3.7,0.8034482758620689,17.0,13.333333333333334,30.83333333333333,50.0,68.46153846153847,0.0,31.333333333333332,Low Risk,3,Stable Contributors,0.3363345129387835,2.2215303231482038
40,0,Travel_Rarely,905,Research & Development,19,2,Medical,3,Male,99,3,2,Laboratory Technician,4,Married,2741,16523,8,Yes,15,3,3,1,15,2,4,7,2,3,7,0.375,0.125,0.25,0.875,0.125,0.25,1.369815092453773,3.6666666666666665,3.0,7.5,0.19583333333333333,2.1,3.5,0.746551724137931,11.25,20.0,19.583333333333332,12.5,57.692307692307686,87.5,17.583333333333332,Low Risk,3,Stable Contributors,0.7576809593058955,2.778560436396139
38,1,Travel_Rarely,1180,Research & Development,29,1,Medical,2,Male,70,3,2,Healthcare Representative,1,Married,6673,11354,7,Yes,19,3,2,0,17,2,3,1,0,0,0,0.0,0.0,1.0,0.0,0.1111111111111111,1.0,3.334832583708146,2.3333333333333335,2.0,9.100000000000001,0.16666666666666666,1.9,1.9000000000000001,0.8500000000000001,57.0,0.0,16.666666666666664,0.0,70.0,0.0,6.666666666666666,Low Risk,1,Promotion-Stalled,-2.665756775923609,-1.8218621627992126
29,1,Travel_Rarely,121,Sales,27,3,Marketing,2,Female,35,3,3,Sales Executive,4,Married,7639,24525,1,No,22,4,4,3,10,3,2,10,4,1,9,0.09090909090909091,0.36363636363636365,0.2727272727272727,0.8181818181818182,0.2727272727272727,0.5,2.545484838387204,3.0,3.0,10.9,0.22272727272727272,3.0,3.1,0.42931034482758623,44.0,6.666666666666667,22.272727272727273,36.36363636363637,83.84615384615385,81.81818181818183,21.81818181818182,Low Risk,3,Stable Contributors,-0.6301170126632339,0.63638813322356
22,0,Travel_Rarely,1136,Research & Development,5,3,Life Sciences,4,Male,60,4,1,Research Scientist,2,Divorced,2328,12392,1,Yes,16,3,1,1,4,2,2,4,2,2,2,0.4,0.4,0.4,0.4,0.2,0.3333333333333333,2.3256743256743255,2.6666666666666665,2.5,7.9,0.37333333333333335,1.9,2.25,0.6017241379310345,16.0,13.333333333333334,37.333333333333336,40.0,60.769230769230774,40.0,30.933333333333337,Low Risk,0,Fast-Track Performers,1.13584531887472,-0.5659735598298503
36,0,Travel_Frequently,635,Research & Development,18,1,Medical,2,Female,73,3,1,Laboratory Technician,4,Single,2153,7703,1,No,13,3,1,0,8,2,3,8,1,1,7,0.1111111111111111,0.1111111111111111,0.2222222222222222,0.7777777777777778,0.1111111111111111,0.5,2.150849150849151,3.3333333333333335,1.5,6.699999999999999,0.1333333333333333,1.4,2.55,0.4862068965517241,19.5,6.666666666666667,13.33333333333333,11.11111111111111,51.53846153846153,77.77777777777779,10.666666666666664,Low Risk,3,Stable Contributors,-0.3335133995799318,1.0012041236121014
40,0,Non-Travel,1151,Research & Development,9,5,Life Sciences,4,Male,63,2,2,Healthcare Representative,4,Married,4876,14242,9,No,14,3,4,1,5,5,1,3,2,0,2,0.0,0.3333333333333333,1.25,0.5,0.3333333333333333,1.0,2.4367816091954024,2.3333333333333335,4.0,8.0,0.25,1.8,3.4000000000000004,0.09310344827586207,42.0,0.0,25.0,33.33333333333333,61.53846153846154,50.0,20.0,Low Risk,3,Stable Contributors,-1.49218032057277,0.05749399196039837
46,0,Travel_Rarely,644,Research & Development,1,4,Medical,4,Male,97,3,3,Healthcare Representative,1,Divorced,9396,12368,7,No,16,3,3,1,17,3,3,4,2,0,3,0.0,0.1111111111111111,0.6,0.6,0.16666666666666666,1.0,3.1309563478840388,2.3333333333333335,3.5,8.200000000000001,0.19444444444444442,2.6,2.65,0.16034482758620688,48.0,0.0,19.444444444444443,11.11111111111111,63.07692307692309,60.0,11.11111111111111,Low Risk,1,Promotion-Stalled,-1.7224265708400548,-0.9071500299860965
32,1,Travel_Rarely,1045,Sales,4,4,Medical,4,Male,32,1,3,Sales Executive,4,Married,10400,25812,1,No,11,3,3,0,14,2,2,14,8,9,8,0.6,0.5333333333333333,0.13333333333333333,0.5333333333333333,0.2,0.1,3.465511496167944,2.3333333333333335,3.5,5.9,0.51,1.8,3.35,0.19137931034482758,3.3,60.0,51.0,53.333333333333336,45.38461538461539,53.333333333333336,54.400000000000006,Medium Risk,0,Fast-Track Performers,2.8764703984699667,0.4311443706059239
30,0,Non-Travel,829,Research & Development,1,1,Life Sciences,3,Male,88,2,3,Manufacturing Director,3,Single,8474,20925,1,No,22,4,3,0,12,2,3,11,8,5,8,0.4166666666666667,0.6153846153846154,0.16666666666666666,0.6666666666666666,0.23076923076923078,0.16666666666666666,2.8237254248583805,2.6666666666666665,3.0,10.6,0.4330128205128206,2.1,3.0,0.010344827586206896,14.666666666666666,33.33333333333333,43.30128205128206,61.53846153846154,81.53846153846153,66.66666666666666,45.782051282051285,Medium Risk,0,Fast-Track Performers,1.9120939288463406,0.012440556292007906
27,0,Travel_Frequently,1242,Sales,20,3,Life Sciences,4,Female,90,3,2,Sales Executive,3,Single,9981,12916,1,No,14,3,4,0,7,2,3,7,7,0,7,0.0,0.875,0.25,0.875,0.25,1.0,4.988005997001499,3.0,4.0,7.1,0.31875,1.9,3.5,0.506896551724138,42.0,0.0,31.874999999999996,87.5,54.61538461538461,87.5,39.0,Medium Risk,3,Stable Contributors,-0.1940910226752143,1.2142681908562443
51,0,Travel_Rarely,1469,Research & Development,8,4,Life Sciences,2,Male,81,2,3,Research Director,2,Married,12490,15736,5,No,16,3,4,2,16,5,1,10,9,4,7,0.36363636363636365,0.5294117647058824,0.45454545454545453,0.6363636363636364,0.17647058823529413,0.2,4.161946017994002,1.6666666666666667,3.0,8.8,0.49295900178253116,2.5,2.3000000000000003,0.23275862068965517,9.6,26.666666666666668,49.29590017825311,52.94117647058824,67.6923076923077,63.63636363636363,43.60071301247772,Medium Risk,0,Fast-Track Performers,2.276180088471846,-2.155129725165516
30,1,Travel_Rarely,1005,Research & Development,3,3,Technical Degree,4,Female,88,3,1,Research Scientist,1,Single,2657,8556,5,Yes,11,3,3,0,8,5,3,5,2,0,4,0.0,0.2222222222222222,0.8333333333333334,0.6666666666666666,0.1111111111111111,1.0,2.6543456543456543,2.3333333333333335,3.5,6.800000000000001,0.2222222222222222,1.4,2.65,0.5810344827586207,33.0,0.0,22.22222222222222,22.22222222222222,52.307692307692314,66.66666666666666,15.555555555555555,Low Risk,4,Career Explorers,-0.9993544218560091,-0.6255199306106513
41,0,Travel_Rarely,896,Sales,6,3,Life Sciences,4,Female,75,3,3,Manager,4,Single,13591,14674,3,Yes,18,3,3,0,16,3,3,1,0,0,0,0.0,0.0,1.5,0.0,0.17647058823529413,1.0,4.528823725424858,3.3333333333333335,3.5,9.0,0.06666666666666665,2.4,3.5500000000000003,0.6120689655172414,54.0,0.0,6.666666666666665,0.0,69.23076923076923,0.0,2.666666666666666,Low Risk,2,High-Risk Stagnation,-3.2301147180878655,1.7926876607386681
30,1,Travel_Frequently,334,Sales,26,4,Marketing,3,Female,52,2,2,Sales Executive,1,Single,6696,22967,5,No,15,3,3,0,9,5,2,6,3,0,1,0.0,0.3,0.7142857142857143,0.14285714285714285,0.2,1.0,3.346326836581709,1.6666666666666667,3.0,8.4,0.3083333333333333,1.6,2.2,0.5689655172413792,45.0,0.0,30.83333333333333,30.0,64.61538461538461,14.285714285714285,21.333333333333332,Low Risk,4,Career Explorers,-1.4574149948327144,-2.461674850953937
29,1,Travel_Rarely,992,Research & Development,1,3,Technical Degree,3,Male,85,3,1,Research Scientist,3,Single,2058,19757,0,No,14,3,4,0,7,1,2,6,2,1,5,0.14285714285714285,0.25,0.14285714285714285,0.7142857142857143,0.125,0.5,2.055944055944056,2.6666666666666665,3.5,6.800000000000001,0.24583333333333335,1.4,3.05,0.16034482758620688,21.0,6.666666666666667,24.583333333333336,25.0,52.307692307692314,71.42857142857143,19.333333333333336,Low Risk,3,Stable Contributors,0.2148231760656405,0.45559436675881676
45,0,Non-Travel,1052,Sales,6,3,Medical,4,Female,57,2,3,Sales Executive,4,Single,8865,16840,6,No,12,3,4,0,23,2,3,19,7,12,8,0.6,0.2916666666666667,0.1,0.4,0.125,0.07692307692307693,2.9540153282239254,3.0,4.0,6.300000000000001,0.3829166666666667,2.1,3.8000000000000003,0.06206896551724138,2.769230769230769,80.0,38.29166666666667,29.166666666666668,48.46153846153847,40.0,48.06666666666667,Medium Risk,0,Fast-Track Performers,2.040814294620663,2.017202655041485
54,0,Travel_Rarely,1147,Sales,3,3,Marketing,4,Female,52,3,2,Sales Executive,1,Married,5940,17011,2,No,14,3,4,1,16,4,3,6,2,0,5,0.0,0.11764705882352941,0.5714285714285714,0.7142857142857143,0.11764705882352941,1.0,2.9685157421289357,2.3333333333333335,4.0,7.700000000000001,0.19607843137254902,2.1,2.9,0.1810344827586207,42.0,0.0,19.607843137254903,11.76470588235294,59.23076923076924,71.42857142857143,11.372549019607844,Low Risk,3,Stable Contributors,-1.4030244613169542,-0.5125043436621944
36,0,Travel_Rarely,1396,Research & Development,5,2,Life Sciences,4,Male,62,3,2,Laboratory Technician,2,Single,5914,9945,8,No,16,3,4,0,16,3,4,13,11,3,7,0.21428571428571427,0.6470588235294118,0.21428571428571427,0.5,0.11764705882352941,0.25,2.9555222388805595,3.0,4.0,8.200000000000001,0.33676470588235297,1.9,3.4000000000000004,0.20172413793103447,12.0,20.0,33.6764705882353,64.70588235294117,63.07692307692309,50.0,38.88235294117647,Medium Risk,0,Fast-Track Performers,1.2766723029446143,1.2792535823583662
33,0,Travel_Rarely,147,Research & Development,4,4,Medical,3,Female,47,2,1,Research Scientist,2,Married,2622,13248,6,No,21,4,4,0,7,3,3,3,2,1,1,0.25,0.25,0.75,0.25,0.125,0.5,2.6193806193806193,2.3333333333333335,3.5,10.5,0.31666666666666665,1.1,2.95,0.19137931034482758,42.0,6.666666666666667,31.666666666666664,25.0,80.76923076923077,25.0,22.166666666666664,Low Risk,1,Promotion-Stalled,-0.38880155387498233,-0.6730958771564057
37,0,Travel_Frequently,663,Research & Development,11,3,Other,2,Male,47,3,3,Research Director,4,Divorced,12185,10056,1,Yes,14,3,3,3,10,1,3,10,8,0,7,0.0,0.7272727272727273,0.09090909090909091,0.6363636363636364,0.2727272727272727,1.0,4.060313228923692,3.3333333333333335,2.5,6.800000000000001,0.24848484848484848,3.0,3.0500000000000003,0.8137931034482758,42.0,0.0,24.848484848484848,72.72727272727273,52.307692307692314,63.63636363636363,31.757575757575758,Low Risk,3,Stable Contributors,-0.8781980057218298,1.3019796185035764
38,0,Travel_Rarely,119,Sales,3,3,Life Sciences,1,Male,76,3,3,Sales Executive,3,Divorced,10609,9647,0,No,12,3,3,2,17,6,2,16,10,5,13,0.29411764705882354,0.5555555555555556,0.35294117647058826,0.7647058823529411,0.16666666666666666,0.16666666666666666,3.53515494835055,2.6666666666666665,2.0,7.5,0.37516339869281046,2.8,2.3,0.1810344827586207,6.0,33.33333333333333,37.51633986928105,55.55555555555556,57.692307692307686,76.47058823529412,41.673202614379086,Medium Risk,0,Fast-Track Performers,1.9917319056788507,-0.4801845905253319
31,0,Non-Travel,979,Research & Development,1,4,Medical,3,Male,90,1,2,Manufacturing Director,3,Married,4345,4381,0,No,12,3,4,1,6,2,3,5,4,1,4,0.16666666666666666,0.5714285714285714,0.3333333333333333,0.6666666666666666,0.2857142857142857,0.5,2.1714142928535733,2.3333333333333335,3.5,6.300000000000001,0.3678571428571428,1.5,3.25,0.010344827586206896,18.0,6.666666666666667,36.785714285714285,57.14285714285714,48.46153846153847,66.66666666666666,33.85714285714286,Medium Risk,4,Career Explorers,0.9161387871248582,0.15459769099648477
59,0,Travel_Rarely,142,Research & Development,3,3,Life Sciences,3,Male,70,2,1,Research Scientist,4,Married,2177,8456,3,No,17,3,1,1,7,6,3,1,0,0,0,0.0,0.0,3.0,0.0,0.125,1.0,2.174825174825175,3.0,2.0,9.500000000000002,0.1,1.3,2.8000000000000003,0.1810344827586207,51.0,0.0,10.0,0.0,73.0769230769231,0.0,4.0,Low Risk,1,Promotion-Stalled,-2.928266744820181,0.17921739006276455
37,0,Travel_Frequently,319,Sales,4,4,Marketing,1,Male,41,3,1,Sales Representative,4,Divorced,2793,2539,4,No,17,3,3,1,13,2,3,9,8,5,8,0.5,0.5714285714285714,0.2,0.8,0.07142857142857142,0.16666666666666666,2.7902097902097904,3.3333333333333335,2.0,8.3,0.3845238095238095,1.5999999999999999,2.8000000000000003,0.3413793103448276,8.5,33.33333333333333,38.45238095238095,57.14285714285714,63.846153846153854,80.0,42.52380952380952,Medium Risk,0,Fast-Track Performers,2.3357264444333707,1.0511862598234787
29,0,Travel_Frequently,1413,Sales,1,1,Medical,2,Female,42,3,3,Sales Executive,4,Married,7918,6599,1,No,14,3,4,1,11,5,3,11,10,4,1,0.3333333333333333,0.8333333333333334,0.4166666666666667,0.08333333333333333,0.25,0.2,2.638453848717094,3.3333333333333335,3.0,8.0,0.39166666666666666,2.6,3.3000000000000003,0.3103448275862069,8.4,26.666666666666668,39.166666666666664,83.33333333333334,61.53846153846154,8.333333333333332,48.66666666666667,Medium Risk,0,Fast-Track Performers,1.411972700154296,1.6725303426175702
35,0,Travel_Frequently,944,Sales,1,3,Marketing,3,Female,92,3,3,Sales Executive,3,Single,8789,9096,1,No,14,3,1,0,10,3,4,10,7,0,8,0.0,0.6363636363636364,0.2727272727272727,0.7272727272727273,0.2727272727272727,1.0,2.9286904365211597,3.3333333333333335,2.0,7.4,0.22575757575757574,2.4,2.7,0.3103448275862069,42.0,0.0,22.575757575757574,63.63636363636363,56.92307692307692,72.72727272727273,28.121212121212118,Low Risk,3,Stable Contributors,-0.9764169707333664,0.7080715444561505
29,1,Travel_Rarely,896,Research & Development,18,1,Medical,3,Male,86,2,1,Research Scientist,4,Single,2389,14961,1,Yes,13,3,3,0,4,3,2,4,3,0,1,0.0,0.6,0.6,0.2,0.2,1.0,2.3866133866133867,2.6666666666666665,3.0,7.0,0.2833333333333333,1.1,3.1,0.7362068965517242,39.0,0.0,28.333333333333332,60.0,53.84615384615385,20.0,29.333333333333336,Low Risk,3,Stable Contributors,-1.1131960907525307,0.3236967612217018
52,0,Travel_Rarely,1323,Research & Development,2,3,Life Sciences,3,Female,89,2,1,Laboratory Technician,4,Single,3212,3300,7,No,15,3,2,0,6,3,2,2,2,2,2,0.6666666666666666,0.2857142857142857,1.0,0.6666666666666666,0.14285714285714285,0.3333333333333333,3.208791208791209,2.6666666666666665,2.5,7.800000000000001,0.4380952380952381,1.1,2.85,0.1706896551724138,15.0,13.333333333333334,43.80952380952381,28.57142857142857,60.00000000000001,66.66666666666666,30.095238095238095,Low Risk,0,Fast-Track Performers,2.0019301291052205,0.05575070326867035
42,0,Travel_Rarely,532,Research & Development,4,2,Technical Degree,3,Male,58,3,5,Manager,4,Married,19232,4933,1,No,11,3,4,0,22,3,3,22,17,11,15,0.4782608695652174,0.7391304347826086,0.13043478260869565,0.6521739130434783,0.21739130434782608,0.08333333333333333,3.845630873825235,3.3333333333333335,3.5,6.200000000000001,0.4188405797101449,3.4,3.5500000000000003,0.19137931034482758,2.75,73.33333333333333,41.884057971014485,73.91304347826086,47.6923076923077,65.21739130434783,60.92753623188405,Medium Risk,0,Fast-Track Performers,2.5827974109157568,2.1832831772633363
59,0,Travel_Rarely,818,Human Resources,6,2,Medical,2,Male,52,3,1,Human Resources,3,Married,2267,25657,8,No,17,3,4,0,7,2,2,2,2,2,2,0.6666666666666666,0.25,0.6666666666666666,0.6666666666666666,0.125,0.3333333333333333,2.2647352647352648,2.6666666666666665,3.0,8.3,0.42916666666666664,1.4,2.8,0.21206896551724136,17.0,13.333333333333334,42.916666666666664,25.0,63.846153846153854,66.66666666666666,28.666666666666668,Low Risk,0,Fast-Track Performers,1.8874061064809626,-0.04494553033177088
50,0,Travel_Rarely,854,Sales,1,4,Medical,4,Female,68,3,5,Manager,4,Divorced,19517,24118,3,No,11,3,3,1,32,3,2,7,0,0,6,0.0,0.0,0.375,0.75,0.15151515151515152,1.0,3.902619476104779,3.0,3.5,6.200000000000001,0.1,3.6,3.35,0.16034482758620688,33.0,0.0,10.0,0.0,47.6923076923077,75.0,4.0,Low Risk,3,Stable Contributors,-1.7240927668646577,1.3095329695742264
33,1,Travel_Rarely,813,Research & Development,14,3,Medical,3,Male,58,3,1,Laboratory Technician,4,Married,2436,22149,5,Yes,13,3,3,1,8,2,1,5,4,0,4,0.0,0.4444444444444444,0.3333333333333333,0.6666666666666666,0.1111111111111111,1.0,2.4335664335664338,2.6666666666666665,3.0,6.699999999999999,0.24444444444444446,1.5999999999999999,2.9000000000000004,0.6948275862068967,39.0,0.0,24.444444444444446,44.44444444444444,51.53846153846153,66.66666666666666,23.11111111111111,Low Risk,3,Stable Contributors,-0.8309271082266692,0.130128941467521
43,0,Travel_Rarely,1034,Sales,16,3,Marketing,4,Female,80,3,4,Manager,4,Married,16064,7744,5,Yes,22,4,3,1,22,3,3,17,13,1,9,0.05555555555555555,0.5652173913043478,0.16666666666666666,0.5,0.17391304347826086,0.5,4.014996250937266,3.3333333333333335,3.5,10.9,0.22741545893719803,3.1,3.5500000000000003,0.7155172413793104,44.0,6.666666666666667,22.741545893719803,56.52173913043478,83.84615384615385,50.0,28.053140096618357,Low Risk,3,Stable Contributors,-0.6906567277905998,1.697403936660968
33,1,Travel_Rarely,465,Research & Development,2,2,Life Sciences,1,Female,39,3,1,Laboratory Technician,1,Married,2707,21509,7,No,20,4,1,0,13,3,4,9,7,1,7,0.1,0.5,0.3,0.7,0.07142857142857142,0.5,2.704295704295704,2.6666666666666665,1.0,10.1,0.29333333333333333,1.4,1.6,0.1706896551724138,40.0,6.666666666666667,29.333333333333332,50.0,77.6923076923077,70.0,28.733333333333334,Low Risk,4,Career Explorers,0.17749141955703499,-1.8657224950701867
52,0,Non-Travel,771,Sales,2,4,Life Sciences,1,Male,79,2,5,Manager,3,Single,19068,21030,1,Yes,18,3,4,0,33,2,4,33,7,15,12,0.4411764705882353,0.20588235294117646,0.058823529411764705,0.35294117647058826,0.14705882352941177,0.0625,3.8128374325134975,3.0,2.5,8.7,0.3058823529411765,3.1,2.95,0.4206896551724138,3.375,100.0,30.58823529411765,20.588235294117645,66.92307692307692,35.294117647058826,48.41176470588235,Medium Risk,0,Fast-Track Performers,1.2512789293195006,0.9131190588276732
32,0,Travel_Rarely,1401,Sales,4,2,Life Sciences,3,Female,56,3,1,Sales Representative,2,Married,3931,20990,2,No,11,3,1,1,6,5,3,4,3,1,2,0.2,0.42857142857142855,1.0,0.4,0.14285714285714285,0.5,3.927072927072927,2.6666666666666665,2.0,6.800000000000001,0.31047619047619046,1.5999999999999999,2.2,0.19137931034482758,16.5,6.666666666666667,31.047619047619047,42.857142857142854,52.307692307692314,40.0,27.276190476190475,Low Risk,4,Career Explorers,0.542448973720092,-0.6673228947720634
32,1,Travel_Rarely,515,Research & Development,1,3,Life Sciences,4,Male,62,2,1,Laboratory Technician,3,Single,3730,9571,0,Yes,14,3,4,0,4,2,1,3,2,1,2,0.25,0.4,0.5,0.5,0.2,0.5,3.7262737262737264,2.0,4.0,7.1,0.3875,1.1,3.1,0.560344827586207,21.0,6.666666666666667,38.75,40.0,54.61538461538461,50.0,29.5,Low Risk,4,Career Explorers,0.7997419067030938,-0.4883225651558571
39,0,Travel_Rarely,1431,Research & Development,1,4,Medical,3,Female,96,3,1,Laboratory Technician,3,Divorced,2232,15417,7,No,14,3,3,3,7,1,3,3,2,1,2,0.25,0.25,0.25,0.5,0.125,0.5,2.2297702297702298,3.0,3.0,6.800000000000001,0.25,2.0,3.0,0.16034482758620688,21.0,6.666666666666667,25.0,25.0,52.307692307692314,50.0,19.5,Low Risk,3,Stable Contributors,0.15895944014294247,0.8635086580335375
32,0,Non-Travel,976,Sales,26,4,Marketing,3,Male,100,3,2,Sales Executive,4,Married,4465,12069,0,No,18,3,1,0,4,2,3,3,2,2,2,0.5,0.4,0.5,0.5,0.4,0.3333333333333333,2.231384307846077,3.3333333333333335,2.0,8.7,0.3416666666666667,1.9,2.8000000000000003,0.2689655172413793,18.0,13.333333333333334,34.166666666666664,40.0,66.92307692307692,50.0,29.666666666666664,Low Risk,0,Fast-Track Performers,0.8485893824937446,1.0231515009674146
41,0,Travel_Rarely,1411,Research & Development,19,2,Life Sciences,3,Male,36,3,2,Research Scientist,1,Divorced,3072,19877,2,No,16,3,1,2,17,2,2,1,0,0,0,0.0,0.0,1.0,0.0,0.1111111111111111,1.0,1.535232383808096,2.0,2.0,7.9,0.2,2.3,1.7000000000000002,0.346551724137931,48.0,0.0,20.0,0.0,60.769230769230774,0.0,8.0,Low Risk,4,Career Explorers,-2.2464404517715697,-2.561935507403501
40,0,Travel_Rarely,1300,Research & Development,24,2,Technical Degree,1,Male,62,3,2,Research Scientist,4,Divorced,3319,24447,1,No,17,3,1,2,9,3,3,9,8,4,7,0.4,0.8,0.3,0.7,0.2,0.2,1.658670664667666,3.3333333333333335,1.0,8.600000000000001,0.4066666666666666,2.3,2.3,0.3982758620689655,10.2,26.666666666666668,40.666666666666664,80.0,66.15384615384616,70.0,48.266666666666666,Medium Risk,0,Fast-Track Performers,2.1834347112871875,0.37351128112063503
45,0,Travel_Rarely,252,Research & Development,1,3,Other,3,Male,70,4,5,Manager,4,Married,19202,15970,0,No,11,3,3,1,25,2,3,24,0,1,7,0.04,0.0,0.08,0.28,0.19230769230769232,0.5,3.839632073585283,3.6666666666666665,3.0,5.9,0.047333333333333345,3.9000000000000004,3.3000000000000003,0.16034482758620688,16.5,6.666666666666667,4.733333333333334,0.0,45.38461538461539,28.000000000000004,3.8933333333333335,Low Risk,3,Stable Contributors,-1.4361137421814005,2.51744586194818
31,0,Travel_Frequently,1327,Research & Development,3,4,Medical,2,Male,73,3,3,Research Director,3,Divorced,13675,13523,9,No,12,3,1,1,9,3,3,2,2,2,2,0.6666666666666666,0.2,1.0,0.6666666666666666,0.3,0.3333333333333333,4.5568143952016,3.0,1.5,6.600000000000001,0.3833333333333333,2.6,2.25,0.3310344827586207,12.0,13.333333333333334,38.33333333333333,20.0,50.76923076923078,66.66666666666666,25.333333333333332,Low Risk,0,Fast-Track Performers,1.6236858631183329,0.038552292303176354
33,0,Travel_Rarely,832,Research & Development,5,4,Life Sciences,3,Female,63,2,1,Research Scientist,4,Married,2911,14776,1,No,13,3,3,1,2,2,2,2,2,0,2,0.0,0.6666666666666666,0.6666666666666666,0.6666666666666666,0.3333333333333333,1.0,2.908091908091908,2.6666666666666665,3.0,6.699999999999999,0.30000000000000004,1.3,3.1,0.20172413793103447,39.0,0.0,30.000000000000004,66.66666666666666,51.53846153846153,66.66666666666666,32.0,Low Risk,3,Stable Contributors,-0.6640521278344425,0.24609385674586592
34,0,Travel_Rarely,470,Research & Development,2,4,Life Sciences,4,Male,84,2,2,Manufacturing Director,1,Married,5957,23687,6,No,13,3,2,1,13,3,3,11,9,5,9,0.4166666666666667,0.6428571428571429,0.25,0.75,0.14285714285714285,0.16666666666666666,2.9770114942528734,2.0,3.0,7.0,0.506547619047619,1.8,2.4000000000000004,0.1706896551724138,6.5,33.33333333333333,50.654761904761905,64.28571428571429,53.84615384615385,75.0,49.54761904761905,Medium Risk,0,Fast-Track Performers,2.8562885421260558,-1.4111851981479924
37,0,Travel_Rarely,1017,Research & Development,1,2,Medical,3,Female,83,2,1,Research Scientist,1,Married,3920,18697,2,No,14,3,1,1,17,2,2,3,1,0,2,0.0,0.05555555555555555,0.5,0.5,0.05555555555555555,1.0,3.9160839160839163,1.6666666666666667,2.0,7.1,0.2472222222222222,1.3,1.7000000000000002,0.16034482758620688,42.0,0.0,24.72222222222222,5.555555555555555,54.61538461538461,50.0,11.555555555555555,Low Risk,4,Career Explorers,-1.2532073454534691,-3.0253372243424645
45,0,Travel_Frequently,1199,Research & Development,7,4,Life Sciences,1,Male,77,4,2,Manufacturing Director,3,Married,6434,5118,4,No,17,3,4,1,9,1,3,3,2,0,2,0.0,0.2,0.25,0.5,0.2,1.0,3.215392303848076,3.3333333333333335,2.5,8.0,0.11666666666666665,2.4000000000000004,2.75,0.37241379310344824,51.0,0.0,11.666666666666666,20.0,61.53846153846154,50.0,10.666666666666668,Low Risk,3,Stable Contributors,-2.2044910643337055,0.7831959257693708
37,1,Travel_Frequently,504,Research & Development,10,3,Medical,1,Male,61,3,3,Manufacturing Director,3,Divorced,10048,22573,6,No,11,3,2,2,17,5,3,1,0,0,0,0.0,0.0,2.5,0.0,0.16666666666666666,1.0,3.348217260913029,3.0,1.5,6.800000000000001,0.1,2.8,2.25,0.40344827586206894,33.0,0.0,10.0,0.0,52.307692307692314,0.0,4.0,Low Risk,2,High-Risk Stagnation,-2.4572228880978115,-0.10437965877894015
39,0,Travel_Frequently,505,Research & Development,2,4,Technical Degree,3,Female,64,3,3,Healthcare Representative,3,Single,10938,6420,0,No,25,4,4,0,20,1,3,19,6,11,8,0.55,0.2857142857142857,0.05,0.4,0.14285714285714285,0.08333333333333333,3.6447850716427856,3.0,3.5,11.5,0.3639285714285714,2.4,3.25,0.32068965517241377,8.333333333333334,73.33333333333333,36.39285714285714,28.57142857142857,88.46153846153845,40.0,45.12857142857142,Medium Risk,0,Fast-Track Performers,1.4839915657595426,0.9462040430758777
29,0,Travel_Rarely,665,Research & Development,15,3,Life Sciences,3,Male,60,3,1,Research Scientist,4,Single,2340,22673,1,No,19,3,1,0,6,1,3,6,5,1,5,0.14285714285714285,0.7142857142857143,0.14285714285714285,0.7142857142857143,0.14285714285714285,0.5,2.3376623376623376,3.3333333333333335,2.0,8.8,0.2952380952380952,1.4,2.8000000000000003,0.30517241379310345,28.5,6.666666666666667,29.52380952380952,71.42857142857143,67.6923076923077,71.42857142857143,35.238095238095234,Medium Risk,3,Stable Contributors,0.5783540912032397,0.8438344074789682
42,0,Travel_Rarely,916,Research & Development,17,2,Life Sciences,4,Female,82,4,2,Research Scientist,1,Single,6545,23016,3,Yes,13,3,3,0,10,1,3,3,2,0,2,0.0,0.18181818181818182,0.25,0.5,0.18181818181818182,1.0,3.270864567716142,2.6666666666666665,3.5,6.4,0.17878787878787883,2.2,2.65,0.7258620689655173,39.0,0.0,17.878787878787882,18.181818181818183,49.23076923076923,50.0,12.606060606060609,Low Risk,3,Stable Contributors,-1.588969635840307,-0.05956369963408272
29,0,Travel_Rarely,1247,Sales,20,2,Marketing,4,Male,45,3,2,Sales Executive,4,Divorced,6931,10732,2,No,14,3,4,1,10,2,3,3,2,0,2,0.0,0.18181818181818182,0.5,0.5,0.18181818181818182,1.0,3.463768115942029,3.3333333333333335,4.0,7.1,0.11212121212121211,2.1,3.8000000000000003,0.3568965517241379,42.0,0.0,11.212121212121211,18.181818181818183,54.61538461538461,50.0,9.93939393939394,Low Risk,3,Stable Contributors,-2.046938047841938,2.2483001726368226
25,0,Travel_Rarely,685,Research & Development,1,3,Life Sciences,1,Female,62,3,2,Manufacturing Director,3,Married,4898,7505,0,No,12,3,4,2,5,3,3,4,2,1,2,0.2,0.3333333333333333,0.6,0.4,0.3333333333333333,0.5,2.447776111944028,3.0,2.5,6.600000000000001,0.2533333333333333,2.3,2.75,0.16034482758620688,18.0,6.666666666666667,25.33333333333333,33.33333333333333,50.76923076923078,40.0,22.133333333333333,Low Risk,3,Stable Contributors,-0.09680689789142821,0.6251649349847798
42,0,Travel_Rarely,269,Research & Development,2,3,Medical,4,Female,56,2,1,Laboratory Technician,1,Divorced,2593,8007,0,Yes,11,3,3,1,10,4,3,9,6,7,8,0.7,0.5454545454545454,0.4,0.8,0.09090909090909091,0.125,2.5904095904095903,2.0,3.5,6.5,0.5813636363636363,1.3,2.65,0.5706896551724139,4.125,46.666666666666664,58.13636363636363,54.54545454545454,50.0,80.0,53.61818181818181,Medium Risk,0,Fast-Track Performers,3.6876282763711745,-0.9788483537429862
40,0,Travel_Rarely,1416,Research & Development,2,2,Medical,1,Male,49,3,5,Research Director,3,Divorced,19436,5949,0,No,19,3,4,1,22,5,3,21,7,3,9,0.13636363636363635,0.30434782608695654,0.22727272727272727,0.4090909090909091,0.21739130434782608,0.25,3.8864227154569084,3.0,2.5,10.000000000000002,0.22381422924901187,3.6,2.75,0.1706896551724138,14.25,20.0,22.381422924901187,30.434782608695656,76.92307692307693,40.909090909090914,24.08300395256917,Low Risk,3,Stable Contributors,0.03405820290783869,0.43804300971947946
51,0,Travel_Rarely,833,Research & Development,1,3,Life Sciences,3,Male,96,3,1,Research Scientist,4,Married,2723,23231,1,No,11,3,2,0,1,0,2,1,0,0,0,0.0,0.0,0.0,0.0,0.5,1.0,2.7202797202797204,3.0,2.5,5.300000000000001,0.1,1.4,2.85,0.16034482758620688,33.0,0.0,10.0,0.0,40.769230769230774,0.0,4.0,Low Risk,2,High-Risk Stagnation,-2.8291059933732523,0.8101391574663784
31,1,Travel_Frequently,307,Research & Development,29,2,Medical,3,Male,71,2,1,Laboratory Technician,2,Single,3479,11652,0,No,11,3,2,0,6,2,4,5,4,1,4,0.16666666666666666,0.5714285714285714,0.3333333333333333,0.6666666666666666,0.14285714285714285,0.5,3.4755244755244754,2.6666666666666665,2.5,5.9,0.33452380952380956,1.1,2.6500000000000004,0.6,16.5,6.666666666666667,33.452380952380956,57.14285714285714,45.38461538461539,66.66666666666666,32.523809523809526,Low Risk,4,Career Explorers,1.0138912200884682,0.06324941981477249
32,0,Travel_Frequently,1311,Research & Development,7,3,Life Sciences,2,Male,100,4,1,Laboratory Technician,2,Married,2794,26062,1,No,20,4,3,0,5,3,1,5,1,0,3,0.0,0.16666666666666666,0.5,0.5,0.16666666666666666,1.0,2.791208791208791,2.3333333333333335,2.5,10.1,0.20833333333333331,1.7,2.0500000000000003,0.37241379310344824,80.0,0.0,20.833333333333332,16.666666666666664,77.6923076923077,50.0,13.333333333333332,Low Risk,1,Promotion-Stalled,-2.4128761290504244,-2.0107655913496063
38,0,Non-Travel,1327,Sales,2,2,Life Sciences,4,Male,39,2,2,Sales Executive,4,Married,5249,19682,3,No,18,3,4,1,13,0,3,8,7,7,5,0.7777777777777778,0.5,0.0,0.5555555555555556,0.14285714285714285,0.125,2.6231884057971016,3.0,4.0,8.1,0.49722222222222223,1.8,3.8000000000000003,0.020689655172413793,6.75,46.666666666666664,49.72222222222222,50.0,62.30769230769231,55.55555555555556,48.888888888888886,Medium Risk,0,Fast-Track Performers,2.861399564512991,1.7176490370180488
32,0,Travel_Rarely,128,Research & Development,2,1,Technical Degree,4,Male,84,2,2,Laboratory Technician,1,Single,2176,19737,4,No,13,3,4,0,9,5,3,6,2,0,4,0.0,0.2,0.7142857142857143,0.5714285714285714,0.2,1.0,1.087456271864068,2.0,4.0,7.6,0.25,1.6,2.9,0.1706896551724138,39.0,0.0,25.0,20.0,58.46153846153845,57.14285714285714,16.0,Low Risk,4,Career Explorers,-1.262031700968694,-1.00765862338672
46,0,Travel_Rarely,488,Sales,2,3,Technical Degree,3,Female,75,1,4,Manager,2,Married,16872,14977,3,Yes,12,3,2,1,28,2,2,7,7,7,7,0.875,0.2413793103448276,0.25,0.875,0.13793103448275862,0.125,4.21694576355911,1.6666666666666667,2.5,6.300000000000001,0.5999281609195402,2.5,2.25,0.5706896551724139,4.5,46.666666666666664,59.99281609195401,24.137931034482758,48.46153846153847,87.5,45.23850574712643,Medium Risk,0,Fast-Track Performers,3.7613220426829392,-1.9195464005999936
28,1,Travel_Rarely,529,Research & Development,2,4,Life Sciences,1,Male,79,3,1,Laboratory Technician,3,Single,3485,14935,2,No,11,3,3,0,5,5,1,0,0,0,0,0.0,0.0,5.0,0.0,0.16666666666666666,1.0,3.4815184815184814,2.3333333333333335,2.0,6.800000000000001,0.16666666666666666,1.4,2.1,0.1706896551724138,33.0,0.0,16.666666666666664,0.0,52.307692307692314,0.0,6.666666666666666,Low Risk,2,High-Risk Stagnation,-2.1346484789913807,-1.3801811255583334
29,0,Travel_Rarely,1210,Sales,2,3,Medical,1,Male,78,2,2,Sales Executive,2,Married,6644,3687,2,No,19,3,2,2,10,2,3,0,0,0,0,0.0,0.0,2.0,0.0,0.18181818181818182,1.0,3.3203398300849574,2.3333333333333335,1.5,9.100000000000001,0.16666666666666666,2.0,1.9500000000000002,0.1706896551724138,57.0,0.0,16.666666666666664,0.0,70.0,0.0,6.666666666666666,Low Risk,1,Promotion-Stalled,-2.743089012058864,-1.9190169862732958
31,0,Travel_Rarely,1463,Research & Development,23,3,Medical,2,Male,64,2,2,Healthcare Representative,4,Married,5582,14408,0,No,21,4,2,1,10,2,3,9,0,7,8,0.7,0.0,0.2,0.8,0.18181818181818182,0.125,2.789605197401299,3.0,2.0,10.2,0.345,1.8,2.8000000000000003,0.3879310344827586,10.5,46.666666666666664,34.5,0.0,78.46153846153847,80.0,27.799999999999997,Low Risk,0,Fast-Track Performers,1.6687182526649733,0.5524245977154362
25,0,Non-Travel,675,Research & Development,5,2,Life Sciences,2,Male,85,4,2,Healthcare Representative,1,Divorced,4000,18384,1,No,12,3,4,2,6,2,3,6,3,1,5,0.14285714285714285,0.42857142857142855,0.2857142857142857,0.7142857142857143,0.2857142857142857,0.5,1.999000499750125,2.6666666666666665,3.0,6.300000000000001,0.2904761904761905,2.6,2.4000000000000004,0.05172413793103448,18.0,6.666666666666667,29.04761904761905,42.857142857142854,48.46153846153847,71.42857142857143,26.476190476190474,Low Risk,4,Career Explorers,0.4938287190921833,-0.34791976104534306
45,0,Travel_Rarely,1385,Research & Development,20,2,Medical,3,Male,79,3,4,Healthcare Representative,4,Married,13496,7501,0,Yes,14,3,2,0,21,2,3,20,7,4,10,0.19047619047619047,0.3181818181818182,0.09523809523809523,0.47619047619047616,0.18181818181818182,0.2,3.3731567108222946,3.3333333333333335,2.5,7.1,0.21287878787878783,2.9,3.0500000000000003,0.756896551724138,8.4,26.666666666666668,21.287878787878782,31.818181818181817,54.61538461538461,47.61904761904761,26.060606060606062,Low Risk,3,Stable Contributors,0.48205858746996333,1.7497181675007145
36,0,Travel_Rarely,1403,Research & Development,6,3,Life Sciences,4,Male,47,3,1,Laboratory Technician,4,Married,3210,20251,0,No,11,3,3,1,16,4,3,15,13,10,11,0.625,0.7647058823529411,0.25,0.6875,0.058823529411764705,0.09090909090909091,3.206793206793207,3.3333333333333335,3.5,6.5,0.47659313725490193,1.5999999999999999,3.5500000000000003,0.21206896551724136,3.0,66.66666666666666,47.65931372549019,76.47058823529412,50.0,68.75,62.00490196078431,Medium Risk,0,Fast-Track Performers,3.2596201957948954,2.068413270886503
55,0,Travel_Rarely,452,Research & Development,1,3,Medical,4,Male,81,3,5,Manager,1,Single,19045,18938,0,Yes,14,3,3,0,37,2,3,36,10,4,13,0.10810810810810811,0.2631578947368421,0.05405405405405406,0.35135135135135137,0.13157894736842105,0.2,3.8082383523295342,2.3333333333333335,3.5,7.1,0.27029397818871503,3.4,2.65,0.560344827586207,8.4,26.666666666666668,27.0293978188715,26.31578947368421,54.61538461538461,35.13513513513514,26.706495969653865,Low Risk,4,Career Explorers,0.5674933940614594,-0.3260534263771648
47,1,Non-Travel,666,Research & Development,29,4,Life Sciences,1,Male,88,3,3,Manager,2,Married,11849,10268,1,Yes,12,3,4,1,10,2,2,10,7,9,9,0.8181818181818182,0.6363636363636364,0.18181818181818182,0.8181818181818182,0.2727272727272727,0.1,3.9483505498167277,2.3333333333333335,2.5,6.300000000000001,0.6121212121212121,2.6,2.25,0.7,3.6,60.0,61.212121212121204,63.63636363636363,48.46153846153847,81.81818181818183,61.57575757575758,Medium Risk,0,Fast-Track Performers,3.9105266003968153,-0.9225817857602999
28,0,Travel_Rarely,1158,Research & Development,9,3,Medical,4,Male,94,3,1,Research Scientist,4,Married,2070,2613,1,No,23,4,4,1,5,3,2,5,2,0,4,0.0,0.3333333333333333,0.5,0.6666666666666666,0.16666666666666666,1.0,2.067932067932068,3.0,4.0,11.3,0.18333333333333335,1.5999999999999999,3.6,0.24310344827586206,92.0,0.0,18.333333333333336,33.33333333333333,86.92307692307692,66.66666666666666,17.333333333333332,Low Risk,1,Promotion-Stalled,-2.6003232310649773,0.7215569584974802
37,0,Travel_Rarely,228,Sales,6,4,Medical,3,Male,98,3,2,Sales Executive,4,Married,6502,22825,4,No,14,3,2,1,7,5,4,5,4,0,1,0.0,0.5,0.8333333333333334,0.16666666666666666,0.25,1.0,3.2493753123438283,3.6666666666666665,2.5,8.0,0.15833333333333335,2.1,3.25,0.21206896551724136,42.0,0.0,15.833333333333336,50.0,61.53846153846154,16.666666666666664,21.333333333333336,Low Risk,3,Stable Contributors,-1.9857823034099367,1.8520123267643174
21,0,Travel_Rarely,996,Research & Development,3,2,Medical,4,Male,100,2,1,Research Scientist,3,Single,3230,10531,1,No,17,3,1,0,3,4,4,3,2,1,0,0.25,0.5,1.0,0.0,0.25,0.5,3.226773226773227,3.0,2.5,8.9,0.3125,1.1,2.95,0.1810344827586207,25.5,6.666666666666667,31.25,50.0,68.46153846153847,0.0,29.5,Low Risk,3,Stable Contributors,-0.18369235721900548,0.5356386383405066
37,0,Non-Travel,728,Research & Development,1,4,Medical,1,Female,80,3,3,Research Director,4,Divorced,13603,11677,2,Yes,18,3,1,2,15,2,3,5,2,0,2,0.0,0.125,0.3333333333333333,0.3333333333333333,0.1875,1.0,4.532822392535821,3.3333333333333335,1.0,8.7,0.09791666666666665,2.8,2.3,0.41034482758620694,54.0,0.0,9.791666666666664,12.5,66.92307692307692,33.33333333333333,7.666666666666666,Low Risk,1,Promotion-Stalled,-2.5779857259056245,0.15614057743254547
35,0,Travel_Rarely,1315,Research & Development,22,3,Life Sciences,2,Female,71,4,3,Manager,2,Divorced,11996,19100,7,No,18,3,2,1,10,6,2,7,7,6,2,0.75,0.6363636363636364,0.75,0.25,0.2727272727272727,0.14285714285714285,3.9973342219260246,2.6666666666666665,2.0,9.9,0.5549242424242424,2.9000000000000004,2.0,0.3775862068965517,7.714285714285714,40.0,55.49242424242424,63.63636363636363,76.15384615384616,25.0,53.287878787878796,Medium Risk,0,Fast-Track Performers,2.693610872155151,-1.1558028087453458
38,0,Travel_Rarely,322,Sales,7,2,Medical,1,Female,44,4,2,Sales Executive,1,Divorced,5605,19191,1,Yes,24,4,3,1,8,3,3,8,0,7,7,0.7777777777777778,0.0,0.3333333333333333,0.7777777777777778,0.2222222222222222,0.125,2.8010994502748625,2.6666666666666665,2.0,11.700000000000001,0.40555555555555556,2.4000000000000004,1.9000000000000001,0.6224137931034484,12.0,46.666666666666664,40.55555555555556,0.0,90.00000000000001,77.77777777777779,30.22222222222222,Low Risk,0,Fast-Track Performers,1.901651570002326,-1.1827928772063376
26,0,Travel_Frequently,1479,Research & Development,1,3,Life Sciences,3,Female,84,3,2,Manufacturing Director,2,Divorced,6397,26767,1,No,20,4,1,1,6,6,1,6,5,1,4,0.14285714285714285,0.7142857142857143,0.8571428571428571,0.5714285714285714,0.2857142857142857,0.5,3.1969015492253874,2.0,2.0,11.0,0.4285714285714286,2.1,1.8,0.3103448275862069,40.0,6.666666666666667,42.85714285714286,71.42857142857143,84.61538461538461,57.14285714285714,40.57142857142857,Medium Risk,4,Career Explorers,0.5799438004627627,-2.6956060517158282
50,0,Travel_Rarely,797,Research & Development,4,1,Life Sciences,1,Male,96,3,5,Research Director,2,Divorced,19144,15815,3,No,14,3,1,2,28,4,2,10,4,1,6,0.09090909090909091,0.13793103448275862,0.36363636363636365,0.5454545454545454,0.1724137931034483,0.5,3.8280343931213756,2.3333333333333335,1.0,7.700000000000001,0.23296760710553813,3.8,1.5,0.19137931034482758,21.0,6.666666666666667,23.296760710553812,13.793103448275861,59.23076923076924,54.54545454545454,15.456635318704283,Low Risk,4,Career Explorers,-0.20066612391919514,-2.0341713847335936
53,0,Travel_Rarely,1070,Research & Development,3,4,Medical,3,Male,45,3,4,Research Director,3,Married,17584,21016,3,Yes,16,3,4,3,21,5,2,5,3,1,3,0.16666666666666666,0.13636363636363635,0.8333333333333334,0.5,0.18181818181818182,0.5,4.39490127468133,2.6666666666666665,3.5,8.8,0.22575757575757577,3.5,3.05,0.5810344827586207,24.0,6.666666666666667,22.575757575757578,13.636363636363635,67.6923076923077,50.0,15.121212121212121,Low Risk,3,Stable Contributors,-0.40861292912532815,0.41959207312482133
42,0,Travel_Rarely,635,Sales,1,1,Life Sciences,2,Male,99,3,2,Sales Executive,3,Married,4907,24532,1,No,25,4,3,0,20,3,3,20,16,11,6,0.5238095238095238,0.7619047619047619,0.14285714285714285,0.2857142857142857,0.09523809523809523,0.08333333333333333,2.452273863068466,3.0,2.5,12.1,0.4738095238095238,1.9,2.75,0.16034482758620688,8.333333333333334,73.33333333333333,47.38095238095238,76.19047619047619,93.07692307692308,28.57142857142857,63.80952380952381,Medium Risk,0,Fast-Track Performers,2.3227781582318068,0.05685347425295576
29,0,Travel_Frequently,442,Sales,2,2,Life Sciences,2,Male,44,3,2,Sales Executive,4,Single,4554,20260,1,No,18,3,1,0,10,3,2,10,7,0,9,0.0,0.6363636363636364,0.2727272727272727,0.8181818181818182,0.18181818181818182,1.0,2.2758620689655173,3.0,1.5,9.0,0.2590909090909091,1.9,2.35,0.32068965517241377,54.0,0.0,25.90909090909091,63.63636363636363,69.23076923076923,81.81818181818183,29.454545454545453,Low Risk,1,Promotion-Stalled,-0.9211293193635212,-0.47970250829566596
55,0,Travel_Rarely,147,Research & Development,20,2,Technical Degree,2,Male,37,3,2,Laboratory Technician,4,Married,5415,15972,3,Yes,19,3,4,1,12,4,3,10,7,0,8,0.0,0.5384615384615384,0.36363636363636365,0.7272727272727273,0.15384615384615385,1.0,2.7061469265367317,3.3333333333333335,3.0,9.700000000000001,0.20128205128205126,2.1,3.3000000000000003,0.756896551724138,57.0,0.0,20.128205128205128,53.84615384615385,74.61538461538463,72.72727272727273,24.205128205128204,Low Risk,3,Stable Contributors,-1.4847664386475943,1.2954271500751489
26,0,Travel_Frequently,496,Research & Development,11,2,Medical,1,Male,60,3,2,Healthcare Representative,1,Married,4741,22722,1,Yes,13,3,3,1,5,3,3,5,3,3,3,0.5,0.5,0.5,0.5,0.3333333333333333,0.25,2.369315342328836,2.3333333333333335,2.0,7.0,0.4666666666666667,2.1,1.9000000000000001,0.8137931034482758,9.75,20.0,46.666666666666664,50.0,53.84615384615385,50.0,39.66666666666667,Medium Risk,0,Fast-Track Performers,1.9988779605331144,-1.3433183399945134
37,0,Travel_Rarely,1372,Research & Development,1,3,Life Sciences,4,Female,42,3,1,Research Scientist,4,Single,2115,15881,1,No,12,3,2,0,17,3,3,17,12,5,7,0.2777777777777778,0.6666666666666666,0.16666666666666666,0.3888888888888889,0.05555555555555555,0.16666666666666666,2.1128871128871127,3.3333333333333335,3.0,6.600000000000001,0.33055555555555555,1.4,3.3000000000000003,0.16034482758620688,6.0,33.33333333333333,33.05555555555556,66.66666666666666,50.76923076923078,38.88888888888889,43.222222222222214,Medium Risk,0,Fast-Track Performers,1.6342634013856807,1.799258926199552
44,1,Travel_Frequently,920,Research & Development,24,3,Life Sciences,4,Male,43,3,1,Laboratory Technician,3,Divorced,3161,19920,3,Yes,22,4,4,1,19,0,1,1,0,0,0,0.0,0.0,0.0,0.0,0.05,1.0,3.157842157842158,2.3333333333333335,4.0,10.0,0.16666666666666666,1.5999999999999999,3.1,0.9482758620689655,88.0,0.0,16.666666666666664,0.0,76.92307692307693,0.0,6.666666666666666,Low Risk,1,Promotion-Stalled,-3.3102636391201536,-0.5768324044857082
38,0,Travel_Rarely,688,Research & Development,23,4,Life Sciences,4,Male,82,3,2,Healthcare Representative,4,Divorced,5745,18899,9,No,14,3,2,1,10,2,3,2,2,1,2,0.3333333333333333,0.18181818181818182,0.6666666666666666,0.6666666666666666,0.18181818181818182,0.5,2.871064467766117,3.3333333333333335,3.0,7.1,0.22878787878787876,2.1,3.3000000000000003,0.3879310344827586,21.0,6.666666666666667,22.878787878787875,18.181818181818183,54.61538461538461,66.66666666666666,16.606060606060606,Low Risk,3,Stable Contributors,0.15585467652924495,1.8156239136400474
26,1,Travel_Rarely,1449,Research & Development,16,4,Medical,1,Male,45,3,1,Laboratory Technician,2,Divorced,2373,14180,2,Yes,13,3,4,1,5,2,3,3,2,0,2,0.0,0.3333333333333333,0.5,0.5,0.16666666666666666,1.0,2.370629370629371,2.6666666666666665,2.5,6.699999999999999,0.21666666666666667,1.5999999999999999,2.45,0.7155172413793104,39.0,0.0,21.666666666666668,33.33333333333333,51.53846153846153,50.0,18.666666666666664,Low Risk,3,Stable Contributors,-1.2675761159592114,-0.39299482656382995
28,0,Travel_Rarely,1117,Research & Development,8,2,Life Sciences,4,Female,66,3,1,Research Scientist,4,Single,3310,4488,1,No,21,4,4,0,5,3,3,5,3,0,2,0.0,0.5,0.5,0.3333333333333333,0.16666666666666666,1.0,3.306693306693307,3.3333333333333335,4.0,10.5,0.19166666666666665,1.4,3.8000000000000003,0.23275862068965517,84.0,0.0,19.166666666666664,50.0,80.76923076923077,33.33333333333333,22.666666666666664,Low Risk,1,Promotion-Stalled,-2.5517454958247576,1.5352758836955076
49,0,Travel_Frequently,636,Research & Development,10,4,Life Sciences,3,Female,35,3,5,Research Director,1,Single,18665,25594,9,Yes,11,3,4,0,22,4,3,3,2,1,2,0.25,0.08695652173913043,1.0,0.5,0.21739130434782608,0.5,3.732253549290142,2.3333333333333335,3.5,6.5,0.27590579710144925,3.4,2.65,0.8034482758620689,16.5,6.666666666666667,27.590579710144926,8.695652173913043,50.0,50.0,15.644927536231883,Low Risk,4,Career Explorers,0.12629980363799934,-0.29936913953961974
36,0,Travel_Rarely,506,Research & Development,3,3,Technical Degree,3,Male,30,3,2,Research Scientist,2,Single,4485,26285,4,No,12,3,4,0,10,2,3,8,0,7,7,0.7777777777777778,0.0,0.2222222222222222,0.7777777777777778,0.18181818181818182,0.125,2.2413793103448274,2.6666666666666665,3.5,6.300000000000001,0.40555555555555556,1.9,2.95,0.1810344827586207,4.5,46.666666666666664,40.55555555555556,0.0,48.46153846153847,77.77777777777779,30.22222222222222,Low Risk,0,Fast-Track Performers,2.351458711794069,0.5116183835223835
31,0,Travel_Frequently,444,Sales,5,3,Marketing,4,Female,84,3,1,Sales Representative,2,Divorced,2789,3909,1,No,11,3,3,1,2,5,2,2,2,2,2,0.6666666666666666,0.6666666666666666,1.6666666666666667,0.6666666666666666,0.3333333333333333,0.3333333333333333,2.786213786213786,2.3333333333333335,3.5,6.800000000000001,0.5666666666666667,1.5999999999999999,2.75,0.35172413793103446,11.0,13.333333333333334,56.666666666666664,66.66666666666666,52.307692307692314,66.66666666666666,46.666666666666664,Medium Risk,0,Fast-Track Performers,2.8193694191029586,-0.49192597972989155
26,1,Travel_Rarely,950,Sales,4,4,Marketing,4,Male,48,2,2,Sales Executive,4,Single,5828,8450,1,Yes,12,3,2,0,8,0,3,8,7,7,4,0.7777777777777778,0.7777777777777778,0.0,0.4444444444444444,0.2222222222222222,0.125,2.912543728135932,3.0,3.0,5.700000000000001,0.5666666666666667,1.6,3.3000000000000003,0.5913793103448276,4.5,46.666666666666664,56.666666666666664,77.77777777777779,43.846153846153854,44.44444444444444,60.0,Medium Risk,0,Fast-Track Performers,3.402939691155946,1.3742642686231663
37,0,Travel_Frequently,889,Research & Development,9,3,Medical,2,Male,53,3,1,Research Scientist,4,Married,2326,11411,1,Yes,12,3,3,3,4,3,2,4,2,1,2,0.2,0.4,0.6,0.4,0.2,0.5,2.323676323676324,3.0,2.5,6.600000000000001,0.27,2.0,2.85,0.793103448275862,18.0,6.666666666666667,27.0,40.0,50.76923076923078,40.0,24.8,Low Risk,3,Stable Contributors,0.1895431720021843,0.8613248360319544
42,0,Travel_Frequently,555,Sales,26,3,Marketing,3,Female,77,3,4,Sales Executive,2,Married,13525,14864,5,No,14,3,4,1,23,2,4,20,4,4,8,0.19047619047619047,0.16666666666666666,0.09523809523809523,0.38095238095238093,0.16666666666666666,0.2,3.380404898775306,3.0,3.5,7.1,0.20833333333333331,3.1,3.1500000000000004,0.5689655172413792,8.4,26.666666666666668,20.833333333333332,16.666666666666664,54.61538461538461,38.095238095238095,21.333333333333336,Low Risk,3,Stable Contributors,0.2546678405416409,1.3538978771577495
18,1,Travel_Rarely,230,Research & Development,3,3,Life Sciences,3,Male,54,3,1,Laboratory Technician,3,Single,1420,25233,1,No,13,3,3,0,0,2,3,0,0,0,0,0.0,0.0,2.0,0.0,1.0,1.0,1.4185814185814185,3.0,3.0,6.699999999999999,0.1,1.4,3.0,0.1810344827586207,39.0,0.0,10.0,0.0,51.53846153846153,0.0,4.0,Low Risk,2,High-Risk Stagnation,-3.6740991978637463,0.9943766746202692
35,0,Travel_Rarely,1232,Sales,16,3,Marketing,3,Male,96,3,3,Sales Executive,2,Married,8020,5100,0,No,15,3,3,2,12,3,2,11,9,6,9,0.5,0.6923076923076923,0.25,0.75,0.23076923076923078,0.14285714285714285,2.67244251916028,2.3333333333333335,3.0,7.800000000000001,0.5147435897435897,2.8,2.5,0.31551724137931036,6.428571428571429,40.0,51.47435897435897,69.23076923076923,60.00000000000001,75.0,53.35897435897436,Medium Risk,0,Fast-Track Performers,2.9067559816436583,-0.8055430109323732
36,0,Travel_Frequently,566,Research & Development,18,4,Life Sciences,3,Male,81,4,1,Laboratory Technician,4,Married,3688,7122,4,No,18,3,4,2,4,2,3,1,0,0,0,0.0,0.0,1.0,0.0,0.2,1.0,3.6843156843156843,3.6666666666666665,3.5,8.7,0.03333333333333335,2.1,3.5500000000000003,0.4862068965517241,54.0,0.0,3.333333333333335,0.0,66.92307692307692,0.0,1.333333333333334,Low Risk,2,High-Risk Stagnation,-3.395531605070674,2.3019253410262395
51,0,Travel_Rarely,1302,Research & Development,2,3,Medical,4,Male,84,1,2,Manufacturing Director,2,Divorced,5482,16321,5,No,18,3,4,1,13,3,3,4,1,1,2,0.2,0.07142857142857142,0.6,0.4,0.14285714285714285,0.5,2.739630184907546,2.0,4.0,9.0,0.28785714285714287,1.5,3.2,0.1706896551724138,27.0,6.666666666666667,28.78571428571429,7.142857142857142,69.23076923076923,40.0,15.657142857142858,Low Risk,4,Career Explorers,-0.2518464793486722,-0.5643112705456003
41,0,Travel_Rarely,334,Sales,2,4,Life Sciences,4,Male,88,3,4,Manager,2,Single,16015,15896,1,No,19,3,2,0,22,2,3,22,10,0,4,0.0,0.43478260869565216,0.08695652173913043,0.17391304347826086,0.17391304347826086,1.0,4.002749312671832,2.6666666666666665,3.0,9.100000000000001,0.24202898550724639,2.9,2.7,0.1706896551724138,57.0,0.0,24.20289855072464,43.47826086956522,70.0,17.391304347826086,22.72463768115942,Low Risk,1,Promotion-Stalled,-1.874311807037078,-0.5862741403232056
18,0,Travel_Rarely,812,Sales,10,3,Medical,4,Female,69,2,1,Sales Representative,3,Single,1200,9724,1,No,12,3,1,0,0,2,3,0,0,0,0,0.0,0.0,2.0,0.0,1.0,1.0,1.1988011988011988,2.6666666666666665,2.5,6.300000000000001,0.13333333333333336,1.1,2.75,0.253448275862069,36.0,0.0,13.333333333333336,0.0,48.46153846153847,0.0,5.333333333333335,Low Risk,2,High-Risk Stagnation,-3.4273441124389628,0.2377456237005375
28,0,Travel_Rarely,1476,Research & Development,16,2,Medical,2,Male,68,4,2,Healthcare Representative,1,Single,5661,4824,0,No,19,3,3,0,9,2,3,8,3,0,7,0.0,0.3,0.2222222222222222,0.7777777777777778,0.2,1.0,2.8290854572713644,2.6666666666666665,2.5,9.100000000000001,0.20833333333333337,2.2,2.1500000000000004,0.31551724137931036,57.0,0.0,20.833333333333336,30.0,70.0,77.77777777777779,17.333333333333336,Low Risk,1,Promotion-Stalled,-1.5659594770793084,-1.165824193206694
31,0,Travel_Rarely,218,Sales,7,3,Technical Degree,2,Male,100,4,2,Sales Executive,4,Married,6929,12241,4,No,11,3,2,1,10,3,2,8,7,7,7,0.7777777777777778,0.6363636363636364,0.3333333333333333,0.7777777777777778,0.18181818181818182,0.125,3.4627686156921538,3.3333333333333335,2.0,6.200000000000001,0.49797979797979797,2.4000000000000004,2.6,0.22241379310344828,4.125,46.666666666666664,49.7979797979798,63.63636363636363,47.6923076923077,77.77777777777779,53.01010101010101,Medium Risk,0,Fast-Track Performers,3.3643964248518166,0.9105979723615983
39,0,Travel_Rarely,1132,Research & Development,1,3,Medical,3,Male,48,4,3,Healthcare Representative,4,Divorced,9613,10942,0,No,17,3,1,3,19,5,2,18,10,3,7,0.15789473684210525,0.5,0.2631578947368421,0.3684210526315789,0.15,0.25,3.20326557814062,3.3333333333333335,2.0,9.200000000000001,0.2469298245614035,3.3000000000000003,2.6,0.16034482758620688,12.75,20.0,24.69298245614035,50.0,70.76923076923077,36.84210526315789,30.87719298245614,Low Risk,3,Stable Contributors,0.466203533501544,0.7424923361838616
36,0,Non-Travel,1105,Research & Development,24,4,Life Sciences,2,Female,47,3,2,Laboratory Technician,2,Married,5674,6927,7,No,15,3,3,1,11,3,3,9,8,0,8,0.0,0.6666666666666666,0.3,0.8,0.16666666666666666,1.0,2.835582208895552,2.6666666666666665,2.5,7.800000000000001,0.30000000000000004,2.1,2.45,0.2482758620689655,45.0,0.0,30.000000000000004,66.66666666666666,60.00000000000001,80.0,32.0,Low Risk,4,Career Explorers,-0.46457829955547186,-0.7388613006552743
32,0,Travel_Rarely,906,Sales,7,3,Life Sciences,4,Male,91,2,2,Sales Executive,3,Married,5484,16985,1,No,14,3,3,1,13,3,2,13,8,4,8,0.2857142857142857,0.5714285714285714,0.21428571428571427,0.5714285714285714,0.14285714285714285,0.2,2.7406296851574212,2.3333333333333335,3.5,7.4,0.4095238095238095,1.8,3.05,0.22241379310344828,8.4,26.666666666666668,40.95238095238095,57.14285714285714,56.92307692307692,57.14285714285714,41.52380952380952,Medium Risk,0,Fast-Track Performers,1.87085977583866,-0.06490276768655745
38,0,Travel_Rarely,849,Research & Development,25,2,Life Sciences,1,Female,81,2,3,Research Director,2,Married,12061,26707,3,No,17,3,3,1,19,2,3,10,8,0,1,0.0,0.4,0.18181818181818182,0.09090909090909091,0.15,1.0,4.018993668777075,2.3333333333333335,2.0,8.3,0.26666666666666666,2.3000000000000003,2.2,0.4086206896551724,51.0,0.0,26.666666666666668,40.0,63.846153846153854,9.090909090909092,22.666666666666668,Low Risk,1,Promotion-Stalled,-1.6585972328559182,-1.5630558048029044
58,0,Non-Travel,390,Research & Development,1,4,Life Sciences,4,Male,32,1,2,Healthcare Representative,3,Divorced,5660,17056,2,Yes,13,3,4,1,12,2,3,5,3,1,2,0.16666666666666666,0.23076923076923078,0.3333333333333333,0.3333333333333333,0.15384615384615385,0.5,2.8285857071464267,2.3333333333333335,4.0,6.699999999999999,0.2826923076923077,1.5,3.5,0.41034482758620694,19.5,6.666666666666667,28.26923076923077,23.076923076923077,51.53846153846153,33.33333333333333,20.23076923076923,Low Risk,3,Stable Contributors,-0.005685512533253556,0.5892443709129545
31,0,Travel_Rarely,691,Research & Development,5,4,Technical Degree,3,Male,86,3,1,Research Scientist,4,Married,4821,10077,0,Yes,12,3,3,1,6,4,3,5,2,0,3,0.0,0.2857142857142857,0.6666666666666666,0.5,0.14285714285714285,1.0,4.816183816183816,3.3333333333333335,3.0,6.9,0.13809523809523808,1.5999999999999999,3.3000000000000003,0.6017241379310345,36.0,0.0,13.809523809523808,28.57142857142857,53.07692307692308,50.0,14.095238095238095,Low Risk,3,Stable Contributors,-1.636824244304532,1.692209817870551
31,0,Travel_Rarely,106,Human Resources,2,3,Human Resources,1,Male,62,2,2,Human Resources,1,Married,6410,17822,3,No,12,3,4,0,9,1,3,2,2,1,0,0.3333333333333333,0.2,0.3333333333333333,0.0,0.2,0.5,3.203398300849575,2.0,2.5,6.0,0.3666666666666667,1.6,2.1500000000000004,0.1706896551724138,18.0,6.666666666666667,36.66666666666667,20.0,46.15384615384615,0.0,22.66666666666667,Low Risk,4,Career Explorers,0.32093320464961866,-1.6730428844962928
45,0,Travel_Frequently,1249,Research & Development,7,3,Life Sciences,1,Male,97,3,3,Laboratory Technician,1,Divorced,5210,20308,1,No,18,3,1,1,24,2,3,24,9,9,11,0.36,0.36,0.08,0.44,0.12,0.1,1.7360879706764412,2.3333333333333335,1.0,8.7,0.38266666666666665,2.6,1.4000000000000001,0.37241379310344824,5.4,60.0,38.266666666666666,36.0,66.92307692307692,44.0,44.10666666666666,Medium Risk,4,Career Explorers,1.7556031333594693,-2.14517840640565
31,0,Travel_Rarely,192,Research & Development,2,4,Life Sciences,3,Male,32,3,1,Research Scientist,4,Divorced,2695,7747,0,Yes,18,3,2,1,3,2,1,2,2,2,2,0.6666666666666666,0.5,0.6666666666666666,0.6666666666666666,0.25,0.3333333333333333,2.6923076923076925,2.6666666666666665,2.5,8.7,0.49166666666666664,1.5999999999999999,2.6500000000000004,0.5706896551724139,18.0,13.333333333333334,49.166666666666664,50.0,66.92307692307692,66.66666666666666,38.66666666666667,Medium Risk,0,Fast-Track Performers,2.1922204437368706,-0.22266016367815739
33,0,Travel_Frequently,553,Research & Development,5,4,Life Sciences,4,Female,74,3,3,Manager,2,Married,11878,23364,6,No,11,3,2,2,12,2,3,10,6,8,8,0.7272727272727273,0.46153846153846156,0.18181818181818182,0.7272727272727273,0.23076923076923078,0.1111111111111111,3.9580139953348885,2.6666666666666665,3.0,5.9,0.5032634032634034,2.8,2.7,0.35172413793103446,3.6666666666666665,53.333333333333336,50.326340326340336,46.15384615384615,45.38461538461539,72.72727272727273,49.97668997668998,Medium Risk,0,Fast-Track Performers,3.0976213849232836,0.16073852627476215
39,0,Travel_Rarely,117,Research & Development,10,1,Medical,3,Male,99,3,4,Manager,1,Married,17068,5355,1,Yes,14,3,4,0,21,3,3,21,9,11,10,0.5,0.4090909090909091,0.13636363636363635,0.45454545454545453,0.18181818181818182,0.08333333333333333,4.265933516620845,2.3333333333333335,3.5,7.4,0.44393939393939397,2.9,2.65,0.653448275862069,3.5,73.33333333333333,44.3939393939394,40.909090909090914,56.92307692307692,45.45454545454545,52.03030303030303,Medium Risk,0,Fast-Track Performers,2.2470490996758885,-0.3956224831770577
43,0,Travel_Frequently,185,Research & Development,10,4,Life Sciences,3,Female,33,3,1,Laboratory Technician,4,Single,2455,10675,0,No,19,3,1,0,9,5,3,8,7,1,7,0.1111111111111111,0.7,0.5555555555555556,0.7777777777777778,0.1,0.5,2.4525474525474524,3.3333333333333335,2.0,10.000000000000002,0.28055555555555556,1.4,2.8000000000000003,0.40344827586206894,28.5,6.666666666666667,28.055555555555557,70.0,76.92307692307693,77.77777777777779,34.22222222222222,Medium Risk,3,Stable Contributors,0.5079650863383621,0.7767755184077282
49,0,Travel_Rarely,1091,Research & Development,1,2,Technical Degree,3,Female,90,2,4,Healthcare Representative,3,Single,13964,17810,7,Yes,12,3,4,0,25,2,3,7,1,0,7,0.0,0.038461538461538464,0.25,0.875,0.15384615384615385,1.0,3.490127468132967,2.6666666666666665,3.5,6.300000000000001,0.14294871794871797,2.6,3.25,0.560344827586207,36.0,0.0,14.294871794871797,3.8461538461538463,48.46153846153847,87.5,6.871794871794872,Low Risk,3,Stable Contributors,-1.4408729865442442,0.7432673085744598
52,1,Travel_Rarely,723,Research & Development,8,4,Medical,3,Male,85,2,2,Research Scientist,2,Married,4941,17747,2,No,15,3,1,0,11,3,2,8,2,7,7,0.7777777777777778,0.16666666666666666,0.3333333333333333,0.7777777777777778,0.16666666666666666,0.125,2.469265367316342,2.0,2.0,7.800000000000001,0.5138888888888888,1.6,2.0,0.23275862068965517,5.625,46.666666666666664,51.388888888888886,16.666666666666664,60.00000000000001,77.77777777777779,39.55555555555556,Medium Risk,0,Fast-Track Performers,2.962976850341649,-1.8910048617003463
27,0,Travel_Rarely,1220,Research & Development,5,3,Life Sciences,3,Female,85,3,1,Research Scientist,2,Single,2478,20938,1,Yes,12,3,2,0,4,2,2,4,3,1,2,0.2,0.6,0.4,0.4,0.2,0.5,2.4755244755244754,2.3333333333333335,2.5,6.300000000000001,0.3866666666666666,1.4,2.25,0.6017241379310345,18.0,6.666666666666667,38.66666666666666,60.0,48.46153846153847,40.0,35.46666666666666,Medium Risk,4,Career Explorers,0.9571936825389528,-1.0139223520263614
32,0,Travel_Rarely,588,Sales,8,2,Technical Degree,3,Female,65,2,2,Sales Executive,2,Married,5228,24624,1,Yes,11,3,4,0,13,2,3,13,12,11,9,0.7857142857142857,0.8571428571428571,0.14285714285714285,0.6428571428571429,0.14285714285714285,0.08333333333333333,2.6126936531734133,2.3333333333333335,3.5,5.9,0.6559523809523808,1.6,2.95,0.6327586206896552,2.75,73.33333333333333,65.59523809523809,85.71428571428571,45.38461538461539,64.28571428571429,73.95238095238095,High Risk,0,Fast-Track Performers,4.286810822270751,-0.11578926643387827
27,0,Travel_Rarely,1377,Sales,2,3,Life Sciences,4,Male,74,3,2,Sales Executive,3,Single,4478,5242,1,Yes,11,3,1,0,5,3,3,5,4,0,4,0.0,0.6666666666666666,0.5,0.6666666666666666,0.3333333333333333,1.0,2.237881059470265,3.0,2.5,6.200000000000001,0.26666666666666666,1.9,2.75,0.5706896551724139,33.0,0.0,26.666666666666668,66.66666666666666,47.6923076923077,66.66666666666666,30.666666666666664,Low Risk,3,Stable Contributors,-0.6639077789187335,0.4936508582019315
31,0,Travel_Rarely,691,Sales,7,3,Marketing,4,Male,73,3,2,Sales Executive,4,Divorced,7547,7143,4,No,12,3,4,3,13,3,3,7,7,1,7,0.125,0.5,0.375,0.875,0.14285714285714285,0.5,3.7716141929035483,3.3333333333333335,4.0,6.600000000000001,0.23541666666666666,2.5,3.8000000000000003,0.22241379310344828,18.0,6.666666666666667,23.541666666666668,50.0,50.76923076923078,87.5,26.416666666666668,Low Risk,3,Stable Contributors,0.5253282719278923,2.423715924759777
32,0,Travel_Rarely,1018,Research & Development,2,4,Medical,1,Female,74,4,2,Research Scientist,4,Single,5055,10557,7,No,16,3,3,0,10,0,2,7,7,0,7,0.0,0.6363636363636364,0.0,0.875,0.18181818181818182,1.0,2.52623688155922,3.3333333333333335,2.0,7.300000000000001,0.22575757575757574,2.2,2.6,0.1706896551724138,48.0,0.0,22.575757575757574,63.63636363636363,56.15384615384615,87.5,28.121212121212118,Low Risk,3,Stable Contributors,-0.8190192757698882,0.4918018514758667
28,1,Travel_Rarely,1157,Research & Development,2,4,Medical,1,Male,84,1,1,Research Scientist,4,Married,3464,24737,5,Yes,13,3,4,0,5,4,2,3,2,2,2,0.5,0.3333333333333333,1.0,0.5,0.16666666666666666,0.3333333333333333,3.4605394605394606,2.3333333333333335,2.5,7.300000000000001,0.42499999999999993,0.8,2.85,0.5706896551724139,13.0,13.333333333333334,42.49999999999999,33.33333333333333,56.15384615384615,50.0,30.999999999999993,Low Risk,0,Fast-Track Performers,1.6416695833494408,-0.2655534611959066
30,0,Travel_Rarely,1275,Research & Development,28,2,Medical,4,Female,64,3,2,Research Scientist,4,Married,5775,11934,1,No,13,3,4,2,11,2,3,10,8,1,9,0.09090909090909091,0.6666666666666666,0.18181818181818182,0.8181818181818182,0.16666666666666666,0.5,2.886056971514243,3.3333333333333335,4.0,6.699999999999999,0.26515151515151514,2.3,3.8000000000000003,0.43965517241379315,19.5,6.666666666666667,26.515151515151516,66.66666666666666,51.53846153846153,81.81818181818183,32.6060606060606,Low Risk,3,Stable Contributors,0.6403123738689844,2.4236763745120085
31,0,Travel_Frequently,798,Research & Development,7,2,Life Sciences,3,Female,48,2,3,Manufacturing Director,3,Married,8943,14034,1,No,24,4,1,1,10,2,3,10,9,8,9,0.7272727272727273,0.8181818181818182,0.18181818181818182,0.8181818181818182,0.2727272727272727,0.1111111111111111,2.980006664445185,2.6666666666666665,2.0,11.4,0.5924242424242425,2.3000000000000003,2.5,0.37241379310344824,10.666666666666666,53.333333333333336,59.24242424242425,81.81818181818183,87.6923076923077,81.81818181818183,64.24242424242425,Medium Risk,0,Fast-Track Performers,3.4283696235507657,-0.6789794683558251
39,0,Travel_Frequently,672,Research & Development,7,2,Medical,3,Male,54,2,5,Manager,4,Married,19272,21141,1,No,15,3,1,1,21,2,3,21,9,13,3,0.5909090909090909,0.4090909090909091,0.09090909090909091,0.13636363636363635,0.22727272727272727,0.07142857142857142,3.8536292741451708,3.0,2.0,7.5,0.40909090909090906,3.3000000000000003,2.8000000000000003,0.37241379310344824,3.2142857142857144,86.66666666666667,40.90909090909091,40.909090909090914,57.692307692307686,13.636363636363635,54.63636363636363,Medium Risk,0,Fast-Track Performers,1.8422322873234493,0.7124238811415591
39,1,Travel_Rarely,1162,Sales,3,2,Medical,4,Female,41,3,2,Sales Executive,3,Married,5238,17778,4,Yes,18,3,1,0,12,3,2,1,0,0,0,0.0,0.0,1.5,0.0,0.15384615384615385,1.0,2.6176911544227885,2.6666666666666665,2.5,9.0,0.13333333333333336,1.9,2.55,0.5810344827586207,54.0,0.0,13.333333333333336,0.0,69.23076923076923,0.0,5.333333333333335,Low Risk,1,Promotion-Stalled,-2.83863492063395,-0.515282185222859
33,0,Travel_Frequently,508,Sales,10,3,Marketing,2,Male,46,2,2,Sales Executive,4,Single,4682,4317,3,No,14,3,3,0,9,6,2,7,7,0,1,0.0,0.7,0.75,0.125,0.2,1.0,2.339830084957521,2.6666666666666665,2.5,8.3,0.30833333333333335,1.6,2.85,0.40344827586206894,42.0,0.0,30.833333333333336,70.0,63.846153846153854,12.5,33.333333333333336,Medium Risk,3,Stable Contributors,-1.0924312194829482,-0.2440925806392519
47,0,Travel_Rarely,1482,Research & Development,5,5,Life Sciences,4,Male,42,3,5,Research Director,3,Married,18300,16375,4,No,11,3,2,1,21,2,3,3,2,1,1,0.25,0.09090909090909091,0.5,0.25,0.22727272727272727,0.5,3.6592681463707257,3.0,3.0,5.9,0.21022727272727273,3.6,3.0,0.20172413793103447,16.5,6.666666666666667,21.022727272727273,9.090909090909092,45.38461538461539,25.0,13.136363636363637,Low Risk,3,Stable Contributors,-0.40310196184428904,1.0459616693208362
43,0,Travel_Frequently,559,Research & Development,10,4,Life Sciences,3,Female,82,2,2,Laboratory Technician,3,Divorced,5257,6227,1,No,11,3,2,1,9,3,4,9,7,0,0,0.0,0.7,0.3,0.0,0.2,1.0,2.6271864067966018,3.0,2.5,6.200000000000001,0.275,1.8,2.95,0.40344827586206894,33.0,0.0,27.500000000000004,70.0,47.6923076923077,0.0,32.0,Low Risk,3,Stable Contributors,-1.0829025716743519,0.6210236533841066
27,0,Non-Travel,210,Sales,1,1,Marketing,3,Male,73,3,2,Sales Executive,2,Married,6349,22107,0,Yes,13,3,4,1,6,0,3,5,4,1,4,0.16666666666666666,0.5714285714285714,0.0,0.6666666666666666,0.2857142857142857,0.5,3.1729135432283857,2.6666666666666665,3.5,6.1,0.33452380952380956,2.1,2.95,0.41034482758620694,19.5,6.666666666666667,33.452380952380956,57.14285714285714,46.92307692307692,66.66666666666666,32.523809523809526,Low Risk,3,Stable Contributors,0.7493085619112874,0.39768450057549276
54,0,Travel_Frequently,928,Research & Development,20,4,Life Sciences,4,Female,31,3,2,Research Scientist,3,Single,4869,16885,3,No,12,3,4,0,20,4,2,4,3,0,3,0.0,0.14285714285714285,0.8,0.6,0.09523809523809523,1.0,2.4332833583208395,2.6666666666666665,4.0,6.9,0.16904761904761906,1.9,3.3,0.506896551724138,36.0,0.0,16.904761904761905,14.285714285714285,53.07692307692308,60.0,11.047619047619047,Low Risk,3,Stable Contributors,-1.4565328404950078,0.6802238056829591
43,0,Travel_Rarely,1001,Research & Development,7,3,Life Sciences,3,Female,43,3,3,Healthcare Representative,1,Married,9985,9262,8,No,16,3,1,1,10,1,2,1,0,0,0,0.0,0.0,0.5,0.0,0.2727272727272727,1.0,3.327224258580473,2.0,2.0,7.6,0.2,2.6,1.7000000000000002,0.22241379310344828,48.0,0.0,20.0,0.0,58.46153846153845,0.0,8.0,Low Risk,2,High-Risk Stagnation,-2.434694188427014,-2.5243042575084353
45,0,Travel_Rarely,549,Research & Development,8,4,Other,4,Male,75,3,2,Research Scientist,4,Married,3697,9278,9,No,14,3,1,2,12,3,3,10,9,9,8,0.8181818181818182,0.6923076923076923,0.2727272727272727,0.7272727272727273,0.15384615384615385,0.1,1.847576211894053,3.3333333333333335,2.5,7.4,0.5261072261072262,2.3,3.0500000000000003,0.23275862068965517,4.2,60.0,52.61072261072262,69.23076923076923,56.92307692307692,72.72727272727273,59.81351981351981,Medium Risk,0,Fast-Track Performers,3.5213632501483993,1.354094156427638
40,0,Travel_Rarely,1124,Sales,1,2,Medical,2,Male,57,1,2,Sales Executive,4,Married,7457,13273,2,Yes,22,4,3,3,6,2,2,4,3,0,2,0.0,0.42857142857142855,0.4,0.4,0.2857142857142857,1.0,3.7266366816591705,2.3333333333333335,2.5,10.6,0.2738095238095238,1.9000000000000001,2.85,0.560344827586207,88.0,0.0,27.38095238095238,42.857142857142854,81.53846153846153,40.0,23.80952380952381,Low Risk,1,Promotion-Stalled,-2.362648692685067,-1.0945524205983999
29,1,Travel_Rarely,318,Research & Development,8,4,Other,2,Male,77,1,1,Laboratory Technician,1,Married,2119,4759,1,Yes,11,3,4,0,7,4,2,7,7,0,7,0.0,0.875,0.5,0.875,0.125,1.0,2.116883116883117,1.3333333333333333,3.0,6.5,0.4854166666666667,0.8,2.2,0.6327586206896552,33.0,0.0,48.54166666666667,87.5,50.0,87.5,45.66666666666667,Medium Risk,4,Career Explorers,1.0141504958788528,-2.886271305799391
29,0,Travel_Rarely,738,Research & Development,9,5,Other,2,Male,30,2,1,Laboratory Technician,4,Single,3983,7621,0,No,17,3,3,0,4,2,3,3,2,2,2,0.5,0.4,0.5,0.5,0.2,0.3333333333333333,3.979020979020979,3.0,2.5,8.3,0.375,1.1,3.0500000000000003,0.24310344827586206,17.0,13.333333333333334,37.5,40.0,63.846153846153854,50.0,31.0,Low Risk,0,Fast-Track Performers,1.289085091425037,0.8041051725257881
30,0,Travel_Rarely,570,Sales,5,3,Marketing,4,Female,30,2,2,Sales Executive,3,Divorced,6118,5431,1,No,13,3,3,3,10,2,3,10,9,1,2,0.09090909090909091,0.8181818181818182,0.18181818181818182,0.18181818181818182,0.18181818181818182,0.5,3.057471264367816,2.6666666666666665,3.5,6.699999999999999,0.36969696969696975,2.2,3.25,0.20172413793103447,19.5,6.666666666666667,36.969696969696976,81.81818181818183,51.53846153846153,18.181818181818183,41.333333333333336,Medium Risk,3,Stable Contributors,0.6503403126345361,0.5631263354726098
27,0,Travel_Rarely,1130,Sales,8,4,Marketing,2,Female,56,3,2,Sales Executive,2,Married,6214,3415,1,No,18,3,1,1,8,3,3,8,7,0,7,0.0,0.7777777777777778,0.3333333333333333,0.7777777777777778,0.2222222222222222,1.0,3.105447276361819,2.6666666666666665,1.5,9.0,0.32777777777777783,2.1,1.9500000000000002,0.23275862068965517,54.0,0.0,32.777777777777786,77.77777777777779,69.23076923076923,77.77777777777779,36.44444444444445,Medium Risk,4,Career Explorers,-0.5477482982805121,-1.557974539658454
37,0,Travel_Rarely,1192,Research & Development,5,2,Medical,4,Male,61,3,2,Manufacturing Director,4,Divorced,6347,23177,7,No,16,3,3,2,8,2,2,6,2,0,4,0.0,0.2222222222222222,0.2857142857142857,0.5714285714285714,0.2222222222222222,1.0,3.1719140429785107,3.0,3.5,7.9,0.15555555555555556,2.3,3.35,0.20172413793103447,48.0,0.0,15.555555555555555,22.22222222222222,60.769230769230774,57.14285714285714,12.88888888888889,Low Risk,3,Stable Contributors,-1.9266439117565732,1.0197717302124119
38,0,Travel_Rarely,343,Research & Development,15,2,Life Sciences,3,Male,92,2,3,Research Director,4,Divorced,11510,15682,0,Yes,14,3,2,1,12,3,3,11,10,2,9,0.16666666666666666,0.7692307692307693,0.25,0.75,0.23076923076923078,0.3333333333333333,3.835388203932023,3.0,2.5,7.4,0.3506410256410256,2.3000000000000003,3.0500000000000003,0.7051724137931035,14.0,13.333333333333334,35.06410256410256,76.92307692307693,56.92307692307692,75.0,41.1025641025641,Medium Risk,0,Fast-Track Performers,1.3901763330015913,1.017255364928277
31,0,Travel_Rarely,1232,Research & Development,7,4,Medical,3,Female,39,3,3,Manufacturing Director,4,Single,7143,25713,1,Yes,14,3,3,0,11,2,2,11,9,4,10,0.3333333333333333,0.75,0.16666666666666666,0.8333333333333334,0.25,0.2,2.380206597800733,3.0,3.0,7.1,0.4041666666666667,2.4,3.1,0.6224137931034484,8.4,26.666666666666668,40.416666666666664,75.0,54.61538461538461,83.33333333333334,46.66666666666667,Medium Risk,0,Fast-Track Performers,2.1825416986357755,1.126880787100616
29,0,Travel_Rarely,144,Sales,10,1,Marketing,4,Female,39,2,2,Sales Executive,2,Divorced,8268,11866,1,Yes,14,3,1,2,7,2,3,7,7,1,7,0.125,0.875,0.25,0.875,0.25,0.5,4.131934032983509,2.3333333333333335,2.5,7.1,0.4291666666666667,2.0,2.45,0.653448275862069,21.0,6.666666666666667,42.91666666666667,87.5,54.61538461538461,87.5,45.41666666666667,Medium Risk,4,Career Explorers,1.5871714333016111,-0.860244953992168
35,0,Travel_Rarely,1296,Research & Development,5,4,Technical Degree,3,Male,62,3,3,Manufacturing Director,2,Single,8095,18264,0,No,13,3,4,0,17,5,3,16,6,0,13,0.0,0.3333333333333333,0.29411764705882354,0.7647058823529411,0.16666666666666666,1.0,2.6974341886037987,2.6666666666666665,3.5,7.6,0.21666666666666667,2.4,2.95,0.20172413793103447,39.0,0.0,21.666666666666668,33.33333333333333,58.46153846153845,76.47058823529412,18.666666666666664,Low Risk,3,Stable Contributors,-1.0722134464178044,0.04527035157663602
23,0,Travel_Rarely,1309,Research & Development,26,1,Life Sciences,3,Male,83,3,1,Research Scientist,4,Divorced,2904,16092,1,No,12,3,3,2,4,2,2,4,2,0,2,0.0,0.4,0.4,0.4,0.2,1.0,2.901098901098901,3.0,3.0,6.300000000000001,0.2,1.7999999999999998,3.1,0.4189655172413793,36.0,0.0,20.0,40.0,48.46153846153847,40.0,20.0,Low Risk,3,Stable Contributors,-1.373684530742181,0.9017793536127936
41,0,Travel_Rarely,483,Research & Development,6,3,Medical,4,Male,95,2,2,Manufacturing Director,2,Single,6032,10110,6,Yes,15,3,4,0,8,3,3,5,4,1,2,0.16666666666666666,0.4444444444444444,0.5,0.3333333333333333,0.2222222222222222,0.5,3.0144927536231885,2.3333333333333335,4.0,7.800000000000001,0.3361111111111111,1.6,3.2,0.6120689655172414,22.5,6.666666666666667,33.61111111111111,44.44444444444444,60.00000000000001,33.33333333333333,28.777777777777775,Low Risk,3,Stable Contributors,0.2321814268211145,0.10388032265134473
47,0,Travel_Frequently,1309,Sales,4,1,Medical,2,Male,99,3,2,Sales Representative,3,Single,2976,25751,3,No,19,3,1,0,5,3,3,0,0,0,0,0.0,0.0,3.0,0.0,0.3333333333333333,1.0,1.487256371814093,3.0,1.5,9.4,0.1,1.9,2.25,0.3413793103448276,57.0,0.0,10.0,0.0,72.3076923076923,0.0,4.0,Low Risk,2,High-Risk Stagnation,-3.283108006773287,-0.45016443950901536
42,0,Travel_Rarely,810,Research & Development,23,5,Life Sciences,1,Female,44,3,4,Research Director,4,Single,15992,15901,2,No,14,3,2,0,16,2,3,1,0,0,0,0.0,0.0,1.0,0.0,0.23529411764705882,1.0,3.997000749812547,3.3333333333333335,1.5,7.1,0.06666666666666665,2.9,2.55,0.3879310344827586,42.0,0.0,6.666666666666665,0.0,54.61538461538461,0.0,2.666666666666666,Low Risk,2,High-Risk Stagnation,-2.908404536858461,0.7171904406958911
29,0,Non-Travel,746,Sales,2,3,Life Sciences,4,Male,61,3,2,Sales Executive,3,Married,4649,16928,1,No,14,3,1,1,4,3,2,4,3,0,2,0.0,0.6,0.6,0.4,0.4,1.0,2.3233383308345825,2.6666666666666665,2.5,7.4,0.2833333333333333,2.1,2.55,0.020689655172413793,42.0,0.0,28.333333333333332,60.0,56.92307692307692,40.0,29.333333333333336,Low Risk,4,Career Explorers,-1.209589280824138,-0.5511979005623774
42,0,Travel_Rarely,544,Human Resources,2,1,Technical Degree,3,Male,52,3,1,Human Resources,3,Divorced,2696,24017,0,Yes,11,3,3,1,4,5,3,3,2,1,0,0.25,0.4,1.25,0.0,0.2,0.5,2.693306693306693,3.0,3.0,6.800000000000001,0.2875,1.5999999999999999,3.0,0.5706896551724139,16.5,6.666666666666667,28.749999999999996,40.0,52.307692307692314,0.0,25.5,Low Risk,3,Stable Contributors,-0.04284127057718784,0.9529591826311415
32,0,Travel_Rarely,1062,Research & Development,2,3,Medical,3,Female,75,3,1,Laboratory Technician,2,Married,2370,3956,1,No,13,3,3,1,8,4,3,8,0,0,7,0.0,0.0,0.4444444444444444,0.7777777777777778,0.1111111111111111,1.0,2.3676323676323676,2.6666666666666665,3.0,7.300000000000001,0.13333333333333336,1.5999999999999999,2.7,0.1706896551724138,39.0,0.0,13.333333333333336,0.0,56.15384615384615,77.77777777777779,5.333333333333335,Low Risk,3,Stable Contributors,-1.6345065035971862,-0.1657890920136562
48,0,Travel_Rarely,530,Sales,29,1,Medical,1,Female,91,3,3,Manager,3,Married,12504,23978,3,No,21,4,2,1,15,3,1,0,0,0,0,0.0,0.0,3.0,0.0,0.1875,1.0,4.166611129623459,2.3333333333333335,1.5,10.5,0.16666666666666666,2.6,1.8499999999999999,0.44999999999999996,84.0,0.0,16.666666666666664,0.0,80.76923076923077,0.0,6.666666666666666,Low Risk,1,Promotion-Stalled,-3.358274476157523,-2.270388014904343
37,0,Travel_Rarely,1319,Research & Development,6,3,Medical,3,Male,51,4,2,Research Scientist,1,Divorced,5974,17001,4,Yes,13,3,1,2,13,2,3,7,7,6,7,0.75,0.5,0.25,0.875,0.14285714285714285,0.14285714285714285,2.9855072463768115,2.6666666666666665,2.0,6.699999999999999,0.5208333333333333,2.6,1.9000000000000001,0.6120689655172414,5.571428571428571,40.0,52.08333333333333,50.0,51.53846153846153,87.5,47.83333333333333,Medium Risk,0,Fast-Track Performers,3.411073482518871,-0.9086412578440038
30,0,Non-Travel,641,Sales,25,2,Technical Degree,4,Female,85,3,2,Sales Executive,3,Married,4736,6069,7,Yes,12,3,2,1,4,2,4,2,2,2,2,0.6666666666666666,0.4,0.6666666666666666,0.6666666666666666,0.4,0.3333333333333333,2.366816591704148,3.3333333333333335,3.0,6.300000000000001,0.39999999999999997,2.1,3.2,0.6586206896551724,12.0,13.333333333333334,40.0,40.0,48.46153846153847,66.66666666666666,32.0,Low Risk,0,Fast-Track Performers,1.7054162418528993,1.8335194774063353
26,0,Travel_Rarely,933,Sales,1,3,Life Sciences,3,Male,57,3,2,Sales Executive,3,Married,5296,20156,1,No,17,3,2,1,8,3,3,8,7,7,7,0.7777777777777778,0.7777777777777778,0.3333333333333333,0.7777777777777778,0.2222222222222222,0.125,2.6466766616691655,3.0,2.5,8.600000000000001,0.5666666666666667,2.1,2.75,0.16034482758620688,6.375,46.666666666666664,56.666666666666664,77.77777777777779,66.15384615384616,77.77777777777779,60.0,Medium Risk,0,Fast-Track Performers,3.5723338486609886,0.3293118567209077
42,0,Travel_Rarely,1332,Research & Development,2,4,Other,1,Male,98,2,2,Healthcare Representative,4,Single,6781,17078,3,No,23,4,2,0,14,6,3,1,0,0,0,0.0,0.0,3.0,0.0,0.13333333333333333,1.0,3.3888055972013995,3.0,1.5,12.2,0.1,1.6,2.55,0.1706896551724138,92.0,0.0,10.0,0.0,93.84615384615384,0.0,4.0,Low Risk,1,Promotion-Stalled,-3.877993457798067,-0.6413807271986299
21,1,Travel_Frequently,756,Sales,1,1,Technical Degree,1,Female,99,2,1,Sales Representative,2,Single,2174,9150,1,Yes,11,3,3,0,3,3,3,3,2,1,2,0.25,0.5,0.75,0.5,0.25,0.5,2.171828171828172,2.3333333333333335,2.0,6.200000000000001,0.37916666666666665,1.1,2.2,0.7103448275862069,16.5,6.666666666666667,37.916666666666664,50.0,47.6923076923077,50.0,32.166666666666664,Low Risk,4,Career Explorers,0.9651805799518871,-0.9927791882106031
36,0,Non-Travel,845,Sales,1,5,Medical,4,Female,45,3,2,Sales Executive,4,Single,6653,15276,4,No,15,3,2,0,7,6,3,1,0,0,0,0.0,0.0,3.0,0.0,0.25,1.0,3.3248375812093953,3.3333333333333335,3.0,8.7,0.06666666666666665,1.9,3.3000000000000003,0.010344827586206896,45.0,0.0,6.666666666666665,0.0,66.92307692307692,0.0,2.666666666666666,Low Risk,2,High-Risk Stagnation,-3.1041084809778328,1.422645522274754
36,0,Travel_Frequently,541,Sales,3,4,Medical,1,Male,48,2,3,Sales Executive,4,Married,9699,7246,4,No,11,3,1,1,16,2,3,13,9,1,12,0.07142857142857142,0.5294117647058824,0.14285714285714285,0.8571428571428571,0.17647058823529413,0.5,3.231922692435855,3.0,1.0,5.9,0.25735294117647056,2.3000000000000003,2.3,0.3310344827586207,16.5,6.666666666666667,25.735294117647058,52.94117647058824,45.38461538461539,85.71428571428571,28.176470588235297,Low Risk,4,Career Explorers,0.6701657868661437,0.11754743237758646
57,0,Travel_Rarely,593,Research & Development,1,4,Medical,4,Male,88,3,2,Healthcare Representative,3,Married,6755,2967,2,No,11,3,3,0,15,2,3,3,2,1,2,0.25,0.125,0.5,0.5,0.125,0.5,3.3758120939530234,3.0,3.5,5.9,0.21875,1.9,3.25,0.16034482758620688,16.5,6.666666666666667,21.875,12.5,45.38461538461539,50.0,14.5,Low Risk,3,Stable Contributors,0.029617951670576008,1.3247608155962565
40,0,Travel_Rarely,1171,Research & Development,10,4,Life Sciences,4,Female,46,4,1,Laboratory Technician,3,Married,2213,22495,3,Yes,13,3,3,1,10,3,3,7,7,1,7,0.125,0.6363636363636364,0.375,0.875,0.09090909090909091,0.5,2.2107892107892106,3.3333333333333335,3.5,7.0,0.2695075757575757,1.9,3.25,0.653448275862069,19.5,6.666666666666667,26.95075757575757,63.63636363636363,53.84615384615385,87.5,31.871212121212118,Low Risk,3,Stable Contributors,0.836222175031583,1.7391344972681386
21,0,Non-Travel,895,Sales,9,2,Medical,1,Male,39,3,1,Sales Representative,4,Single,2610,2851,1,No,24,4,3,0,3,3,2,3,2,2,2,0.5,0.5,0.75,0.5,0.25,0.3333333333333333,2.6073926073926073,3.0,2.0,11.700000000000001,0.4,1.4,2.6,0.09310344827586207,32.0,13.333333333333334,40.0,50.0,90.00000000000001,50.0,35.0,Medium Risk,0,Fast-Track Performers,0.9746810101271537,-0.2043610462025968
33,1,Travel_Rarely,350,Sales,5,3,Marketing,4,Female,34,3,1,Sales Representative,3,Single,2851,9150,1,Yes,13,3,2,0,1,2,3,1,0,0,0,0.0,0.0,1.0,0.0,0.5,1.0,2.848151848151848,3.0,3.0,6.699999999999999,0.1,1.4,3.0,0.6017241379310345,39.0,0.0,10.0,0.0,51.53846153846153,0.0,4.0,Low Risk,2,High-Risk Stagnation,-3.0417942239252107,0.9630434726278971
37,0,Travel_Rarely,921,Research & Development,10,3,Medical,3,Female,98,3,1,Laboratory Technician,1,Married,3452,17663,6,No,20,4,2,1,17,3,3,5,4,0,3,0.0,0.2222222222222222,0.5,0.5,0.05555555555555555,1.0,3.4485514485514486,2.3333333333333335,2.5,10.1,0.2222222222222222,1.5999999999999999,2.1500000000000004,0.253448275862069,80.0,0.0,22.22222222222222,22.22222222222222,77.6923076923077,50.0,15.555555555555555,Low Risk,1,Promotion-Stalled,-2.1597886262027632,-1.9649245436482377
46,0,Non-Travel,1144,Research & Development,7,4,Medical,3,Female,30,3,2,Manufacturing Director,3,Married,5258,16044,2,No,14,3,3,0,7,2,4,1,0,0,0,0.0,0.0,1.0,0.0,0.25,1.0,2.627686156921539,3.3333333333333335,3.0,7.1,0.06666666666666665,1.9,3.2,0.07241379310344828,42.0,0.0,6.666666666666665,0.0,54.61538461538461,0.0,2.666666666666666,Low Risk,2,High-Risk Stagnation,-2.9539361481408393,1.462802726400187
41,1,Travel_Frequently,143,Sales,4,3,Marketing,1,Male,56,3,2,Sales Executive,2,Single,9355,9558,1,No,18,3,3,0,8,5,3,8,7,7,7,0.7777777777777778,0.7777777777777778,0.5555555555555556,0.7777777777777778,0.2222222222222222,0.125,4.675162418790605,2.6666666666666665,2.0,9.6,0.6000000000000001,1.9,2.2,0.3413793103448276,6.75,46.666666666666664,60.00000000000001,77.77777777777779,73.84615384615384,77.77777777777779,61.333333333333336,Medium Risk,0,Fast-Track Performers,3.6894469797060307,-0.9163330697652937
50,0,Travel_Rarely,1046,Research & Development,10,3,Technical Degree,4,Male,100,2,3,Healthcare Representative,4,Single,10496,2755,6,No,15,3,4,0,20,2,3,4,3,1,3,0.2,0.14285714285714285,0.4,0.6,0.14285714285714285,0.5,3.497500833055648,3.0,4.0,7.5,0.2057142857142857,2.1,3.8000000000000003,0.253448275862069,22.5,6.666666666666667,20.57142857142857,14.285714285714285,57.692307692307686,60.0,14.514285714285712,Low Risk,3,Stable Contributors,-0.23827907418871427,1.8948783678606378
40,1,Travel_Rarely,575,Sales,22,2,Marketing,3,Male,68,2,2,Sales Executive,3,Married,6380,6110,2,Yes,12,3,1,2,8,6,3,6,4,1,0,0.14285714285714285,0.4444444444444444,0.8571428571428571,0.0,0.2222222222222222,0.5,3.1884057971014492,2.6666666666666665,2.0,7.5,0.29444444444444445,2.0,2.5,0.7775862068965518,18.0,6.666666666666667,29.444444444444446,44.44444444444444,57.692307692307686,0.0,27.11111111111111,Low Risk,4,Career Explorers,-0.178438263825176,-0.18388405431027946
31,0,Travel_Rarely,408,Research & Development,9,4,Life Sciences,3,Male,42,2,1,Research Scientist,2,Single,2657,7551,0,Yes,16,3,4,0,3,5,3,2,2,2,2,0.6666666666666666,0.5,1.6666666666666667,0.6666666666666666,0.25,0.3333333333333333,2.6543456543456543,2.3333333333333335,3.5,8.8,0.5249999999999999,1.1,2.95,0.6431034482758621,16.0,13.333333333333334,52.49999999999999,50.0,67.6923076923077,66.66666666666666,40.0,Medium Risk,0,Fast-Track Performers,2.3631222317302094,-0.32835083728137276
21,1,Travel_Rarely,156,Sales,12,3,Life Sciences,3,Female,90,4,1,Sales Representative,2,Single,2716,25422,1,No,15,3,4,0,1,0,3,1,0,0,0,0.0,0.0,0.0,0.0,0.5,1.0,2.7132867132867133,3.0,3.5,6.9,0.1,1.7,2.95,0.27413793103448275,45.0,0.0,10.0,0.0,53.07692307692308,0.0,4.0,Low Risk,2,High-Risk Stagnation,-3.160096826202791,0.7545630989542867
29,0,Travel_Rarely,1283,Research & Development,23,3,Life Sciences,4,Male,54,3,1,Research Scientist,4,Single,2201,18168,9,No,16,3,4,0,6,4,3,3,2,1,2,0.25,0.2857142857142857,1.0,0.5,0.14285714285714285,0.5,2.1988011988011986,3.3333333333333335,4.0,8.5,0.22559523809523807,1.4,3.8000000000000003,0.3879310344827586,24.0,6.666666666666667,22.559523809523807,28.57142857142857,65.38461538461539,50.0,19.595238095238095,Low Risk,3,Stable Contributors,-0.14533312499264675,2.2867726565847053
35,0,Travel_Rarely,755,Research & Development,9,4,Life Sciences,3,Male,97,2,2,Healthcare Representative,2,Single,6540,19394,9,No,19,3,3,0,10,5,3,1,1,0,0,0.0,0.09090909090909091,2.5,0.0,0.18181818181818182,1.0,3.2683658170914542,2.3333333333333335,3.0,10.000000000000002,0.1893939393939394,1.6,2.7,0.24310344827586206,57.0,0.0,18.939393939393938,9.090909090909092,76.92307692307693,0.0,10.303030303030303,Low Risk,1,Promotion-Stalled,-2.648857788690348,-1.049162441164868
27,0,Travel_Rarely,1469,Research & Development,1,2,Medical,4,Male,82,3,1,Laboratory Technician,2,Divorced,3816,17881,1,No,11,3,2,1,5,2,3,5,2,0,4,0.0,0.3333333333333333,0.3333333333333333,0.6666666666666666,0.16666666666666666,1.0,3.8121878121878123,2.6666666666666665,3.0,5.9,0.21666666666666667,1.5999999999999999,2.7,0.16034482758620688,33.0,0.0,21.666666666666668,33.33333333333333,45.38461538461539,66.66666666666666,18.666666666666664,Low Risk,3,Stable Contributors,-0.9431545501708554,-0.10863158357785382
28,0,Travel_Rarely,304,Sales,9,4,Life Sciences,2,Male,92,3,2,Sales Executive,4,Single,5253,20750,1,No,16,3,4,0,7,1,3,7,5,0,7,0.0,0.625,0.125,0.875,0.25,1.0,2.6251874062968517,3.3333333333333335,3.0,7.6,0.22291666666666665,1.9,3.3000000000000003,0.24310344827586206,48.0,0.0,22.291666666666664,62.5,58.46153846153845,87.5,27.666666666666664,Low Risk,3,Stable Contributors,-0.9845549552483561,1.3988144280446504
49,0,Travel_Rarely,1261,Research & Development,7,3,Other,2,Male,31,2,3,Healthcare Representative,3,Single,10965,12066,8,No,24,4,3,0,26,2,3,5,2,0,0,0.0,0.07407407407407407,0.3333333333333333,0.0,0.1111111111111111,1.0,3.6537820726424526,2.6666666666666665,2.5,11.4,0.15185185185185188,2.1,2.75,0.22241379310344828,96.0,0.0,15.185185185185187,7.4074074074074066,87.6923076923077,0.0,8.296296296296298,Low Risk,1,Promotion-Stalled,-3.590962497772421,-0.8778689011127566
51,0,Travel_Rarely,1178,Sales,14,2,Life Sciences,3,Female,87,3,2,Sales Executive,4,Married,4936,14862,4,No,11,3,3,1,18,2,2,7,7,0,7,0.0,0.3684210526315789,0.25,0.875,0.10526315789473684,1.0,2.466766616691654,3.0,3.0,5.9,0.19210526315789472,2.1,3.1,0.29482758620689653,33.0,0.0,19.210526315789473,36.84210526315789,45.38461538461539,87.5,18.736842105263158,Low Risk,3,Stable Contributors,-0.7682606599000572,0.9284769765376565
36,0,Travel_Rarely,329,Research & Development,2,3,Life Sciences,4,Female,96,3,1,Research Scientist,3,Married,2543,11868,4,No,13,3,2,1,6,3,3,2,2,2,2,0.6666666666666666,0.2857142857142857,1.0,0.6666666666666666,0.14285714285714285,0.3333333333333333,2.5404595404595405,3.0,3.0,7.0,0.40476190476190477,1.5999999999999999,3.0,0.1706896551724138,13.0,13.333333333333334,40.476190476190474,28.57142857142857,53.84615384615385,66.66666666666666,28.76190476190476,Low Risk,0,Fast-Track Performers,1.9224779754621364,0.8366634686187308
34,1,Non-Travel,1362,Sales,19,3,Marketing,1,Male,67,4,2,Sales Executive,4,Single,5304,4652,8,Yes,13,3,2,0,9,3,2,5,2,0,4,0.0,0.2,0.5,0.6666666666666666,0.2,1.0,2.6506746626686657,3.3333333333333335,1.5,7.0,0.11666666666666665,2.2,2.35,0.596551724137931,39.0,0.0,11.666666666666666,20.0,53.84615384615385,66.66666666666666,10.666666666666668,Low Risk,3,Stable Contributors,-1.7357333918861273,0.5074265754563893
55,0,Travel_Rarely,1311,Research & Development,2,3,Life Sciences,3,Female,97,3,4,Manager,4,Single,16659,23258,2,Yes,13,3,3,0,30,2,3,5,4,1,2,0.16666666666666666,0.12903225806451613,0.3333333333333333,0.3333333333333333,0.12903225806451613,0.5,4.163709072731817,3.3333333333333335,3.0,6.699999999999999,0.157258064516129,2.9,3.3000000000000003,0.5706896551724139,19.5,6.666666666666667,15.7258064516129,12.903225806451612,51.53846153846153,33.33333333333333,12.161290322580644,Low Risk,3,Stable Contributors,-0.6374133322053451,1.9380777586564826
24,0,Travel_Rarely,1371,Sales,10,4,Marketing,4,Female,77,3,2,Sales Executive,3,Divorced,4260,5915,1,Yes,12,3,4,1,5,2,4,5,2,0,3,0.0,0.3333333333333333,0.3333333333333333,0.5,0.3333333333333333,1.0,2.128935532233883,3.3333333333333335,4.0,6.300000000000001,0.14999999999999997,2.1,3.7,0.653448275862069,36.0,0.0,14.999999999999996,33.33333333333333,48.46153846153847,50.0,15.999999999999996,Low Risk,3,Stable Contributors,-1.7742463729841564,2.3021739934275205
30,0,Travel_Rarely,202,Sales,2,1,Technical Degree,3,Male,72,3,1,Sales Representative,2,Married,2476,17434,1,No,18,3,1,1,1,3,3,1,0,0,0,0.0,0.0,1.5,0.0,0.5,1.0,2.4735264735264737,2.6666666666666665,2.0,9.0,0.13333333333333336,1.5999999999999999,2.2,0.1706896551724138,54.0,0.0,13.333333333333336,0.0,69.23076923076923,0.0,5.333333333333335,Low Risk,2,High-Risk Stagnation,-3.2551809585414953,-0.9697719081417824
26,1,Travel_Frequently,575,Research & Development,3,1,Technical Degree,3,Male,73,3,1,Research Scientist,1,Single,3102,6582,0,No,22,4,3,0,7,2,3,6,4,0,4,0.0,0.5,0.2857142857142857,0.5714285714285714,0.125,1.0,3.098901098901099,2.3333333333333335,3.0,10.6,0.29166666666666663,1.4,2.4000000000000004,0.3310344827586207,88.0,0.0,29.166666666666664,50.0,81.53846153846153,57.14285714285714,26.666666666666664,Low Risk,1,Promotion-Stalled,-1.8146156500979183,-1.7872385258503474
22,0,Travel_Rarely,253,Research & Development,11,3,Medical,1,Female,43,3,1,Research Scientist,2,Married,2244,24440,1,No,13,3,4,1,2,1,3,2,1,1,2,0.3333333333333333,0.3333333333333333,0.3333333333333333,0.6666666666666666,0.3333333333333333,0.5,2.241758241758242,2.6666666666666665,2.5,6.4,0.33333333333333337,1.5999999999999999,2.45,0.26379310344827583,19.5,6.666666666666667,33.333333333333336,33.33333333333333,49.23076923076923,66.66666666666666,25.333333333333336,Low Risk,4,Career Explorers,0.6932923766187424,-0.2575361435084621
36,0,Travel_Rarely,164,Sales,2,2,Medical,2,Male,61,2,3,Sales Executive,3,Married,7596,3809,1,No,13,3,2,2,10,2,3,10,9,9,0,0.8181818181818182,0.8181818181818182,0.18181818181818182,0.0,0.2727272727272727,0.1,2.531156281239587,2.6666666666666665,2.0,6.699999999999999,0.6242424242424243,2.5,2.5,0.1706896551724138,3.9,60.0,62.42424242424243,81.81818181818183,51.53846153846153,0.0,67.51515151515152,High Risk,0,Fast-Track Performers,3.2972612108366572,-0.367394977830094
30,1,Travel_Frequently,464,Research & Development,4,3,Technical Degree,3,Male,40,3,1,Research Scientist,4,Single,2285,3427,9,Yes,23,4,3,0,3,4,3,1,0,0,0,0.0,0.0,2.0,0.0,0.25,1.0,2.282717282717283,3.3333333333333335,3.0,11.6,0.06666666666666665,1.4,3.3000000000000003,0.7413793103448275,92.0,0.0,6.666666666666665,0.0,89.23076923076923,0.0,2.666666666666666,Low Risk,1,Promotion-Stalled,-4.202554080463897,1.0568490397622003
37,0,Travel_Rarely,1107,Research & Development,14,3,Life Sciences,4,Female,95,3,1,Laboratory Technician,1,Divorced,3034,26914,1,No,12,3,3,1,18,2,2,18,7,12,17,0.631578947368421,0.3684210526315789,0.10526315789473684,0.8947368421052632,0.05263157894736842,0.07692307692307693,3.030969030969031,2.0,3.5,6.300000000000001,0.513157894736842,1.5999999999999999,2.4499999999999997,0.29482758620689653,2.769230769230769,80.0,51.315789473684205,36.84210526315789,48.46153846153847,89.47368421052632,55.578947368421055,Medium Risk,0,Fast-Track Performers,3.3921687895859276,-1.199240600185631
40,0,Travel_Rarely,759,Sales,2,2,Marketing,4,Female,46,3,2,Sales Executive,2,Divorced,5715,22553,7,No,12,3,3,2,8,5,3,5,4,1,3,0.16666666666666666,0.4444444444444444,0.8333333333333334,0.5,0.2222222222222222,0.5,2.856071964017991,2.6666666666666665,3.5,7.200000000000001,0.3027777777777778,2.3,2.95,0.1706896551724138,18.0,6.666666666666667,30.277777777777782,44.44444444444444,55.38461538461539,50.0,27.444444444444446,Low Risk,3,Stable Contributors,0.3851880772294882,0.26865925592703455
42,0,Travel_Rarely,201,Research & Development,1,4,Life Sciences,2,Female,95,3,1,Laboratory Technician,1,Divorced,2576,20490,3,No,16,3,2,1,8,5,3,5,2,1,2,0.16666666666666666,0.2222222222222222,0.8333333333333334,0.3333333333333333,0.1111111111111111,0.5,2.5734265734265733,2.3333333333333335,2.0,8.8,0.28055555555555556,1.5999999999999999,1.9000000000000001,0.16034482758620688,24.0,6.666666666666667,28.055555555555557,22.22222222222222,67.6923076923077,33.33333333333333,19.88888888888889,Low Risk,4,Career Explorers,-0.08138133533497595,-1.7202849493839876
37,0,Travel_Rarely,1305,Research & Development,10,4,Life Sciences,3,Male,49,3,2,Manufacturing Director,2,Single,4197,21123,2,Yes,12,3,4,0,18,2,2,1,0,0,1,0.0,0.0,1.0,0.5,0.10526315789473684,1.0,2.0974512743628186,2.3333333333333335,3.5,6.300000000000001,0.16666666666666666,1.9,2.75,0.653448275862069,36.0,0.0,16.666666666666664,0.0,48.46153846153847,50.0,6.666666666666666,Low Risk,3,Stable Contributors,-1.6443329919081346,-0.3990032322985941
43,0,Travel_Rarely,982,Research & Development,12,3,Life Sciences,1,Male,59,2,4,Research Director,2,Divorced,14336,4345,1,No,11,3,3,1,25,3,3,25,10,3,9,0.11538461538461539,0.38461538461538464,0.11538461538461539,0.34615384615384615,0.15384615384615385,0.25,3.583104223944014,2.3333333333333335,2.0,6.200000000000001,0.30320512820512824,2.8000000000000003,2.2,0.27413793103448275,8.25,20.0,30.320512820512825,38.46153846153847,47.6923076923077,34.61538461538461,29.66666666666667,Low Risk,4,Career Explorers,0.8185325065986141,-0.9472473026968584
40,0,Travel_Rarely,555,Research & Development,2,3,Medical,2,Female,78,2,2,Laboratory Technician,3,Married,3448,13436,6,No,22,4,2,1,20,3,3,1,0,0,0,0.0,0.0,1.5,0.0,0.09523809523809523,1.0,1.7231384307846076,2.6666666666666665,2.0,10.9,0.13333333333333336,1.8,2.5,0.1706896551724138,88.0,0.0,13.333333333333336,0.0,83.84615384615385,0.0,5.333333333333335,Low Risk,1,Promotion-Stalled,-3.5222312912929077,-1.0942788998517983
54,0,Travel_Rarely,821,Research & Development,5,2,Medical,1,Male,86,3,5,Research Director,1,Married,19406,8509,4,No,11,3,3,1,24,4,2,4,2,1,2,0.2,0.08,0.8,0.4,0.2,0.5,3.8804239152169564,2.0,2.0,6.5,0.29000000000000004,3.6,1.7000000000000002,0.20172413793103447,16.5,6.666666666666667,29.000000000000004,8.0,50.0,40.0,16.0,Low Risk,4,Career Explorers,0.11299725200831331,-2.1716675011120374
34,0,Non-Travel,1381,Sales,4,4,Marketing,3,Female,72,3,2,Sales Executive,3,Married,6538,12740,9,No,15,3,1,1,6,3,3,3,2,1,2,0.25,0.2857142857142857,0.75,0.5,0.2857142857142857,0.5,3.267366316841579,3.0,2.0,7.800000000000001,0.2589285714285714,2.1,2.5,0.041379310344827586,22.5,6.666666666666667,25.89285714285714,28.57142857142857,60.00000000000001,50.0,20.928571428571427,Low Risk,3,Stable Contributors,-0.03004698068596211,0.14010874212396676
31,0,Travel_Rarely,480,Research & Development,7,2,Medical,2,Female,31,3,2,Manufacturing Director,1,Married,4306,4156,1,No,12,3,2,1,13,5,1,13,10,3,12,0.21428571428571427,0.7142857142857143,0.35714285714285715,0.8571428571428571,0.14285714285714285,0.25,2.1519240379810096,1.6666666666666667,2.0,7.200000000000001,0.48690476190476184,2.1,1.5,0.22241379310344828,9.0,20.0,48.69047619047618,71.42857142857143,55.38461538461539,85.71428571428571,46.9047619047619,Medium Risk,4,Career Explorers,2.5609321563983714,-3.0690113223463453
43,0,Travel_Frequently,313,Research & Development,21,3,Medical,4,Male,61,3,1,Laboratory Technician,4,Married,2258,15238,7,No,20,4,1,1,8,1,3,3,2,1,2,0.25,0.2222222222222222,0.25,0.5,0.1111111111111111,0.5,2.255744255744256,3.3333333333333335,2.5,9.5,0.2097222222222222,1.5999999999999999,3.0500000000000003,0.5172413793103448,40.0,6.666666666666667,20.97222222222222,22.22222222222222,73.07692307692307,50.0,17.055555555555557,Low Risk,3,Stable Contributors,-0.5658691598139052,1.187963282310776
43,0,Travel_Rarely,1473,Research & Development,8,4,Other,3,Female,74,3,2,Healthcare Representative,3,Divorced,4522,2227,4,Yes,14,3,4,0,8,3,3,5,2,0,2,0.0,0.2222222222222222,0.5,0.3333333333333333,0.2222222222222222,1.0,2.259870064967516,3.0,3.5,7.4,0.15555555555555556,1.9,3.25,0.6327586206896552,42.0,0.0,15.555555555555555,22.22222222222222,56.92307692307692,33.33333333333333,12.88888888888889,Low Risk,3,Stable Contributors,-2.0191582588796524,1.0777883769824474
25,0,Travel_Rarely,891,Sales,4,2,Life Sciences,2,Female,99,2,2,Sales Executive,4,Single,4487,12090,1,Yes,11,3,2,0,5,3,3,5,4,1,3,0.16666666666666666,0.6666666666666666,0.5,0.5,0.3333333333333333,0.5,2.2423788105947025,3.0,2.0,6.200000000000001,0.32499999999999996,1.6,2.8000000000000003,0.5913793103448276,16.5,6.666666666666667,32.49999999999999,66.66666666666666,47.6923076923077,50.0,34.99999999999999,Medium Risk,3,Stable Contributors,0.6210335783640812,0.7548801752213781
37,0,Non-Travel,1063,Research & Development,25,5,Medical,2,Female,72,3,2,Research Scientist,3,Married,4449,23866,3,Yes,15,3,1,2,15,2,3,13,11,10,7,0.7142857142857143,0.6875,0.14285714285714285,0.5,0.125,0.09090909090909091,2.2233883058470765,3.0,1.5,7.5,0.521875,2.3,2.25,0.6586206896551724,4.090909090909091,66.66666666666666,52.1875,68.75,57.692307692307686,50.0,61.5,Medium Risk,0,Fast-Track Performers,3.225372448002944,-0.05443846601976396
31,0,Travel_Rarely,329,Research & Development,1,2,Life Sciences,4,Male,98,2,1,Laboratory Technician,1,Married,2218,16193,1,No,12,3,3,1,4,3,3,4,2,3,2,0.6,0.4,0.6,0.4,0.2,0.25,2.2157842157842156,2.0,3.5,6.600000000000001,0.51,1.3,2.65,0.16034482758620688,9.0,20.0,51.0,40.0,50.76923076923078,40.0,38.400000000000006,Medium Risk,0,Fast-Track Performers,2.321861984318443,-1.0780784032672444
39,0,Travel_Frequently,1218,Research & Development,1,1,Life Sciences,2,Male,52,3,5,Manager,3,Divorced,19197,8213,1,Yes,14,3,3,1,21,3,3,21,8,1,6,0.045454545454545456,0.36363636363636365,0.13636363636363635,0.2727272727272727,0.22727272727272727,0.5,3.838632273545291,3.0,2.5,7.4,0.20681818181818182,3.6,2.75,0.7103448275862069,21.0,6.666666666666667,20.681818181818183,36.36363636363637,56.92307692307692,27.27272727272727,21.181818181818183,Low Risk,3,Stable Contributors,-0.5797284110470496,0.6822399693065127
56,0,Travel_Frequently,906,Sales,6,3,Life Sciences,3,Female,86,4,4,Sales Executive,1,Married,13212,18256,9,No,11,3,4,3,36,0,2,7,7,7,7,0.875,0.1891891891891892,0.0,0.875,0.10810810810810811,0.125,3.3021744563859037,2.3333333333333335,3.5,5.300000000000001,0.5202139639639639,3.8000000000000003,2.4499999999999997,0.3620689655172414,4.125,46.666666666666664,52.02139639639639,18.91891891891892,40.769230769230774,87.5,40.484234234234236,Medium Risk,0,Fast-Track Performers,3.441011620935409,-0.6060643709531863
30,0,Travel_Rarely,1082,Sales,12,3,Technical Degree,2,Female,83,3,2,Sales Executive,3,Single,6577,19558,0,No,11,3,2,0,6,6,3,5,4,4,4,0.6666666666666666,0.5714285714285714,1.0,0.6666666666666666,0.2857142857142857,0.2,3.286856571714143,3.0,2.0,7.1,0.47619047619047616,1.9,2.5,0.27413793103448275,6.6,26.666666666666668,47.61904761904761,57.14285714285714,54.61538461538461,66.66666666666666,44.19047619047619,Medium Risk,0,Fast-Track Performers,2.6367723294970875,0.25117247909661145
41,0,Travel_Rarely,645,Sales,1,3,Marketing,2,Male,49,4,3,Sales Executive,1,Married,8392,19566,1,No,16,3,3,1,10,2,3,10,7,0,7,0.0,0.6363636363636364,0.18181818181818182,0.6363636363636364,0.2727272727272727,1.0,2.7964011996001332,2.6666666666666665,2.5,7.9,0.2924242424242425,2.9000000000000004,2.1500000000000004,0.16034482758620688,48.0,0.0,29.24242424242425,63.63636363636363,60.769230769230774,63.63636363636363,30.78787878787879,Low Risk,4,Career Explorers,-0.868744039681527,-1.1402680802220324
28,0,Travel_Rarely,1300,Research & Development,17,2,Medical,3,Male,79,3,2,Laboratory Technician,1,Divorced,4558,13535,1,No,12,3,4,1,10,2,3,10,0,1,8,0.09090909090909091,0.0,0.18181818181818182,0.7272727272727273,0.18181818181818182,0.5,2.2778610694652675,2.3333333333333335,3.5,6.300000000000001,0.1984848484848485,2.1,2.65,0.3258620689655172,18.0,6.666666666666667,19.848484848484848,0.0,48.46153846153847,72.72727272727273,9.93939393939394,Low Risk,4,Career Explorers,-0.2432222293275737,-0.34812733093818554
25,1,Travel_Rarely,688,Research & Development,3,3,Medical,1,Male,91,3,1,Laboratory Technician,1,Married,4031,9396,5,No,13,3,3,1,6,5,3,2,2,0,2,0.0,0.2857142857142857,1.6666666666666667,0.6666666666666666,0.14285714285714285,1.0,4.026973026973027,2.3333333333333335,2.0,7.6,0.23809523809523808,1.5999999999999999,1.9000000000000001,0.1810344827586207,39.0,0.0,23.809523809523807,28.57142857142857,58.46153846153845,66.66666666666666,18.095238095238095,Low Risk,4,Career Explorers,-1.0238862578125614,-1.8019212300552048
52,0,Travel_Rarely,319,Research & Development,3,3,Medical,4,Male,39,2,3,Manufacturing Director,3,Married,7969,19609,2,Yes,14,3,3,0,28,4,3,5,4,0,4,0.0,0.13793103448275862,0.6666666666666666,0.6666666666666666,0.10344827586206896,1.0,2.655448183938687,2.6666666666666665,3.5,7.700000000000001,0.16781609195402303,2.1,3.25,0.5810344827586207,42.0,0.0,16.781609195402304,13.793103448275861,59.23076923076924,66.66666666666666,10.850574712643681,Low Risk,3,Stable Contributors,-1.5725930018586678,0.537280529178388
45,0,Travel_Rarely,192,Research & Development,10,2,Life Sciences,1,Male,69,3,1,Research Scientist,4,Married,2654,9655,3,No,21,4,4,2,8,3,2,2,2,0,2,0.0,0.2222222222222222,1.0,0.6666666666666666,0.1111111111111111,1.0,2.6513486513486515,3.0,2.5,10.5,0.15555555555555556,1.7999999999999998,2.85,0.253448275862069,84.0,0.0,15.555555555555555,22.22222222222222,80.76923076923077,66.66666666666666,12.88888888888889,Low Risk,1,Promotion-Stalled,-2.5146173300489814,-0.08856293539728673
52,0,Travel_Rarely,1490,Research & Development,4,2,Life Sciences,4,Female,30,3,4,Manager,4,Married,16555,10310,2,No,13,3,4,0,31,2,1,5,2,1,4,0.16666666666666666,0.0625,0.3333333333333333,0.6666666666666666,0.125,0.5,4.137715571107223,2.6666666666666665,4.0,6.699999999999999,0.20729166666666668,2.9,3.4000000000000004,0.19137931034482758,19.5,6.666666666666667,20.729166666666668,6.25,51.53846153846153,66.66666666666666,12.166666666666668,Low Risk,3,Stable Contributors,-0.12867027569239756,0.9772736605322323
42,0,Travel_Frequently,532,Research & Development,29,2,Life Sciences,1,Female,92,3,2,Research Scientist,3,Divorced,4556,12932,2,No,11,3,2,1,19,3,3,5,4,0,2,0.0,0.2,0.5,0.3333333333333333,0.1,1.0,2.2768615692153924,3.0,1.5,6.200000000000001,0.15000000000000002,2.1,2.25,0.6,33.0,0.0,15.000000000000002,20.0,47.6923076923077,33.33333333333333,12.0,Low Risk,3,Stable Contributors,-1.6117047704539271,-0.06918037207795107
30,0,Travel_Rarely,317,Research & Development,2,3,Life Sciences,3,Female,43,1,2,Manufacturing Director,4,Single,6091,24793,2,No,20,4,3,0,11,2,3,5,4,0,2,0.0,0.3333333333333333,0.3333333333333333,0.3333333333333333,0.16666666666666666,1.0,3.0439780109945027,2.6666666666666665,3.0,9.799999999999999,0.21666666666666667,1.3,3.3000000000000003,0.1706896551724138,80.0,0.0,21.666666666666668,33.33333333333333,75.38461538461537,33.33333333333333,18.666666666666664,Low Risk,1,Promotion-Stalled,-2.436400596101995,-0.0022375637704768222
60,0,Travel_Rarely,422,Research & Development,7,3,Life Sciences,1,Female,41,3,5,Manager,1,Married,19566,3854,5,No,11,3,4,0,33,5,1,29,8,11,10,0.36666666666666664,0.23529411764705882,0.16666666666666666,0.3333333333333333,0.14705882352941177,0.08333333333333333,3.9124175164967006,1.6666666666666667,2.5,6.800000000000001,0.4204901960784313,3.4,1.75,0.22241379310344828,2.75,73.33333333333333,42.04901960784313,23.52941176470588,52.307692307692314,33.33333333333333,45.87843137254901,Medium Risk,4,Career Explorers,1.8544798920683103,-2.546929810651868
46,0,Travel_Rarely,1485,Research & Development,18,3,Medical,3,Female,87,3,2,Manufacturing Director,3,Divorced,4810,26314,2,No,14,3,3,1,19,5,2,10,7,0,8,0.0,0.35,0.45454545454545453,0.7272727272727273,0.1,1.0,2.4037981009495253,2.6666666666666665,3.0,8.0,0.22083333333333335,2.1,2.8,0.33620689655172414,42.0,0.0,22.083333333333336,35.0,61.53846153846154,72.72727272727273,19.333333333333336,Low Risk,3,Stable Contributors,-1.0653919196488704,-0.18887919033251513
42,0,Travel_Frequently,1368,Research & Development,28,4,Technical Degree,4,Female,88,2,2,Healthcare Representative,4,Married,4523,4386,0,No,11,3,4,3,7,4,4,6,5,0,4,0.0,0.625,0.5714285714285714,0.5714285714285714,0.25,1.0,2.260369815092454,3.3333333333333335,4.0,6.5,0.22291666666666665,2.2,4.0,0.5896551724137931,33.0,0.0,22.291666666666664,62.5,50.0,57.14285714285714,27.666666666666664,Low Risk,3,Stable Contributors,-0.9715844829826598,2.557931281710289
24,1,Travel_Rarely,1448,Sales,1,1,Technical Degree,1,Female,62,3,1,Sales Representative,2,Single,3202,21972,1,Yes,16,3,2,0,6,4,3,5,3,1,4,0.16666666666666666,0.42857142857142855,0.6666666666666666,0.6666666666666666,0.14285714285714285,0.5,3.1988011988011986,2.6666666666666665,1.5,8.5,0.29880952380952386,1.4,1.9500000000000002,0.560344827586207,24.0,6.666666666666667,29.880952380952387,42.857142857142854,65.38461538461539,66.66666666666666,26.80952380952381,Low Risk,4,Career Explorers,0.47215791146675695,-1.0538829266511347
34,1,Travel_Frequently,296,Sales,6,2,Marketing,4,Female,33,1,1,Sales Representative,3,Divorced,2351,12253,0,No,16,3,4,1,3,3,2,2,2,1,0,0.3333333333333333,0.5,1.0,0.0,0.25,0.5,2.3486513486513485,2.0,4.0,8.200000000000001,0.44166666666666665,1.0,3.3,0.3620689655172414,24.0,6.666666666666667,44.166666666666664,50.0,63.07692307692309,0.0,34.66666666666667,Medium Risk,0,Fast-Track Performers,0.5627194435946034,-0.4624727793474073
38,0,Travel_Frequently,1490,Research & Development,2,2,Life Sciences,4,Male,42,3,1,Laboratory Technician,4,Married,1702,12106,1,Yes,23,4,3,1,1,3,3,1,0,0,0,0.0,0.0,1.5,0.0,0.5,1.0,1.7002997002997002,3.3333333333333335,3.5,11.3,0.06666666666666665,1.5999999999999999,3.5500000000000003,0.7206896551724138,92.0,0.0,6.666666666666665,0.0,86.92307692307692,0.0,2.666666666666666,Low Risk,2,High-Risk Stagnation,-4.519925319990738,1.464849647905361
40,0,Travel_Rarely,1398,Sales,2,4,Life Sciences,3,Female,79,3,5,Manager,3,Married,18041,13022,0,No,14,3,4,0,21,2,3,20,15,1,12,0.047619047619047616,0.6818181818181818,0.09523809523809523,0.5714285714285714,0.22727272727272727,0.5,3.60747850429914,3.0,3.5,7.1,0.2871212121212121,3.4,3.25,0.1706896551724138,21.0,6.666666666666667,28.71212121212121,68.18181818181817,54.61538461538461,57.14285714285714,33.93939393939394,Medium Risk,3,Stable Contributors,0.36721542203379287,1.1113055031110668
26,0,Travel_Rarely,1349,Research & Development,23,3,Life Sciences,1,Female,90,3,1,Research Scientist,4,Divorced,2886,3032,1,No,22,4,2,2,3,3,1,3,2,0,2,0.0,0.5,0.75,0.5,0.25,1.0,2.883116883116883,2.6666666666666665,1.5,10.9,0.25833333333333336,1.7999999999999998,2.15,0.3879310344827586,88.0,0.0,25.833333333333336,50.0,83.84615384615385,50.0,25.333333333333336,Low Risk,1,Promotion-Stalled,-2.2042016903196546,-1.5699638337279582
30,0,Non-Travel,1400,Research & Development,3,3,Life Sciences,3,Male,53,3,1,Laboratory Technician,4,Married,2097,16734,4,No,15,3,3,1,9,3,1,5,3,1,4,0.16666666666666666,0.3,0.5,0.6666666666666666,0.1,0.5,2.0949050949050947,2.6666666666666665,3.0,7.800000000000001,0.2666666666666667,1.5999999999999999,2.9000000000000004,0.03103448275862069,22.5,6.666666666666667,26.66666666666667,30.0,60.00000000000001,66.66666666666666,21.66666666666667,Low Risk,3,Stable Contributors,0.2966064387143682,0.10717485976198955
29,0,Travel_Rarely,986,Research & Development,3,4,Medical,2,Male,93,2,3,Research Director,3,Married,11935,21526,1,No,18,3,3,0,10,2,3,10,2,0,7,0.0,0.18181818181818182,0.18181818181818182,0.6363636363636364,0.2727272727272727,1.0,3.9770076641119627,2.6666666666666665,2.5,8.7,0.17878787878787883,2.1,2.75,0.1810344827586207,54.0,0.0,17.878787878787882,18.181818181818183,66.92307692307692,63.63636363636363,12.606060606060609,Low Risk,1,Promotion-Stalled,-1.9850351688562944,-0.3352481937988196
29,1,Travel_Rarely,408,Research & Development,25,5,Technical Degree,3,Female,71,2,1,Research Scientist,2,Married,2546,18300,5,No,16,3,2,0,6,2,4,2,2,1,1,0.3333333333333333,0.2857142857142857,0.6666666666666666,0.3333333333333333,0.14285714285714285,0.5,2.5434565434565433,2.6666666666666665,2.5,7.9,0.32142857142857145,1.1,2.6500000000000004,0.4086206896551724,24.0,6.666666666666667,32.142857142857146,28.57142857142857,60.769230769230774,33.33333333333333,23.42857142857143,Low Risk,4,Career Explorers,0.3312926820014825,-0.17402731036224275
19,1,Travel_Rarely,489,Human Resources,2,2,Technical Degree,1,Male,52,2,1,Human Resources,4,Single,2564,18437,1,No,12,3,3,0,1,3,4,1,0,0,0,0.0,0.0,1.5,0.0,0.5,1.0,2.5614385614385613,3.3333333333333335,2.0,6.600000000000001,0.06666666666666665,1.1,3.0,0.1706896551724138,36.0,0.0,6.666666666666665,0.0,50.76923076923078,0.0,2.666666666666666,Low Risk,2,High-Risk Stagnation,-3.121800743735584,1.388775041073177
30,0,Non-Travel,1398,Sales,22,4,Other,3,Female,69,3,3,Sales Executive,1,Married,8412,2890,0,No,11,3,3,0,10,3,3,9,8,7,8,0.7,0.7272727272727273,0.3,0.8,0.2727272727272727,0.125,2.8030656447850717,2.3333333333333335,3.0,6.200000000000001,0.5934848484848484,2.4,2.4000000000000004,0.2275862068965517,4.125,46.666666666666664,59.34848484848484,72.72727272727273,47.6923076923077,80.0,59.557575757575755,Medium Risk,0,Fast-Track Performers,3.7062699855262373,-0.8571568257768633
57,0,Travel_Rarely,210,Sales,29,3,Marketing,1,Male,56,2,4,Manager,4,Divorced,14118,22102,3,No,12,3,3,1,32,3,2,1,0,0,0,0.0,0.0,1.5,0.0,0.12121212121212122,1.0,3.5286178455386152,2.6666666666666665,2.0,6.600000000000001,0.13333333333333336,2.8000000000000003,2.6,0.44999999999999996,36.0,0.0,13.333333333333336,0.0,50.76923076923078,0.0,5.333333333333335,Low Risk,2,High-Risk Stagnation,-2.3116700003696407,-0.17673634288479892
50,0,Travel_Rarely,1099,Research & Development,29,4,Life Sciences,2,Male,88,2,4,Manager,3,Married,17046,9314,0,No,15,3,2,1,28,2,3,27,10,15,7,0.5357142857142857,0.3448275862068966,0.07142857142857142,0.25,0.13793103448275862,0.0625,4.260434891277181,2.6666666666666665,2.0,7.5,0.40704022988505745,2.8000000000000003,2.5,0.44999999999999996,2.8125,100.0,40.70402298850574,34.48275862068966,57.692307692307686,25.0,56.62643678160919,Medium Risk,0,Fast-Track Performers,1.9682285960471844,-0.13875895103096342
30,0,Non-Travel,1116,Research & Development,2,3,Medical,3,Female,49,3,1,Laboratory Technician,4,Single,2564,7181,0,No,14,3,3,0,12,2,2,11,7,6,7,0.5,0.5384615384615384,0.16666666666666666,0.5833333333333334,0.07692307692307693,0.14285714285714285,2.5614385614385613,3.0,3.0,7.1,0.4096153846153846,1.4,3.1,0.020689655172413793,6.0,40.0,40.96153846153846,53.84615384615385,54.61538461538461,58.333333333333336,44.53846153846153,Medium Risk,0,Fast-Track Performers,2.3422240499332108,0.9572823509383578
60,0,Travel_Frequently,1499,Sales,28,3,Marketing,3,Female,80,2,3,Sales Executive,1,Married,10266,2845,4,No,19,3,4,0,22,5,4,18,13,13,11,0.6842105263157895,0.5652173913043478,0.2631578947368421,0.5789473684210527,0.13043478260869565,0.07142857142857142,3.420859713428857,2.3333333333333335,3.5,10.000000000000002,0.5474446987032799,2.1,2.8499999999999996,0.5896551724137931,4.071428571428571,86.66666666666667,54.744469870328,56.52173913043478,76.92307692307693,57.89473684210527,64.85430968726163,Medium Risk,0,Fast-Track Performers,3.1298842073322186,-0.47927747097143
47,0,Travel_Rarely,983,Research & Development,2,2,Medical,1,Female,65,3,2,Manufacturing Director,4,Divorced,5070,7389,5,No,13,3,3,3,20,2,3,5,0,0,4,0.0,0.0,0.3333333333333333,0.6666666666666666,0.09523809523809523,1.0,2.5337331334332833,3.3333333333333335,2.0,6.699999999999999,0.06666666666666665,2.5,2.8000000000000003,0.1706896551724138,39.0,0.0,6.666666666666665,0.0,51.53846153846153,66.66666666666666,2.666666666666666,Low Risk,3,Stable Contributors,-2.004292418474145,1.023127890451023
46,0,Travel_Rarely,1009,Research & Development,2,3,Life Sciences,1,Male,51,3,4,Research Director,3,Married,17861,2288,6,No,13,3,3,0,26,2,1,3,2,0,1,0.0,0.07407407407407407,0.5,0.25,0.14814814814814814,1.0,4.464133966508373,2.3333333333333335,2.0,6.699999999999999,0.18518518518518517,2.9,2.1,0.1706896551724138,39.0,0.0,18.51851851851852,7.4074074074074066,51.53846153846153,25.0,9.62962962962963,Low Risk,4,Career Explorers,-1.8284964295843986,-1.4298729274088986
35,0,Travel_Rarely,144,Research & Development,22,3,Life Sciences,4,Male,46,1,1,Laboratory Technician,3,Single,4230,19225,0,No,15,3,3,0,6,2,3,5,4,4,3,0.6666666666666666,0.5714285714285714,0.3333333333333333,0.5,0.14285714285714285,0.2,4.2257742257742255,2.3333333333333335,3.5,7.5,0.5428571428571428,0.8,3.25,0.3775862068965517,9.0,26.666666666666668,54.285714285714285,57.14285714285714,57.692307692307686,50.0,46.85714285714286,Medium Risk,0,Fast-Track Performers,2.8557874494279867,0.10946706737653236
54,0,Travel_Rarely,548,Research & Development,8,4,Life Sciences,3,Female,42,3,2,Laboratory Technician,3,Single,3780,23428,7,No,11,3,3,0,19,3,3,1,0,0,0,0.0,0.0,1.5,0.0,0.1,1.0,1.8890554722638682,3.0,3.0,6.200000000000001,0.1,1.9,3.0,0.23275862068965517,33.0,0.0,10.0,0.0,47.6923076923077,0.0,4.0,Low Risk,2,High-Risk Stagnation,-2.374095381292965,0.8321589480113231
34,0,Travel_Rarely,1303,Research & Development,2,4,Life Sciences,4,Male,62,2,1,Research Scientist,3,Divorced,2768,8416,3,No,12,3,3,1,14,3,3,7,3,5,7,0.625,0.2,0.375,0.875,0.06666666666666667,0.16666666666666666,2.7652347652347653,2.6666666666666665,3.5,6.600000000000001,0.40208333333333335,1.3,3.25,0.1706896551724138,6.0,33.33333333333333,40.208333333333336,20.0,50.76923076923078,87.5,32.083333333333336,Low Risk,0,Fast-Track Performers,2.449128683559871,0.7946904729322272
46,0,Travel_Rarely,1125,Sales,10,3,Marketing,3,Female,94,2,3,Sales Executive,4,Married,9071,11563,2,Yes,19,3,3,1,15,3,3,3,2,1,2,0.25,0.125,0.75,0.5,0.1875,0.5,3.0226591136287904,3.0,3.0,9.4,0.21875,2.3000000000000003,3.3000000000000003,0.653448275862069,28.5,6.666666666666667,21.875,12.5,72.3076923076923,50.0,14.5,Low Risk,3,Stable Contributors,-0.4919576628253091,1.1704247779470767
31,0,Travel_Rarely,1274,Research & Development,9,1,Life Sciences,3,Male,33,3,3,Manufacturing Director,2,Divorced,10648,14394,1,No,25,4,4,1,13,6,4,13,8,0,8,0.0,0.5714285714285714,0.42857142857142855,0.5714285714285714,0.21428571428571427,1.0,3.5481506164611796,3.0,3.5,13.0,0.24285714285714285,2.6,3.1500000000000004,0.24310344827586206,100.0,0.0,24.285714285714285,57.14285714285714,100.0,57.14285714285714,26.857142857142858,Low Risk,1,Promotion-Stalled,-2.49756569782959,-0.10974469546780027
33,1,Travel_Rarely,1277,Research & Development,15,1,Medical,2,Male,56,3,3,Manager,3,Married,13610,24619,7,Yes,12,3,4,0,15,2,4,7,6,7,7,0.875,0.375,0.25,0.875,0.1875,0.125,4.5351549483505496,3.3333333333333335,3.0,6.300000000000001,0.4666666666666666,2.4,3.2,0.7051724137931035,4.5,46.666666666666664,46.666666666666664,37.5,48.46153846153847,87.5,43.916666666666664,Medium Risk,0,Fast-Track Performers,3.142902797716347,1.8528617747174538
33,1,Travel_Rarely,587,Research & Development,10,1,Medical,1,Male,38,1,1,Laboratory Technician,4,Divorced,3408,6705,7,No,13,3,1,3,8,2,3,4,3,1,3,0.2,0.3333333333333333,0.4,0.6,0.1111111111111111,0.5,3.4045954045954048,2.6666666666666665,1.0,6.699999999999999,0.2866666666666667,1.4000000000000001,2.3,0.253448275862069,19.5,6.666666666666667,28.666666666666668,33.33333333333333,51.53846153846153,60.0,23.46666666666667,Low Risk,4,Career Explorers,0.5251728649853593,-0.5053878512219269
30,0,Travel_Rarely,413,Sales,7,1,Marketing,4,Male,57,3,1,Sales Representative,2,Single,2983,18398,0,No,14,3,1,0,4,3,3,3,2,1,2,0.25,0.4,0.75,0.5,0.2,0.5,2.98001998001998,2.6666666666666665,2.5,7.4,0.32083333333333336,1.4,2.45,0.22241379310344828,21.0,6.666666666666667,32.083333333333336,40.0,56.92307692307692,50.0,26.833333333333336,Low Risk,4,Career Explorers,0.5163074144045654,-0.40477837786519716
35,0,Travel_Rarely,1276,Research & Development,16,3,Life Sciences,4,Male,72,3,3,Healthcare Representative,3,Married,7632,14295,4,Yes,12,3,3,0,10,2,3,8,7,0,0,0.0,0.6363636363636364,0.2222222222222222,0.0,0.2727272727272727,1.0,2.5431522825724757,3.0,3.5,6.300000000000001,0.2590909090909091,2.4,3.25,0.7155172413793104,36.0,0.0,25.90909090909091,63.63636363636363,48.46153846153847,0.0,29.454545454545453,Low Risk,3,Stable Contributors,-1.393024335003552,1.0972539258267289
31,1,Travel_Frequently,534,Research & Development,20,3,Life Sciences,1,Male,66,3,3,Healthcare Representative,3,Married,9824,22908,3,No,12,3,1,0,12,2,3,1,0,0,0,0.0,0.0,1.0,0.0,0.23076923076923078,1.0,3.2735754748417194,3.0,1.0,6.300000000000001,0.1,2.4,2.0,0.506896551724138,36.0,0.0,10.0,0.0,48.46153846153847,0.0,4.0,Low Risk,2,High-Risk Stagnation,-2.5604300085700507,-0.3560888692527041
34,1,Travel_Frequently,988,Human Resources,23,3,Human Resources,2,Female,43,3,3,Human Resources,1,Divorced,9950,11533,9,Yes,15,3,3,3,11,2,3,3,2,0,2,0.0,0.16666666666666666,0.5,0.5,0.25,1.0,3.315561479506831,2.3333333333333335,2.5,7.5,0.20833333333333331,3.0,2.1500000000000004,0.9379310344827586,45.0,0.0,20.833333333333332,16.666666666666664,57.692307692307686,50.0,13.333333333333332,Low Risk,4,Career Explorers,-1.7094350173847295,-1.2561237740921691
42,0,Travel_Frequently,1474,Research & Development,5,2,Other,2,Male,97,3,1,Laboratory Technician,3,Married,2093,9260,4,No,17,3,4,1,8,4,3,2,2,2,0,0.6666666666666666,0.2222222222222222,1.3333333333333333,0.0,0.1111111111111111,0.3333333333333333,2.090909090909091,3.0,3.0,8.9,0.38888888888888884,1.5999999999999999,3.0,0.35172413793103446,17.0,13.333333333333334,38.888888888888886,22.22222222222222,68.46153846153847,0.0,26.22222222222222,Low Risk,0,Fast-Track Performers,0.9962252023418016,0.6807423392153693
36,0,Non-Travel,635,Sales,10,4,Medical,2,Male,32,3,3,Sales Executive,4,Single,9980,15318,1,No,14,3,4,0,10,3,2,10,3,9,7,0.8181818181818182,0.2727272727272727,0.2727272727272727,0.6363636363636364,0.2727272727272727,0.1,3.3255581472842386,3.0,3.0,7.4,0.4545454545454546,2.4,3.1,0.10344827586206896,4.2,60.0,45.45454545454546,27.27272727272727,56.92307692307692,63.63636363636363,44.36363636363637,Medium Risk,0,Fast-Track Performers,2.583059437166314,1.0339725660164
22,1,Travel_Frequently,1368,Research & Development,4,1,Technical Degree,3,Male,99,2,1,Laboratory Technician,3,Single,3894,9129,5,No,16,3,3,0,4,3,3,2,2,1,2,0.3333333333333333,0.4,1.0,0.6666666666666666,0.2,0.5,3.89010989010989,2.6666666666666665,3.0,8.200000000000001,0.35000000000000003,1.1,3.0,0.3413793103448276,24.0,6.666666666666667,35.0,40.0,63.07692307692309,66.66666666666666,28.0,Low Risk,0,Fast-Track Performers,0.7824157427851783,0.224987886302466
48,0,Travel_Rarely,163,Sales,2,5,Marketing,2,Female,37,3,2,Sales Executive,4,Married,4051,19658,2,No,14,3,1,1,14,2,3,9,7,6,7,0.6,0.4666666666666667,0.2,0.7,0.13333333333333333,0.14285714285714285,2.024487756121939,3.3333333333333335,1.5,7.1,0.3933333333333333,2.1,2.55,0.1706896551724138,6.0,40.0,39.33333333333333,46.666666666666664,54.61538461538461,70.0,41.733333333333334,Medium Risk,0,Fast-Track Performers,2.393851795476635,0.8276099506150475
55,0,Travel_Rarely,1117,Sales,18,5,Life Sciences,1,Female,83,3,4,Manager,2,Single,16835,9873,3,No,23,4,4,0,37,2,3,10,9,7,7,0.6363636363636364,0.23684210526315788,0.18181818181818182,0.6363636363636364,0.10526315789473684,0.125,4.2076980754811295,2.6666666666666665,2.5,11.0,0.41527113237639557,2.9,2.45,0.33620689655172414,11.5,46.666666666666664,41.527113237639554,23.684210526315788,84.61538461538461,63.63636363636363,37.71610845295055,Medium Risk,0,Fast-Track Performers,2.0173542988304742,-0.5769233503483107
41,0,Non-Travel,267,Sales,10,2,Life Sciences,4,Male,56,3,2,Sales Executive,4,Single,6230,13430,7,No,14,3,4,0,16,3,3,14,3,1,10,0.06666666666666667,0.17647058823529413,0.2,0.6666666666666666,0.11764705882352941,0.5,3.1134432783608195,3.3333333333333335,4.0,7.4,0.1341176470588235,1.9,3.8000000000000003,0.10344827586206896,21.0,6.666666666666667,13.411764705882351,17.647058823529413,56.92307692307692,66.66666666666666,12.658823529411764,Low Risk,3,Stable Contributors,-0.5687847625521686,2.407318265915042
35,0,Travel_Rarely,619,Sales,1,3,Marketing,2,Male,85,3,2,Sales Executive,3,Married,4717,18659,9,No,11,3,3,0,15,2,3,11,9,6,9,0.5,0.5625,0.16666666666666666,0.75,0.125,0.14285714285714285,2.3573213393303347,3.0,2.5,5.9,0.415625,1.9,2.75,0.16034482758620688,4.714285714285714,40.0,41.5625,56.25,45.38461538461539,75.0,45.5,Medium Risk,0,Fast-Track Performers,2.598051240596225,0.6707940587600024
40,0,Travel_Rarely,302,Research & Development,6,3,Life Sciences,2,Female,75,3,4,Manufacturing Director,3,Single,13237,20364,7,No,15,3,3,0,22,3,3,20,6,5,13,0.23809523809523808,0.2608695652173913,0.14285714285714285,0.6190476190476191,0.17391304347826086,0.16666666666666666,3.308422894276431,3.0,2.5,7.800000000000001,0.24855072463768116,2.9,2.75,0.21206896551724136,7.5,33.33333333333333,24.855072463768117,26.08695652173913,60.00000000000001,61.904761904761905,27.768115942028984,Low Risk,3,Stable Contributors,0.8573247151838572,0.6800990294843693
39,0,Travel_Frequently,443,Research & Development,8,1,Life Sciences,3,Female,48,3,1,Laboratory Technician,3,Married,3755,17872,1,No,11,3,1,1,8,3,3,8,3,0,7,0.0,0.3333333333333333,0.3333333333333333,0.7777777777777778,0.1111111111111111,1.0,3.751248751248751,3.0,2.0,6.200000000000001,0.18333333333333335,1.5999999999999999,2.5,0.38275862068965516,33.0,0.0,18.333333333333336,33.33333333333333,47.6923076923077,77.77777777777779,17.333333333333332,Low Risk,3,Stable Contributors,-0.9289940501094607,0.17355452964511547
31,0,Travel_Rarely,828,Sales,2,1,Life Sciences,2,Male,77,3,2,Sales Executive,4,Single,6582,8346,4,Yes,13,3,3,0,10,2,4,6,5,0,5,0.0,0.45454545454545453,0.2857142857142857,0.7142857142857143,0.18181818181818182,1.0,3.2893553223388308,3.6666666666666665,2.5,6.699999999999999,0.14696969696969697,1.9,3.25,0.5706896551724139,39.0,0.0,14.696969696969697,45.45454545454545,51.53846153846153,71.42857142857143,19.515151515151516,Low Risk,3,Stable Contributors,-1.3339131924596412,2.0959686349756974
42,0,Travel_Rarely,319,Research & Development,24,3,Medical,4,Male,56,3,3,Manufacturing Director,1,Married,7406,6950,1,Yes,21,4,4,1,10,5,2,10,9,5,8,0.45454545454545453,0.8181818181818182,0.45454545454545453,0.7272727272727273,0.2727272727272727,0.16666666666666666,2.4678440519826723,2.0,4.0,11.1,0.5636363636363637,2.6,2.6999999999999997,0.7982758620689656,14.0,33.33333333333333,56.363636363636374,81.81818181818183,85.38461538461539,72.72727272727273,57.09090909090909,Medium Risk,0,Fast-Track Performers,2.7290766381932783,-1.2776139985259731
45,0,Travel_Rarely,561,Sales,2,3,Other,4,Male,61,3,2,Sales Executive,2,Married,4805,16177,0,No,19,3,2,1,9,3,4,8,7,3,7,0.3333333333333333,0.7,0.3333333333333333,0.7777777777777778,0.2,0.25,2.4012993503248374,3.0,3.0,9.4,0.3916666666666666,2.1,2.9000000000000004,0.1706896551724138,14.25,20.0,39.16666666666666,70.0,72.3076923076923,77.77777777777779,42.666666666666664,Medium Risk,0,Fast-Track Performers,1.8063963781330992,0.5109397400349104
26,1,Travel_Frequently,426,Human Resources,17,4,Life Sciences,2,Female,58,3,1,Human Resources,3,Divorced,2741,22808,0,Yes,11,3,2,1,8,2,2,7,7,1,0,0.125,0.7777777777777778,0.25,0.0,0.1111111111111111,0.5,2.7382617382617385,2.6666666666666665,2.0,5.9,0.3715277777777778,1.5999999999999999,2.3,0.8758620689655172,16.5,6.666666666666667,37.15277777777778,77.77777777777779,45.38461538461539,0.0,40.19444444444445,Medium Risk,4,Career Explorers,0.7152050884237989,-0.4039921650327273
29,0,Travel_Rarely,232,Research & Development,19,3,Technical Degree,4,Male,34,3,2,Manufacturing Director,4,Divorced,4262,22645,4,No,12,3,2,2,8,2,4,3,2,1,2,0.25,0.2222222222222222,0.5,0.5,0.2222222222222222,0.5,2.129935032483758,3.6666666666666665,3.0,6.300000000000001,0.1763888888888889,2.3,3.5,0.346551724137931,18.0,6.666666666666667,17.63888888888889,22.22222222222222,48.46153846153847,50.0,15.722222222222223,Low Risk,3,Stable Contributors,-0.2759391890483729,2.6693877581998104
33,0,Travel_Rarely,922,Research & Development,1,5,Medical,1,Female,95,4,4,Research Director,3,Divorced,16184,22578,4,No,19,3,3,1,10,2,3,6,1,0,5,0.0,0.09090909090909091,0.2857142857142857,0.7142857142857143,0.36363636363636365,1.0,4.044988752811797,3.3333333333333335,2.0,9.100000000000001,0.08939393939393939,3.4000000000000004,2.5,0.16034482758620688,57.0,0.0,8.93939393939394,9.090909090909092,70.0,71.42857142857143,6.303030303030304,Low Risk,1,Promotion-Stalled,-2.5865484971118096,0.3706358243407232
31,0,Travel_Rarely,688,Sales,7,3,Life Sciences,3,Male,44,2,3,Manager,4,Divorced,11557,25291,9,No,21,4,3,1,10,3,2,5,4,0,1,0.0,0.36363636363636365,0.5,0.16666666666666666,0.2727272727272727,1.0,3.851049650116628,2.6666666666666665,3.0,10.5,0.22424242424242427,2.3000000000000003,3.1,0.22241379310344828,84.0,0.0,22.424242424242426,36.36363636363637,80.76923076923077,16.666666666666664,19.878787878787882,Low Risk,1,Promotion-Stalled,-2.781500007022302,-0.3144286852715189
18,1,Travel_Frequently,1306,Sales,5,3,Marketing,2,Male,69,3,1,Sales Representative,2,Single,1878,8059,1,Yes,14,3,4,0,0,3,3,0,0,0,0,0.0,0.0,3.0,0.0,1.0,1.0,1.876123876123876,2.6666666666666665,3.0,7.4,0.13333333333333336,1.4,2.7,0.7517241379310344,42.0,0.0,13.333333333333336,0.0,56.92307692307692,0.0,5.333333333333335,Low Risk,2,High-Risk Stagnation,-3.614472751778754,0.1761746468040516
40,0,Non-Travel,1094,Sales,28,3,Other,3,Male,58,1,3,Sales Executive,1,Divorced,10932,11373,3,No,15,3,3,1,20,2,3,1,0,0,1,0.0,0.0,1.0,0.5,0.14285714285714285,1.0,3.642785738087304,1.6666666666666667,3.0,7.5,0.2333333333333333,2.0,2.4000000000000004,0.2896551724137931,45.0,0.0,23.333333333333332,0.0,57.692307692307686,50.0,9.333333333333334,Low Risk,4,Career Explorers,-1.598719759751163,-2.112556076005108
41,0,Non-Travel,509,Research & Development,2,4,Other,1,Female,62,2,2,Healthcare Representative,3,Single,6811,2112,2,Yes,17,3,1,0,10,3,3,8,7,0,7,0.0,0.6363636363636364,0.3333333333333333,0.7777777777777778,0.18181818181818182,1.0,3.4037981009495253,2.6666666666666665,1.0,8.600000000000001,0.2924242424242425,1.6,2.0,0.4206896551724138,51.0,0.0,29.24242424242425,63.63636363636363,66.15384615384616,77.77777777777779,30.78787878787879,Low Risk,4,Career Explorers,-0.7092577394247559,-1.3579916620262333
26,0,Travel_Rarely,775,Sales,29,2,Medical,1,Male,45,3,2,Sales Executive,3,Divorced,4306,4267,5,No,12,3,1,2,8,5,3,0,0,0,0,0.0,0.0,5.0,0.0,0.2222222222222222,1.0,2.1519240379810096,3.0,1.0,7.200000000000001,0.1,2.3,2.0,0.44999999999999996,36.0,0.0,10.0,0.0,55.38461538461539,0.0,4.0,Low Risk,2,High-Risk Stagnation,-2.5973265770379137,-0.44674112192297216
35,0,Travel_Rarely,195,Sales,1,3,Medical,1,Female,80,3,2,Sales Executive,3,Single,4859,6698,1,No,16,3,4,0,5,3,3,5,4,0,3,0.0,0.6666666666666666,0.5,0.5,0.3333333333333333,1.0,2.4282858570714643,3.0,2.5,8.200000000000001,0.26666666666666666,1.9,2.75,0.16034482758620688,48.0,0.0,26.666666666666668,66.66666666666666,63.07692307692309,50.0,30.666666666666664,Low Risk,3,Stable Contributors,-1.2208212910888494,0.10995365112874528
34,0,Travel_Rarely,258,Sales,21,4,Life Sciences,4,Male,74,4,2,Sales Executive,4,Single,5337,19921,1,No,12,3,4,0,10,3,3,10,7,5,7,0.45454545454545453,0.6363636363636364,0.2727272727272727,0.6363636363636364,0.18181818181818182,0.16666666666666666,2.6671664167916043,3.6666666666666665,4.0,6.600000000000001,0.3515151515151515,2.2,3.8000000000000003,0.36724137931034484,6.0,33.33333333333333,35.15151515151515,63.63636363636363,50.76923076923078,63.63636363636363,43.15151515151515,Medium Risk,0,Fast-Track Performers,1.9706023297837547,3.0103577330671603
26,1,Travel_Rarely,471,Research & Development,24,3,Technical Degree,3,Male,66,1,1,Laboratory Technician,4,Single,2340,23213,1,Yes,18,3,2,0,1,3,1,1,0,0,0,0.0,0.0,1.5,0.0,0.5,1.0,2.3376623376623376,2.0,2.5,9.0,0.2,0.8,2.6500000000000004,0.7982758620689656,54.0,0.0,20.0,0.0,69.23076923076923,0.0,8.0,Low Risk,2,High-Risk Stagnation,-2.9845282933984385,-1.2544977789504856
37,0,Travel_Rarely,799,Research & Development,1,3,Technical Degree,2,Female,59,3,3,Manufacturing Director,4,Single,7491,23848,4,No,17,3,4,0,12,3,4,6,5,1,2,0.14285714285714285,0.38461538461538464,0.42857142857142855,0.2857142857142857,0.23076923076923078,0.5,2.4961679440186604,3.6666666666666665,3.0,8.600000000000001,0.17948717948717952,2.4,3.5,0.16034482758620688,25.5,6.666666666666667,17.948717948717952,38.46153846153847,66.15384615384616,28.57142857142857,20.717948717948723,Low Risk,3,Stable Contributors,-0.7406896209789565,2.351103770805107
46,0,Travel_Frequently,1034,Research & Development,18,1,Medical,1,Female,86,3,3,Healthcare Representative,3,Married,10527,8984,5,No,11,3,4,0,28,3,2,2,2,1,2,0.3333333333333333,0.06896551724137931,1.0,0.6666666666666666,0.10344827586206896,0.5,3.5078307230923027,2.6666666666666665,2.5,6.200000000000001,0.26724137931034486,2.4,2.55,0.4862068965517241,16.5,6.666666666666667,26.724137931034488,6.896551724137931,47.6923076923077,66.66666666666666,14.758620689655174,Low Risk,4,Career Explorers,0.5111939376856338,-0.016487666913378107
41,0,Travel_Rarely,1276,Sales,2,5,Life Sciences,2,Female,91,3,4,Manager,1,Married,16595,5626,7,No,16,3,2,1,22,2,3,18,16,11,8,0.5789473684210527,0.6956521739130435,0.10526315789473684,0.42105263157894735,0.17391304347826086,0.08333333333333333,4.147713071732067,2.3333333333333335,2.0,7.9,0.5432112890922959,3.1,1.9000000000000001,0.1706896551724138,4.0,73.33333333333333,54.321128909229586,69.56521739130434,60.769230769230774,42.10526315789473,64.59801678108313,Medium Risk,0,Fast-Track Performers,3.0449937106080602,-1.63716707247022
37,0,Non-Travel,142,Sales,9,4,Medical,1,Male,69,3,3,Sales Executive,2,Divorced,8834,24666,1,No,13,3,4,1,9,6,3,9,5,7,7,0.7,0.5,0.6,0.7,0.3,0.125,2.943685438187271,2.6666666666666665,2.5,7.9,0.5033333333333334,2.6,2.45,0.09310344827586207,4.875,46.666666666666664,50.33333333333334,50.0,60.769230769230774,70.0,49.13333333333334,Medium Risk,0,Fast-Track Performers,2.850412020879773,-0.38614815410902514
52,0,Travel_Rarely,956,Research & Development,6,2,Technical Degree,4,Male,78,3,2,Research Scientist,1,Divorced,5577,22087,3,Yes,12,3,2,2,18,3,3,10,9,6,9,0.5454545454545454,0.47368421052631576,0.2727272727272727,0.8181818181818182,0.10526315789473684,0.14285714285714285,2.787106446776612,2.3333333333333335,3.0,6.600000000000001,0.47599681020733653,2.3,2.4000000000000004,0.6120689655172414,5.142857142857143,40.0,47.599681020733655,47.368421052631575,50.76923076923078,81.81818181818183,45.250398724082935,Medium Risk,0,Fast-Track Performers,2.9094504497032116,-0.7231216069912599
32,1,Non-Travel,1474,Sales,11,4,Other,4,Male,60,4,2,Sales Executive,3,Married,4707,23914,8,No,12,3,4,0,6,2,3,4,2,1,2,0.2,0.2857142857142857,0.4,0.4,0.2857142857142857,0.5,2.3523238380809595,3.3333333333333335,4.0,6.300000000000001,0.20809523809523806,2.2,3.5,0.11379310344827585,18.0,6.666666666666667,20.809523809523807,28.57142857142857,48.46153846153847,40.0,18.895238095238092,Low Risk,3,Stable Contributors,-0.30876151954865055,2.1026285429053813
24,0,Travel_Frequently,535,Sales,24,3,Medical,4,Male,38,3,1,Sales Representative,4,Married,2400,5530,0,No,13,3,3,2,3,3,3,2,2,2,1,0.6666666666666666,0.5,1.0,0.3333333333333333,0.25,0.3333333333333333,2.3976023976023977,3.3333333333333335,3.5,7.0,0.42499999999999993,1.7999999999999998,3.5500000000000003,0.5482758620689655,13.0,13.333333333333334,42.49999999999999,50.0,53.84615384615385,33.33333333333333,36.0,Medium Risk,0,Fast-Track Performers,1.7017363043611422,2.093530168071412
38,0,Travel_Rarely,1495,Research & Development,10,3,Medical,3,Female,76,3,2,Healthcare Representative,3,Married,9824,22174,3,No,19,3,3,1,18,4,3,1,0,0,0,0.0,0.0,2.0,0.0,0.10526315789473684,1.0,4.909545227386307,3.0,3.0,9.700000000000001,0.1,2.1,3.0,0.253448275862069,57.0,0.0,10.0,0.0,74.61538461538463,0.0,4.0,Low Risk,1,Promotion-Stalled,-3.043835341415039,0.3890845996855903
37,0,Travel_Rarely,446,Research & Development,1,4,Life Sciences,2,Female,65,3,2,Manufacturing Director,2,Married,6447,15701,6,No,12,3,2,1,8,2,2,6,5,4,3,0.5714285714285714,0.5555555555555556,0.2857142857142857,0.42857142857142855,0.2222222222222222,0.2,3.2218890554722637,2.3333333333333335,2.0,6.300000000000001,0.5055555555555555,2.1,2.0,0.16034482758620688,7.2,26.666666666666668,50.55555555555556,55.55555555555556,48.46153846153847,42.857142857142854,44.88888888888889,Medium Risk,0,Fast-Track Performers,2.5520329774939547,-1.3754080069207095
49,0,Travel_Rarely,1245,Research & Development,18,4,Life Sciences,4,Male,58,2,5,Research Director,3,Divorced,19502,2125,1,Yes,17,3,3,1,31,5,3,31,9,0,9,0.0,0.28125,0.15625,0.28125,0.15625,1.0,3.899620075984803,2.6666666666666665,3.5,9.200000000000001,0.20364583333333336,3.3000000000000003,3.25,0.7362068965517242,51.0,0.0,20.364583333333336,28.125,70.76923076923077,28.125,16.583333333333336,Low Risk,1,Promotion-Stalled,-1.9884353781519433,0.3451063086911284
24,0,Travel_Rarely,691,Research & Development,23,3,Medical,2,Male,89,4,1,Research Scientist,4,Married,2725,21630,1,Yes,11,3,2,2,6,3,3,6,5,1,4,0.14285714285714285,0.7142857142857143,0.42857142857142855,0.5714285714285714,0.14285714285714285,0.5,2.722277722277722,3.6666666666666665,2.0,6.200000000000001,0.2619047619047619,2.1,2.8000000000000003,0.7879310344827587,16.5,6.666666666666667,26.190476190476193,71.42857142857143,47.6923076923077,57.14285714285714,33.904761904761905,Medium Risk,3,Stable Contributors,0.650457201517521,1.77098115459514
26,0,Travel_Rarely,703,Sales,28,2,Marketing,1,Male,66,3,2,Sales Executive,2,Married,6272,7428,1,No,20,4,4,2,6,5,4,5,3,1,4,0.16666666666666666,0.42857142857142855,0.8333333333333334,0.6666666666666666,0.2857142857142857,0.5,3.134432783608196,3.0,2.5,10.7,0.2654761904761905,2.3,2.6500000000000004,0.43965517241379315,40.0,6.666666666666667,26.547619047619047,42.857142857142854,82.3076923076923,66.66666666666666,25.476190476190474,Low Risk,3,Stable Contributors,-0.33419624303742923,0.06628385632679226
24,0,Travel_Rarely,823,Research & Development,17,2,Other,4,Male,94,2,1,Laboratory Technician,2,Married,2127,9100,1,No,21,4,4,1,1,2,3,1,0,0,0,0.0,0.0,1.0,0.0,0.5,1.0,2.1248751248751248,2.3333333333333335,4.0,10.2,0.16666666666666666,1.3,3.2,0.3258620689655172,84.0,0.0,16.666666666666664,0.0,78.46153846153847,0.0,6.666666666666666,Low Risk,2,High-Risk Stagnation,-3.8112331882263626,-0.47513732553757393
50,0,Travel_Frequently,1246,Human Resources,3,3,Medical,1,Male,99,3,5,Manager,2,Married,18200,7999,1,No,11,3,3,1,32,2,3,32,5,10,7,0.30303030303030304,0.15151515151515152,0.06060606060606061,0.21212121212121213,0.15151515151515152,0.09090909090909091,3.6392721455708856,2.6666666666666665,2.0,5.9,0.27727272727272734,3.6,2.2,0.3310344827586207,3.0,66.66666666666666,27.727272727272734,15.151515151515152,45.38461538461539,21.21212121212121,35.63636363636363,Medium Risk,4,Career Explorers,0.9232753516895595,-0.3029184457268903
25,0,Travel_Rarely,622,Sales,13,1,Medical,2,Male,40,3,1,Sales Representative,3,Married,2096,26376,1,No,11,3,3,0,7,1,3,7,4,0,6,0.0,0.5,0.125,0.75,0.125,1.0,2.093906093906094,3.0,2.5,5.6,0.225,1.4,2.75,0.2844827586206896,33.0,0.0,22.5,50.0,43.07692307692307,75.0,24.0,Low Risk,3,Stable Contributors,-0.6136026864563433,0.46334372250726386
24,1,Travel_Frequently,1287,Research & Development,7,3,Life Sciences,1,Female,55,3,1,Laboratory Technician,3,Married,2886,14168,1,Yes,16,3,4,1,6,4,3,6,3,1,2,0.14285714285714285,0.42857142857142855,0.5714285714285714,0.2857142857142857,0.14285714285714285,0.5,2.883116883116883,3.0,2.5,8.5,0.2571428571428571,1.5999999999999999,2.75,0.7724137931034483,24.0,6.666666666666667,25.71428571428571,42.857142857142854,65.38461538461539,28.57142857142857,25.14285714285714,Low Risk,3,Stable Contributors,-0.1695857874553977,0.5177330942023911
30,1,Travel_Frequently,448,Sales,12,4,Life Sciences,2,Male,74,2,1,Sales Representative,1,Married,2033,14470,1,No,18,3,3,1,1,2,4,1,0,0,0,0.0,0.0,1.0,0.0,0.5,1.0,2.030969030969031,2.3333333333333335,2.5,8.7,0.16666666666666666,1.3,2.35,0.4241379310344827,54.0,0.0,16.666666666666664,0.0,66.92307692307692,0.0,6.666666666666666,Low Risk,2,High-Risk Stagnation,-3.098075822352508,-1.1990994341880874
34,0,Travel_Rarely,254,Research & Development,1,2,Life Sciences,2,Male,83,2,1,Research Scientist,4,Married,3622,22794,1,Yes,13,3,4,1,6,3,3,6,5,1,3,0.14285714285714285,0.7142857142857143,0.42857142857142855,0.42857142857142855,0.14285714285714285,0.5,3.618381618381618,3.0,3.0,7.0,0.32857142857142857,1.3,3.3000000000000003,0.560344827586207,19.5,6.666666666666667,32.857142857142854,71.42857142857143,53.84615384615385,42.857142857142854,36.57142857142857,Medium Risk,3,Stable Contributors,0.6965539690096757,1.2291737084306422
31,1,Travel_Rarely,1365,Sales,13,4,Medical,2,Male,46,3,2,Sales Executive,1,Divorced,4233,11512,2,No,17,3,3,0,9,2,1,3,1,1,2,0.25,0.1,0.5,0.5,0.2,0.5,2.1154422788605696,1.6666666666666667,2.5,8.3,0.3458333333333333,1.9,1.75,0.2844827586206896,25.5,6.666666666666667,34.583333333333336,10.0,63.846153846153854,50.0,18.833333333333336,Low Risk,4,Career Explorers,0.26876903352340037,-2.8212883248320484
35,0,Travel_Rarely,538,Research & Development,25,2,Other,1,Male,54,2,2,Laboratory Technician,4,Single,3681,14004,4,No,14,3,4,0,9,3,3,3,2,0,2,0.0,0.2,0.75,0.5,0.2,1.0,1.8395802098950524,3.0,2.5,7.4,0.15000000000000002,1.6,3.0500000000000003,0.4086206896551724,42.0,0.0,15.000000000000002,20.0,56.92307692307692,50.0,12.0,Low Risk,3,Stable Contributors,-1.8570525432132698,0.7730992947733435
31,0,Travel_Rarely,525,Sales,6,4,Medical,1,Male,66,4,2,Sales Executive,4,Divorced,5460,6219,4,No,22,4,4,2,13,4,4,7,7,5,7,0.625,0.5,0.5,0.875,0.14285714285714285,0.16666666666666666,2.7286356821589206,4.0,2.5,11.2,0.34375,2.6,3.25,0.21206896551724136,14.666666666666666,33.33333333333333,34.375,50.0,86.15384615384615,87.5,38.75,Medium Risk,0,Fast-Track Performers,1.9192547128862867,2.345856998537356
27,0,Travel_Rarely,798,Research & Development,6,4,Medical,1,Female,66,2,1,Research Scientist,3,Divorced,2187,5013,0,No,12,3,3,2,6,5,2,5,3,0,3,0.0,0.42857142857142855,0.8333333333333334,0.5,0.14285714285714285,1.0,2.184815184815185,2.3333333333333335,2.0,7.200000000000001,0.2738095238095238,1.5,2.3,0.21206896551724136,36.0,0.0,27.38095238095238,42.857142857142854,55.38461538461539,50.0,23.80952380952381,Low Risk,4,Career Explorers,-0.8377021785764691,-1.2860588520870104
37,0,Travel_Rarely,558,Sales,2,3,Marketing,4,Male,75,3,2,Sales Executive,3,Married,9602,3010,4,Yes,11,3,3,1,17,3,2,3,0,1,0,0.25,0.0,0.75,0.0,0.1111111111111111,0.5,4.798600699650175,2.6666666666666665,3.5,6.200000000000001,0.22083333333333335,2.1,3.05,0.5706896551724139,16.5,6.666666666666667,22.083333333333336,0.0,47.6923076923077,0.0,10.833333333333334,Low Risk,3,Stable Contributors,-0.5559206804893649,0.6547297304834887
20,0,Travel_Rarely,959,Research & Development,1,3,Life Sciences,4,Female,83,2,1,Research Scientist,2,Single,2836,11757,1,No,13,3,4,0,1,0,4,1,0,0,0,0.0,0.0,0.0,0.0,0.5,1.0,2.833166833166833,2.6666666666666665,4.0,6.1,0.13333333333333336,1.1,3.4000000000000004,0.16034482758620688,39.0,0.0,13.333333333333336,0.0,46.92307692307692,0.0,5.333333333333335,Low Risk,2,High-Risk Stagnation,-2.864916753208745,0.8904800124078986
42,0,Travel_Rarely,622,Research & Development,2,4,Life Sciences,3,Female,81,3,2,Healthcare Representative,4,Married,4089,5718,1,No,13,3,2,2,10,4,3,10,2,2,2,0.18181818181818182,0.18181818181818182,0.36363636363636365,0.18181818181818182,0.18181818181818182,0.3333333333333333,2.0434782608695654,3.3333333333333335,2.5,7.300000000000001,0.17575757575757572,2.3,3.0500000000000003,0.1706896551724138,13.0,13.333333333333334,17.57575757575757,18.181818181818183,56.15384615384615,18.181818181818183,16.484848484848484,Low Risk,3,Stable Contributors,-0.3682394159249598,1.5411360615697818
43,0,Travel_Rarely,782,Research & Development,6,4,Other,2,Male,50,2,4,Research Director,4,Divorced,16627,2671,4,Yes,14,3,3,1,21,3,2,1,0,0,0,0.0,0.0,1.5,0.0,0.18181818181818182,1.0,4.155711072231942,2.6666666666666665,2.5,7.4,0.13333333333333336,2.8000000000000003,2.85,0.6120689655172414,42.0,0.0,13.333333333333336,0.0,56.92307692307692,0.0,5.333333333333335,Low Risk,2,High-Risk Stagnation,-2.568015820824493,0.0948441945346401
38,0,Travel_Rarely,362,Research & Development,1,1,Life Sciences,3,Female,43,3,1,Research Scientist,1,Single,2619,14561,3,No,17,3,4,0,8,3,2,0,0,0,0,0.0,0.0,3.0,0.0,0.1111111111111111,1.0,2.6163836163836165,2.0,3.5,8.600000000000001,0.2,1.4,2.4499999999999997,0.16034482758620688,51.0,0.0,20.0,0.0,66.15384615384616,0.0,8.0,Low Risk,1,Promotion-Stalled,-2.37856930081055,-1.7366784348831381
43,0,Travel_Frequently,1001,Research & Development,9,5,Medical,4,Male,72,3,2,Laboratory Technician,3,Divorced,5679,19627,3,Yes,13,3,2,1,10,3,3,8,7,4,7,0.4444444444444444,0.6363636363636364,0.3333333333333333,0.7777777777777778,0.18181818181818182,0.2,2.83808095952024,3.0,3.0,7.0,0.4146464646464646,2.1,3.0,0.793103448275862,7.8,26.666666666666668,41.46464646464646,63.63636363636363,53.84615384615385,77.77777777777779,43.676767676767675,Medium Risk,0,Fast-Track Performers,2.320387908024526,1.0406427432881658
48,0,Travel_Rarely,1236,Research & Development,1,4,Life Sciences,4,Female,40,2,4,Manager,1,Married,15402,17997,7,No,11,3,1,1,21,3,1,3,2,0,2,0.0,0.09090909090909091,0.75,0.5,0.18181818181818182,1.0,3.849537615596101,1.3333333333333333,2.5,6.200000000000001,0.2893939393939394,2.8000000000000003,1.75,0.16034482758620688,33.0,0.0,28.93939393939394,9.090909090909092,47.6923076923077,50.0,14.303030303030305,Low Risk,4,Career Explorers,-0.9657970268781257,-3.3131947862826596
44,0,Travel_Rarely,1112,Human Resources,1,4,Life Sciences,1,Female,50,2,2,Human Resources,3,Single,5985,26894,4,No,11,3,2,0,10,1,4,2,2,0,2,0.0,0.18181818181818182,0.3333333333333333,0.6666666666666666,0.18181818181818182,1.0,2.9910044977511245,3.0,1.5,5.6,0.14545454545454545,1.6,2.45,0.16034482758620688,33.0,0.0,14.545454545454545,18.181818181818183,43.07692307692307,66.66666666666666,11.272727272727273,Low Risk,3,Stable Contributors,-1.3952622057478568,0.16225637186970804
34,0,Travel_Rarely,204,Sales,14,3,Technical Degree,3,Female,31,3,1,Sales Representative,3,Divorced,2579,2912,1,Yes,18,3,4,2,8,3,3,8,2,0,6,0.0,0.2222222222222222,0.3333333333333333,0.6666666666666666,0.1111111111111111,1.0,2.5764235764235766,3.0,3.5,9.0,0.15555555555555556,1.7999999999999998,3.25,0.6948275862068967,54.0,0.0,15.555555555555555,22.22222222222222,69.23076923076923,66.66666666666666,12.88888888888889,Low Risk,3,Stable Contributors,-1.875235024425835,0.8662193549487109
27,1,Travel_Rarely,1420,Sales,2,1,Marketing,3,Male,85,3,1,Sales Representative,1,Divorced,3041,16346,0,No,11,3,2,1,5,3,3,4,3,0,2,0.0,0.5,0.6,0.4,0.16666666666666666,1.0,3.037962037962038,2.3333333333333335,2.5,6.200000000000001,0.29166666666666663,1.5999999999999999,2.1500000000000004,0.1706896551724138,33.0,0.0,29.166666666666664,50.0,47.6923076923077,40.0,26.666666666666664,Low Risk,4,Career Explorers,-0.6985558268804489,-1.4064396927231724
21,0,Travel_Rarely,1343,Sales,22,1,Technical Degree,3,Male,49,3,1,Sales Representative,3,Single,3447,24444,1,No,11,3,3,0,3,2,3,3,2,1,2,0.25,0.5,0.5,0.5,0.25,0.5,3.4435564435564436,3.0,3.0,5.9,0.3125,1.4,3.0,0.3775862068965517,16.5,6.666666666666667,31.25,50.0,45.38461538461539,50.0,29.5,Low Risk,3,Stable Contributors,0.6383072909546904,0.9821827036056568
44,0,Travel_Rarely,1315,Research & Development,3,4,Other,4,Male,35,3,5,Manager,4,Married,19513,9358,4,Yes,12,3,1,1,26,2,4,2,2,0,1,0.0,0.07407407407407407,0.6666666666666666,0.3333333333333333,0.18518518518518517,1.0,3.9018196360727853,3.6666666666666665,2.5,6.300000000000001,0.051851851851851864,3.6,3.25,0.5810344827586207,36.0,0.0,5.185185185185186,7.4074074074074066,48.46153846153847,33.33333333333333,4.296296296296296,Low Risk,3,Stable Contributors,-2.402356636174322,2.254439928861827
22,0,Travel_Rarely,604,Research & Development,6,1,Medical,1,Male,69,3,1,Research Scientist,3,Married,2773,12145,0,No,20,4,4,0,3,3,3,2,2,2,2,0.6666666666666666,0.5,1.0,0.6666666666666666,0.25,0.3333333333333333,2.7702297702297702,3.0,2.5,10.1,0.45833333333333326,1.4,2.75,0.21206896551724136,26.666666666666668,13.333333333333334,45.83333333333333,50.0,77.6923076923077,66.66666666666666,37.33333333333333,Medium Risk,0,Fast-Track Performers,1.7942171061819436,0.14689677058374817
33,0,Travel_Rarely,1216,Sales,8,4,Marketing,3,Male,39,3,2,Sales Executive,3,Divorced,7104,20431,0,No,12,3,4,0,6,3,3,5,0,1,2,0.16666666666666666,0.0,0.5,0.3333333333333333,0.2857142857142857,0.5,3.550224887556222,3.0,3.5,6.600000000000001,0.15833333333333333,1.9,3.25,0.23275862068965517,18.0,6.666666666666667,15.833333333333332,0.0,50.76923076923078,33.33333333333333,8.333333333333332,Low Risk,3,Stable Contributors,-0.9004902268870258,1.3772198059866223
32,0,Travel_Rarely,646,Research & Development,9,4,Life Sciences,1,Female,92,3,2,Research Scientist,4,Married,6322,18089,1,Yes,12,3,4,1,6,2,2,6,4,0,5,0.0,0.5714285714285714,0.2857142857142857,0.7142857142857143,0.2857142857142857,1.0,3.1594202898550723,3.0,2.5,6.300000000000001,0.24285714285714285,2.1,2.85,0.6431034482758621,36.0,0.0,24.285714285714285,57.14285714285714,48.46153846153847,71.42857142857143,26.857142857142858,Low Risk,3,Stable Contributors,-0.8208721490229882,0.6299525003505994
30,0,Travel_Frequently,160,Research & Development,3,3,Medical,3,Female,71,3,1,Research Scientist,3,Divorced,2083,22653,1,No,20,4,3,1,1,2,3,1,0,0,0,0.0,0.0,1.0,0.0,0.5,1.0,2.080919080919081,3.0,3.0,9.799999999999999,0.1,1.5999999999999999,3.0,0.3310344827586207,80.0,0.0,10.0,0.0,75.38461538461537,0.0,4.0,Low Risk,2,High-Risk Stagnation,-4.009642219025226,0.3557234579586922
53,0,Travel_Rarely,238,Sales,1,1,Medical,4,Female,34,3,2,Sales Executive,1,Single,8381,7507,7,No,20,4,4,0,18,2,4,14,7,8,10,0.5333333333333333,0.3684210526315789,0.13333333333333333,0.6666666666666666,0.10526315789473684,0.1111111111111111,4.188405797101449,2.6666666666666665,4.0,9.799999999999999,0.41210526315789475,1.9,3.0999999999999996,0.16034482758620688,8.88888888888889,53.333333333333336,41.21052631578947,36.84210526315789,75.38461538461537,66.66666666666666,43.53684210526316,Medium Risk,0,Fast-Track Performers,2.125364947885362,0.30905472060352146
34,0,Travel_Rarely,1397,Research & Development,1,5,Life Sciences,2,Male,42,3,1,Research Scientist,4,Married,2691,7660,1,No,12,3,4,1,10,4,2,10,9,8,8,0.7272727272727273,0.8181818181818182,0.36363636363636365,0.7272727272727273,0.09090909090909091,0.1111111111111111,2.688311688311688,3.0,3.0,6.9,0.5590909090909091,1.5999999999999999,3.1,0.16034482758620688,4.0,53.333333333333336,55.90909090909091,81.81818181818183,53.07692307692308,72.72727272727273,62.90909090909091,Medium Risk,0,Fast-Track Performers,3.769021670849953,0.8928172932721584
45,1,Travel_Frequently,306,Sales,26,4,Life Sciences,1,Female,100,3,2,Sales Executive,1,Married,4286,5630,2,No,14,3,4,2,5,4,3,1,1,0,0,0.0,0.16666666666666666,2.0,0.0,0.3333333333333333,1.0,2.1419290354822587,2.3333333333333335,2.5,7.700000000000001,0.20833333333333331,2.3,2.1500000000000004,0.5689655172413792,42.0,0.0,20.833333333333332,16.666666666666664,59.23076923076924,0.0,13.333333333333332,Low Risk,2,High-Risk Stagnation,-2.2483417658078753,-1.3509276641904775
26,0,Travel_Rarely,991,Research & Development,6,3,Life Sciences,3,Female,71,3,1,Laboratory Technician,4,Married,2659,17759,1,Yes,13,3,3,1,3,2,3,3,2,0,2,0.0,0.5,0.5,0.5,0.25,1.0,2.6563436563436564,3.3333333333333335,3.0,6.699999999999999,0.19166666666666665,1.5999999999999999,3.3000000000000003,0.6120689655172414,39.0,0.0,19.166666666666664,50.0,51.53846153846153,50.0,22.666666666666664,Low Risk,3,Stable Contributors,-1.3876222437667507,1.6532783042269281
37,0,Travel_Rarely,482,Research & Development,3,3,Other,3,Male,36,3,3,Manufacturing Director,3,Married,9434,9606,1,No,15,3,3,1,10,2,3,10,7,7,8,0.6363636363636364,0.6363636363636364,0.18181818181818182,0.7272727272727273,0.2727272727272727,0.125,3.1436187937354214,3.0,3.0,7.5,0.4818181818181818,2.6,3.0,0.1810344827586207,5.625,46.666666666666664,48.18181818181818,63.63636363636363,57.692307692307686,72.72727272727273,52.36363636363636,Medium Risk,0,Fast-Track Performers,2.829096515680921,0.8425457231226012
29,0,Travel_Rarely,1176,Sales,3,2,Medical,2,Female,62,3,2,Sales Executive,3,Married,5561,3487,1,No,14,3,1,1,6,5,2,6,0,1,2,0.14285714285714285,0.0,0.7142857142857143,0.2857142857142857,0.2857142857142857,0.5,2.7791104447776114,2.6666666666666665,1.5,8.0,0.18333333333333335,2.1,2.05,0.1810344827586207,21.0,6.666666666666667,18.333333333333336,0.0,61.53846153846154,28.57142857142857,9.333333333333336,Low Risk,4,Career Explorers,-0.9315377767967175,-0.8022774648174422
35,0,Travel_Rarely,1017,Research & Development,6,4,Life Sciences,2,Male,82,1,2,Research Scientist,4,Single,6646,19368,1,No,13,3,2,0,17,3,3,17,11,11,8,0.6111111111111112,0.6111111111111112,0.16666666666666666,0.4444444444444444,0.1111111111111111,0.08333333333333333,3.3213393303348324,2.6666666666666665,2.0,7.0,0.5,1.3,2.8000000000000003,0.21206896551724136,3.25,73.33333333333333,50.0,61.111111111111114,53.84615384615385,44.44444444444444,60.33333333333333,Medium Risk,0,Fast-Track Performers,2.929722176776698,0.1077232858721274
33,0,Travel_Frequently,1296,Research & Development,6,3,Life Sciences,3,Male,30,3,2,Healthcare Representative,4,Divorced,7725,5335,3,No,23,4,3,1,15,2,1,13,11,4,7,0.2857142857142857,0.6875,0.14285714285714285,0.5,0.125,0.2,3.8605697151424287,2.6666666666666665,3.0,11.0,0.40520833333333334,2.1,2.9000000000000004,0.3620689655172414,18.4,26.666666666666668,40.520833333333336,68.75,84.61538461538461,50.0,44.833333333333336,Medium Risk,0,Fast-Track Performers,1.51643986517773,-0.11335329534158455
54,0,Travel_Rarely,397,Human Resources,19,4,Medical,3,Male,88,3,3,Human Resources,2,Married,10725,6729,2,No,15,3,3,1,16,1,4,9,7,7,1,0.7,0.4117647058823529,0.1,0.1,0.17647058823529413,0.125,3.5738087304231922,3.0,3.0,7.199999999999999,0.4479411764705882,2.6,2.9000000000000004,0.346551724137931,5.625,46.666666666666664,44.79411764705882,41.17647058823529,55.38461538461538,10.0,44.27058823529411,Medium Risk,0,Fast-Track Performers,2.0830355899516104,0.7786860258185327
36,0,Travel_Rarely,913,Research & Development,9,2,Medical,2,Male,48,2,2,Manufacturing Director,2,Divorced,8847,13934,2,Yes,11,3,3,1,13,2,3,3,2,0,2,0.0,0.14285714285714285,0.5,0.5,0.14285714285714285,1.0,4.4212893553223385,2.3333333333333335,2.5,5.9,0.20238095238095238,1.8,2.45,0.6431034482758621,33.0,0.0,20.238095238095237,14.285714285714285,45.38461538461539,50.0,12.38095238095238,Low Risk,4,Career Explorers,-1.3058526662126488,-0.7639879244514532
27,0,Travel_Rarely,1115,Research & Development,3,4,Medical,1,Male,54,2,1,Research Scientist,4,Single,2045,15174,0,No,13,3,4,0,5,0,3,4,2,1,1,0.2,0.3333333333333333,0.0,0.2,0.16666666666666666,0.5,2.042957042957043,3.0,2.5,6.1,0.2533333333333333,1.1,3.0500000000000003,0.1810344827586207,19.5,6.666666666666667,25.33333333333333,33.33333333333333,46.92307692307692,20.0,22.133333333333333,Low Risk,3,Stable Contributors,-0.0964692811336593,0.9840753320273318
20,1,Travel_Rarely,1362,Research & Development,10,1,Medical,4,Male,32,3,1,Research Scientist,3,Single,1009,26999,1,Yes,11,3,4,0,1,5,3,1,0,1,1,0.5,0.0,2.5,0.5,0.5,0.5,1.007992007992008,3.0,4.0,6.800000000000001,0.275,1.4,3.5,0.653448275862069,16.5,6.666666666666667,27.500000000000004,0.0,52.307692307692314,50.0,13.000000000000002,Low Risk,3,Stable Contributors,-0.0671309035162182,1.778678685885323
33,1,Travel_Frequently,1076,Research & Development,3,3,Life Sciences,1,Male,70,3,1,Research Scientist,1,Single,3348,3164,1,Yes,11,3,1,0,10,3,3,10,8,9,7,0.8181818181818182,0.7272727272727273,0.2727272727272727,0.6363636363636364,0.09090909090909091,0.1,3.3446553446553446,2.3333333333333335,1.0,6.200000000000001,0.6348484848484849,1.4,1.4000000000000001,0.7310344827586206,3.3,60.0,63.48484848484849,72.72727272727273,47.6923076923077,63.63636363636363,65.21212121212122,Medium Risk,0,Fast-Track Performers,4.206235497460097,-2.073544491199544
35,0,Non-Travel,727,Research & Development,3,3,Life Sciences,3,Male,41,2,1,Laboratory Technician,3,Married,1281,16900,1,No,18,3,3,2,1,3,3,1,0,0,0,0.0,0.0,1.5,0.0,0.5,1.0,1.2797202797202798,2.6666666666666665,3.0,9.0,0.13333333333333336,1.5,3.0,0.03103448275862069,54.0,0.0,13.333333333333336,0.0,69.23076923076923,0.0,5.333333333333335,Low Risk,2,High-Risk Stagnation,-3.293871260444948,0.008945456585235387
23,0,Travel_Rarely,885,Research & Development,4,3,Medical,1,Male,58,4,1,Research Scientist,1,Married,2819,8544,2,No,16,3,1,1,5,3,4,3,2,0,2,0.0,0.3333333333333333,0.75,0.5,0.16666666666666666,1.0,2.816183816183816,3.0,1.0,8.200000000000001,0.18333333333333335,1.9,1.6,0.19137931034482758,48.0,0.0,18.333333333333336,33.33333333333333,63.07692307692309,50.0,17.333333333333332,Low Risk,4,Career Explorers,-1.623782710450958,-1.2843396310826936
25,0,Travel_Rarely,810,Sales,8,3,Life Sciences,4,Male,57,4,2,Sales Executive,2,Married,4851,15678,0,No,22,4,3,1,4,4,3,3,2,1,2,0.25,0.4,1.0,0.5,0.4,0.5,2.424287856071964,3.0,3.5,11.2,0.2875,2.4000000000000004,2.95,0.23275862068965517,44.0,6.666666666666667,28.749999999999996,40.0,86.15384615384615,50.0,25.5,Low Risk,1,Promotion-Stalled,-0.5809634423153317,0.3344105984466414
38,0,Travel_Rarely,243,Sales,7,4,Marketing,4,Female,46,2,2,Sales Executive,4,Single,4028,7791,0,No,20,4,1,0,8,2,3,7,7,0,5,0.0,0.7777777777777778,0.25,0.625,0.2222222222222222,1.0,2.0129935032483757,3.0,2.5,9.799999999999999,0.29444444444444445,1.6,3.0500000000000003,0.22241379310344828,80.0,0.0,29.444444444444446,77.77777777777779,75.38461538461537,62.5,35.111111111111114,Medium Risk,1,Promotion-Stalled,-1.4631918782718925,0.09540329969333369
29,0,Travel_Frequently,806,Research & Development,1,4,Life Sciences,2,Male,76,1,1,Research Scientist,4,Divorced,2720,18959,1,No,18,3,4,1,10,5,3,10,7,2,8,0.18181818181818182,0.6363636363636364,0.45454545454545453,0.7272727272727273,0.09090909090909091,0.3333333333333333,2.717282717282717,2.6666666666666665,3.0,9.6,0.3560606060606061,1.0,3.3000000000000003,0.3103448275862069,18.0,13.333333333333334,35.60606060606061,63.63636363636363,73.84615384615384,72.72727272727273,37.33333333333333,Medium Risk,0,Fast-Track Performers,1.2730865403309848,0.5083525612222085
48,0,Travel_Rarely,817,Sales,2,1,Marketing,2,Male,56,4,2,Sales Executive,2,Married,8120,18597,3,No,12,3,4,0,12,3,3,2,2,2,2,0.6666666666666666,0.15384615384615385,1.0,0.6666666666666666,0.15384615384615385,0.3333333333333333,4.057971014492754,3.0,3.0,6.600000000000001,0.3717948717948718,2.2,2.7,0.1706896551724138,12.0,13.333333333333334,37.17948717948718,15.384615384615385,50.76923076923078,66.66666666666666,23.48717948717949,Low Risk,0,Fast-Track Performers,1.6979123225382389,0.5400096141896323
27,0,Travel_Frequently,1410,Sales,3,1,Medical,4,Female,71,4,2,Sales Executive,4,Divorced,4647,16673,1,Yes,20,4,2,2,6,3,3,6,5,0,4,0.0,0.7142857142857143,0.42857142857142855,0.5714285714285714,0.2857142857142857,1.0,2.3223388305847075,3.6666666666666665,3.0,10.1,0.21190476190476193,2.6,3.3000000000000003,0.7310344827586206,80.0,0.0,21.190476190476193,71.42857142857143,77.6923076923077,57.14285714285714,29.904761904761905,Low Risk,1,Promotion-Stalled,-2.0767742933700872,1.5829659983259883
37,0,Travel_Rarely,1225,Research & Development,10,2,Life Sciences,4,Male,80,4,1,Research Scientist,4,Single,4680,15232,3,No,17,3,1,0,4,2,3,1,0,0,0,0.0,0.0,1.0,0.0,0.2,1.0,4.675324675324675,3.6666666666666665,2.5,8.3,0.03333333333333335,1.7,3.0500000000000003,0.253448275862069,51.0,0.0,3.333333333333335,0.0,63.846153846153854,0.0,1.333333333333334,Low Risk,2,High-Risk Stagnation,-3.282994797332139,1.6582059595057046
50,0,Travel_Rarely,1207,Research & Development,28,1,Medical,4,Male,74,4,1,Laboratory Technician,3,Married,3221,3297,1,Yes,11,3,3,3,20,3,3,20,8,3,8,0.14285714285714285,0.38095238095238093,0.14285714285714285,0.38095238095238093,0.047619047619047616,0.25,3.2177822177822177,3.3333333333333335,3.5,6.200000000000001,0.21190476190476187,2.3,3.25,0.8396551724137932,8.25,20.0,21.190476190476186,38.095238095238095,47.6923076923077,38.095238095238095,25.904761904761905,Low Risk,3,Stable Contributors,0.5275694260983461,2.036600522999654
34,0,Travel_Rarely,1442,Research & Development,9,3,Medical,4,Female,46,2,3,Healthcare Representative,2,Single,8621,17654,1,No,14,3,2,0,9,3,4,8,7,7,7,0.7777777777777778,0.7,0.3333333333333333,0.7777777777777778,0.3,0.125,2.8727090969676774,2.6666666666666665,3.0,7.4,0.5805555555555555,2.1,2.9000000000000004,0.24310344827586206,5.25,46.666666666666664,58.05555555555555,70.0,56.92307692307692,77.77777777777779,58.22222222222222,Medium Risk,0,Fast-Track Performers,3.5469876848870494,0.18229853920570252
24,1,Travel_Rarely,693,Sales,3,2,Life Sciences,1,Female,65,3,2,Sales Executive,3,Single,4577,24785,9,No,14,3,1,0,4,3,3,2,2,2,0,0.6666666666666666,0.4,1.0,0.0,0.4,0.3333333333333333,2.2873563218390807,3.0,1.0,7.4,0.43333333333333335,1.9,2.0,0.1810344827586207,14.0,13.333333333333334,43.333333333333336,40.0,56.92307692307692,0.0,33.333333333333336,Medium Risk,0,Fast-Track Performers,1.1835151173201122,-0.46559432094858216
39,0,Travel_Rarely,408,Research & Development,2,4,Technical Degree,4,Female,80,2,2,Healthcare Representative,3,Single,4553,20978,1,No,11,3,1,0,20,4,3,20,7,11,10,0.5238095238095238,0.3333333333333333,0.19047619047619047,0.47619047619047616,0.09523809523809523,0.08333333333333333,2.2753623188405796,2.6666666666666665,2.5,6.5,0.4,1.6,2.75,0.1706896551724138,2.75,73.33333333333333,40.0,33.33333333333333,50.0,47.61904761904761,48.0,Medium Risk,0,Fast-Track Performers,2.209071819478393,0.1863746603022197
32,0,Travel_Rarely,929,Sales,10,3,Marketing,4,Male,55,3,2,Sales Executive,4,Single,5396,21703,1,No,12,3,4,0,10,2,2,10,7,0,8,0.0,0.6363636363636364,0.18181818181818182,0.7272727272727273,0.18181818181818182,1.0,2.6966516741629185,3.0,4.0,6.300000000000001,0.2590909090909091,1.9,3.6,0.253448275862069,36.0,0.0,25.90909090909091,63.63636363636363,48.46153846153847,72.72727272727273,29.454545454545453,Low Risk,3,Stable Contributors,-0.5730262871104694,1.4288734113283215
50,1,Travel_Frequently,562,Sales,8,2,Technical Degree,2,Male,50,3,2,Sales Executive,3,Married,6796,23452,3,Yes,14,3,1,1,18,4,3,4,3,1,3,0.2,0.15789473684210525,0.8,0.6,0.10526315789473684,0.5,3.396301849075462,3.0,1.5,7.700000000000001,0.2094736842105263,2.1,2.25,0.7827586206896551,21.0,6.666666666666667,20.94736842105263,15.789473684210526,59.23076923076924,60.0,15.11578947368421,Low Risk,3,Stable Contributors,-0.07213489773004285,0.04612107327385906
38,0,Travel_Rarely,827,Research & Development,1,4,Life Sciences,2,Female,33,4,2,Healthcare Representative,4,Single,7625,19383,0,No,13,3,3,0,10,4,2,9,7,1,8,0.1,0.6363636363636364,0.4,0.8,0.18181818181818182,0.5,3.8105947026486757,3.3333333333333335,2.5,7.300000000000001,0.26075757575757574,2.2,2.85,0.16034482758620688,19.5,6.666666666666667,26.075757575757574,63.63636363636363,56.15384615384615,80.0,31.52121212121212,Low Risk,3,Stable Contributors,0.5911762875270142,1.1047211954519038
27,0,Travel_Rarely,608,Research & Development,1,2,Life Sciences,3,Female,68,3,3,Manufacturing Director,1,Married,7412,6009,1,No,11,3,4,0,9,3,3,9,7,0,7,0.0,0.7,0.3,0.7,0.3,1.0,2.469843385538154,2.3333333333333335,3.5,6.200000000000001,0.3416666666666667,2.4,2.65,0.16034482758620688,33.0,0.0,34.166666666666664,70.0,47.6923076923077,70.0,34.666666666666664,Medium Risk,4,Career Explorers,-0.1966840080885438,-0.7844097095791229
32,0,Travel_Rarely,1018,Research & Development,3,2,Life Sciences,3,Female,39,3,3,Research Director,4,Single,11159,19373,3,No,15,3,4,0,10,6,3,7,7,7,7,0.875,0.6363636363636364,0.75,0.875,0.2727272727272727,0.125,3.7184271909363544,3.3333333333333335,3.5,8.7,0.5320075757575757,2.4,3.5500000000000003,0.1810344827586207,5.625,46.666666666666664,53.20075757575757,63.63636363636363,66.92307692307692,87.5,54.371212121212125,Medium Risk,0,Fast-Track Performers,3.4047300750942644,1.8967834700215056
47,0,Travel_Rarely,703,Sales,14,4,Marketing,4,Male,42,3,2,Sales Executive,1,Single,4960,11825,2,No,12,3,4,0,20,2,3,7,7,1,7,0.125,0.3333333333333333,0.25,0.875,0.09523809523809523,0.5,2.478760619690155,2.3333333333333335,4.0,6.300000000000001,0.29374999999999996,1.9,2.9,0.29482758620689653,18.0,6.666666666666667,29.374999999999996,33.33333333333333,48.46153846153847,87.5,23.75,Low Risk,4,Career Explorers,0.7738544376987865,-0.17138969906116067
40,0,Travel_Frequently,580,Sales,5,4,Life Sciences,4,Male,48,2,3,Sales Executive,1,Married,10475,23772,5,Yes,21,4,3,1,20,2,3,18,13,1,12,0.05263157894736842,0.6190476190476191,0.10526315789473684,0.631578947368421,0.14285714285714285,0.5,3.4905031656114627,2.0,3.5,10.2,0.3731829573934837,2.3000000000000003,2.65,0.7517241379310344,42.0,6.666666666666667,37.31829573934837,61.904761904761905,78.46153846153847,63.1578947368421,35.49874686716792,Medium Risk,4,Career Explorers,0.3210358521814238,-1.4304436714393882
53,0,Travel_Rarely,970,Research & Development,7,3,Life Sciences,3,Male,59,4,4,Research Director,3,Married,14814,13514,3,No,19,3,3,0,32,3,3,5,1,1,3,0.16666666666666666,0.030303030303030304,0.5,0.5,0.12121212121212122,0.5,3.7025743564108975,3.3333333333333335,3.0,9.4,0.13257575757575757,3.2,3.0,0.22241379310344828,28.5,6.666666666666667,13.257575757575758,3.0303030303030303,72.3076923076923,50.0,8.212121212121213,Low Risk,3,Stable Contributors,-0.9652524201349363,1.220305857543524
41,0,Travel_Rarely,427,Human Resources,10,4,Human Resources,2,Male,73,2,5,Manager,4,Divorced,19141,8861,3,No,15,3,2,3,23,2,2,21,6,12,6,0.5454545454545454,0.25,0.09090909090909091,0.2727272727272727,0.20833333333333334,0.07692307692307693,3.8274345130973804,2.6666666666666665,2.0,7.5,0.3867424242424243,3.7,2.6,0.253448275862069,3.4615384615384617,80.0,38.67424242424243,25.0,57.692307692307686,27.27272727272727,46.96969696969697,Medium Risk,0,Fast-Track Performers,1.7031304394176368,-0.023748489248815608
60,0,Travel_Rarely,1179,Sales,16,4,Marketing,1,Male,84,3,2,Sales Executive,1,Single,5405,11924,8,No,14,3,4,0,10,1,3,2,2,2,2,0.6666666666666666,0.18181818181818182,0.3333333333333333,0.6666666666666666,0.18181818181818182,0.3333333333333333,2.7011494252873565,2.3333333333333335,2.5,6.800000000000001,0.44545454545454544,1.9,2.1500000000000004,0.31551724137931036,14.0,13.333333333333334,44.54545454545455,18.181818181818183,52.307692307692314,66.66666666666666,27.272727272727273,Low Risk,0,Fast-Track Performers,2.0031884187796423,-1.1740920756970115
27,0,Travel_Frequently,294,Research & Development,10,2,Life Sciences,4,Male,32,3,3,Manufacturing Director,1,Divorced,8793,4809,1,No,21,4,3,2,9,4,2,9,7,1,7,0.1,0.7,0.4,0.7,0.3,0.5,2.9300233255581474,2.0,3.5,10.799999999999999,0.41000000000000003,2.8,2.4499999999999997,0.40344827586206894,42.0,6.666666666666667,41.0,70.0,83.07692307692307,70.0,39.400000000000006,Medium Risk,4,Career Explorers,0.47137453825285985,-1.8161194904786668
41,0,Travel_Rarely,314,Human Resources,1,3,Human Resources,4,Male,59,2,5,Manager,3,Married,19189,19562,1,No,12,3,2,1,22,3,3,22,7,2,10,0.08695652173913043,0.30434782608695654,0.13043478260869565,0.43478260869565216,0.21739130434782608,0.3333333333333333,3.837032593481304,2.6666666666666665,3.0,6.600000000000001,0.23985507246376814,3.3000000000000003,3.0,0.16034482758620688,12.0,13.333333333333334,23.985507246376812,30.434782608695656,50.76923076923078,43.47826086956522,22.72463768115942,Low Risk,3,Stable Contributors,0.18148304644223864,0.5254691371773664
50,0,Travel_Rarely,316,Sales,8,4,Marketing,4,Male,54,3,1,Sales Representative,2,Married,3875,9983,7,No,15,3,4,1,4,2,3,2,2,2,2,0.6666666666666666,0.4,0.6666666666666666,0.6666666666666666,0.2,0.3333333333333333,3.871128871128871,2.6666666666666665,4.0,7.5,0.4666666666666667,1.5999999999999999,3.2,0.23275862068965517,15.0,13.333333333333334,46.666666666666664,40.0,57.692307692307686,66.66666666666666,34.66666666666667,Medium Risk,0,Fast-Track Performers,2.1570967302686967,0.5212704830523591
28,1,Travel_Rarely,654,Research & Development,1,2,Life Sciences,1,Female,67,1,1,Research Scientist,2,Single,2216,3872,7,Yes,13,3,4,0,10,4,3,7,7,3,7,0.375,0.6363636363636364,0.5,0.875,0.09090909090909091,0.25,2.213786213786214,2.0,2.5,7.300000000000001,0.49034090909090905,0.8,2.45,0.560344827586207,9.75,20.0,49.03409090909091,63.63636363636363,56.15384615384615,87.5,44.70454545454545,Medium Risk,0,Fast-Track Performers,2.71246394800395,-1.3079122911738146
36,0,Non-Travel,427,Research & Development,8,3,Life Sciences,1,Female,63,4,3,Research Director,1,Married,11713,20335,9,No,14,3,1,1,10,2,3,8,7,0,5,0.0,0.6363636363636364,0.2222222222222222,0.5555555555555556,0.2727272727272727,1.0,3.903032322559147,2.6666666666666665,1.0,7.1,0.2924242424242425,2.9000000000000004,1.4000000000000001,0.08275862068965517,42.0,0.0,29.24242424242425,63.63636363636363,54.61538461538461,55.55555555555556,30.78787878787879,Low Risk,4,Career Explorers,-0.7449623015619578,-2.010946472500071
38,0,Travel_Rarely,168,Research & Development,1,3,Life Sciences,3,Female,81,3,3,Manufacturing Director,3,Single,7861,15397,4,Yes,14,3,4,0,10,4,4,1,0,0,0,0.0,0.0,2.0,0.0,0.2727272727272727,1.0,2.61946017994002,3.3333333333333335,3.5,7.700000000000001,0.06666666666666665,2.4,3.45,0.560344827586207,42.0,0.0,6.666666666666665,0.0,59.23076923076924,0.0,2.666666666666666,Low Risk,2,High-Risk Stagnation,-3.0406548947535934,1.8680479160174983
44,0,Non-Travel,381,Research & Development,24,3,Medical,1,Male,49,1,1,Laboratory Technician,3,Single,3708,2104,2,No,14,3,3,0,9,5,3,5,2,1,4,0.16666666666666666,0.2,0.8333333333333334,0.6666666666666666,0.1,0.5,3.704295704295704,2.3333333333333335,2.0,8.0,0.275,0.8,2.5,0.2482758620689655,21.0,6.666666666666667,27.500000000000004,20.0,61.53846153846154,66.66666666666666,19.0,Low Risk,4,Career Explorers,0.2825311207825354,-0.8287591879596323
47,0,Travel_Frequently,217,Sales,3,3,Medical,4,Female,49,3,4,Sales Executive,3,Divorced,13770,10225,9,Yes,12,3,4,2,28,2,2,22,2,11,13,0.4782608695652174,0.06896551724137931,0.08695652173913043,0.5652173913043478,0.13793103448275862,0.08333333333333333,3.4416395901024743,2.6666666666666665,4.0,6.300000000000001,0.3179660169915043,3.3,3.3,0.7310344827586206,3.0,73.33333333333333,31.79660169915043,6.896551724137931,48.46153846153847,56.52173913043478,36.78760619690155,Medium Risk,0,Fast-Track Performers,1.5385132525157716,1.1615684867142946
30,0,Travel_Rarely,501,Sales,27,5,Marketing,3,Male,99,3,2,Sales Executive,4,Divorced,5304,25275,7,No,23,4,4,1,10,2,2,8,7,7,7,0.7777777777777778,0.6363636363636364,0.2222222222222222,0.7777777777777778,0.18181818181818182,0.125,2.6506746626686657,3.0,3.5,11.0,0.5313131313131313,2.1,3.35,0.42931034482758623,11.5,46.666666666666664,53.13131313131313,63.63636363636363,84.61538461538461,77.77777777777779,54.34343434343434,Medium Risk,0,Fast-Track Performers,3.0674039058478755,0.9658529845800421
29,0,Travel_Rarely,1396,Sales,10,3,Life Sciences,3,Male,99,3,1,Sales Representative,3,Single,2642,2755,1,No,11,3,3,0,1,6,3,1,0,0,0,0.0,0.0,3.0,0.0,0.5,1.0,2.6393606393606395,3.0,3.0,7.1,0.1,1.4,3.0,0.253448275862069,33.0,0.0,10.0,0.0,54.61538461538461,0.0,4.0,Low Risk,2,High-Risk Stagnation,-2.937643803997785,0.8793241655422721
42,1,Travel_Frequently,933,Research & Development,19,3,Medical,3,Male,57,4,1,Research Scientist,3,Divorced,2759,20366,6,Yes,12,3,4,0,7,2,3,2,2,2,2,0.6666666666666666,0.25,0.6666666666666666,0.6666666666666666,0.125,0.3333333333333333,2.756243756243756,3.3333333333333335,3.5,6.300000000000001,0.36249999999999993,1.7,3.25,0.8965517241379309,12.0,13.333333333333334,36.24999999999999,25.0,48.46153846153847,66.66666666666666,26.0,Low Risk,0,Fast-Track Performers,1.7458868589111316,1.929049414938188
43,0,Travel_Frequently,775,Sales,15,3,Life Sciences,4,Male,47,2,2,Sales Executive,4,Married,6804,23683,3,No,18,3,3,1,7,5,3,2,2,2,2,0.6666666666666666,0.25,1.6666666666666667,0.6666666666666666,0.25,0.3333333333333333,3.4002998500749624,3.0,3.5,9.6,0.39583333333333326,1.8,3.5500000000000003,0.45517241379310347,18.0,13.333333333333334,39.58333333333333,25.0,73.84615384615384,66.66666666666666,27.333333333333332,Low Risk,0,Fast-Track Performers,1.4363660205458526,1.4072964086454067
34,0,Travel_Rarely,970,Research & Development,8,2,Medical,2,Female,96,3,2,Healthcare Representative,3,Single,6142,7360,3,No,11,3,4,0,10,2,3,5,1,4,3,0.6666666666666666,0.09090909090909091,0.3333333333333333,0.5,0.18181818181818182,0.2,3.0694652673663168,3.0,3.0,5.9,0.3560606060606061,1.9,3.0,0.23275862068965517,6.6,26.666666666666668,35.60606060606061,9.090909090909092,45.38461538461539,50.0,24.96969696969697,Low Risk,0,Fast-Track Performers,1.6722395987660965,1.0866245890077657
23,0,Travel_Rarely,650,Research & Development,9,1,Medical,2,Male,37,3,1,Laboratory Technician,1,Married,2500,4344,1,No,14,3,4,1,5,2,4,4,3,0,2,0.0,0.5,0.4,0.4,0.16666666666666666,1.0,2.4975024975024973,2.6666666666666665,3.0,7.1,0.25833333333333336,1.5999999999999999,2.6,0.24310344827586206,42.0,0.0,25.833333333333336,50.0,54.61538461538461,40.0,25.333333333333336,Low Risk,4,Career Explorers,-1.1043603161619546,-0.43934458049518593
39,0,Travel_Rarely,141,Human Resources,3,3,Human Resources,3,Female,44,4,2,Human Resources,2,Married,6389,18767,9,No,15,3,3,1,12,3,1,8,3,3,6,0.3333333333333333,0.23076923076923078,0.3333333333333333,0.6666666666666666,0.15384615384615385,0.25,3.192903548225887,2.3333333333333335,3.0,7.800000000000001,0.34102564102564104,2.4000000000000004,2.3000000000000003,0.1810344827586207,11.25,20.0,34.1025641025641,23.076923076923077,60.00000000000001,66.66666666666666,26.564102564102566,Low Risk,4,Career Explorers,1.2913540569841586,-0.991065906206343
56,0,Travel_Rarely,832,Research & Development,9,3,Medical,3,Male,81,3,4,Healthcare Representative,4,Married,11103,20420,7,No,11,3,3,0,30,1,2,10,7,1,1,0.09090909090909091,0.22580645161290322,0.09090909090909091,0.09090909090909091,0.12903225806451613,0.5,2.775056235941015,3.0,3.0,5.6,0.18826979472140762,2.9,3.1,0.24310344827586206,16.5,6.666666666666667,18.826979472140764,22.58064516129032,43.07692307692307,9.090909090909092,16.3049853372434,Low Risk,3,Stable Contributors,-0.6019137104377205,1.1733652946358137
40,0,Travel_Rarely,804,Research & Development,2,1,Medical,4,Female,86,2,1,Research Scientist,4,Single,2342,22929,0,Yes,20,4,4,0,5,2,2,4,2,2,3,0.4,0.3333333333333333,0.4,0.6,0.16666666666666666,0.3333333333333333,2.3396603396603397,2.6666666666666665,4.0,9.799999999999999,0.3566666666666667,1.1,3.6,0.5706896551724139,26.666666666666668,13.333333333333334,35.66666666666667,33.33333333333333,75.38461538461537,60.0,28.266666666666666,Low Risk,0,Fast-Track Performers,0.8553218816981392,0.9336585265757037
27,0,Travel_Rarely,975,Research & Development,7,3,Medical,4,Female,55,2,2,Healthcare Representative,1,Single,6811,23398,8,No,19,3,1,0,9,2,1,7,6,0,7,0.0,0.6,0.25,0.875,0.2,1.0,3.4037981009495253,1.3333333333333333,2.5,9.100000000000001,0.41666666666666674,1.6,1.75,0.22241379310344828,57.0,0.0,41.66666666666667,60.0,70.0,87.5,34.66666666666667,Medium Risk,4,Career Explorers,-0.22036845120655182,-3.835424687065197
29,0,Travel_Rarely,1090,Sales,10,3,Marketing,4,Male,83,3,1,Sales Representative,2,Divorced,2297,17967,1,No,14,3,4,2,2,2,3,2,2,2,2,0.6666666666666666,0.6666666666666666,0.6666666666666666,0.6666666666666666,0.3333333333333333,0.3333333333333333,2.294705294705295,2.6666666666666665,4.0,7.1,0.5333333333333333,1.7999999999999998,3.2,0.253448275862069,14.0,13.333333333333334,53.333333333333336,66.66666666666666,54.61538461538461,66.66666666666666,45.33333333333333,Medium Risk,0,Fast-Track Performers,2.5681965118160015,0.5199116294115197
53,0,Travel_Rarely,346,Research & Development,6,3,Life Sciences,4,Male,86,3,2,Laboratory Technician,4,Single,2450,10919,2,No,17,3,4,0,19,4,3,2,2,2,2,0.6666666666666666,0.1,1.3333333333333333,0.6666666666666666,0.1,0.3333333333333333,1.2243878060969515,3.3333333333333335,4.0,8.9,0.32499999999999996,1.9,3.8000000000000003,0.21206896551724136,17.0,13.333333333333334,32.49999999999999,10.0,68.46153846153847,66.66666666666666,20.0,Low Risk,0,Fast-Track Performers,1.2205063583667424,2.2399273118474436
35,0,Non-Travel,1225,Research & Development,2,4,Life Sciences,4,Female,61,3,2,Healthcare Representative,1,Divorced,5093,4761,2,No,11,3,1,1,16,2,4,1,0,0,0,0.0,0.0,1.0,0.0,0.11764705882352941,1.0,2.5452273863068466,2.6666666666666665,2.5,5.9,0.13333333333333336,2.1,2.35,0.020689655172413793,33.0,0.0,13.333333333333336,0.0,45.38461538461539,0.0,5.333333333333335,Low Risk,2,High-Risk Stagnation,-2.186606645355212,-0.5320049704971028
32,0,Travel_Frequently,430,Research & Development,24,4,Life Sciences,1,Male,80,3,2,Laboratory Technician,4,Married,5309,21146,1,No,15,3,4,2,10,2,3,10,8,4,7,0.36363636363636365,0.7272727272727273,0.18181818181818182,0.6363636363636364,0.18181818181818182,0.2,2.6531734132933535,3.3333333333333335,2.5,7.5,0.37575757575757573,2.3,3.0500000000000003,0.5482758620689655,9.0,26.666666666666668,37.57575757575757,72.72727272727273,57.692307692307686,63.63636363636363,44.84848484848485,Medium Risk,0,Fast-Track Performers,1.9340669415576364,1.4881465693991651
38,0,Travel_Rarely,268,Research & Development,2,5,Medical,4,Male,92,3,1,Research Scientist,3,Married,3057,20471,6,Yes,13,3,2,1,6,0,1,1,0,0,1,0.0,0.0,0.0,0.5,0.14285714285714285,1.0,3.053946053946054,2.3333333333333335,3.0,6.1,0.16666666666666666,1.5999999999999999,2.6,0.5706896551724139,39.0,0.0,16.666666666666664,0.0,46.92307692307692,50.0,6.666666666666666,Low Risk,3,Stable Contributors,-1.7307279060731686,-0.6052677807750435
34,0,Travel_Rarely,167,Research & Development,8,5,Life Sciences,2,Female,32,3,2,Manufacturing Director,1,Divorced,5121,4187,3,No,14,3,3,1,7,3,3,0,0,0,0,0.0,0.0,3.0,0.0,0.25,1.0,2.5592203898050974,2.3333333333333335,2.5,7.4,0.16666666666666666,2.1,2.1500000000000004,0.23275862068965517,42.0,0.0,16.666666666666664,0.0,56.92307692307692,0.0,6.666666666666666,Low Risk,2,High-Risk Stagnation,-2.455257285250699,-1.3872148057524705
52,0,Travel_Rarely,621,Sales,3,4,Marketing,3,Male,31,2,4,Manager,1,Married,16856,10084,1,No,11,3,1,0,34,3,4,34,6,1,16,0.02857142857142857,0.17142857142857143,0.08571428571428572,0.45714285714285713,0.11428571428571428,0.5,4.212946763309173,2.3333333333333335,2.0,6.200000000000001,0.2195238095238095,2.6,2.1,0.1810344827586207,16.5,6.666666666666667,21.952380952380953,17.142857142857142,47.6923076923077,45.714285714285715,15.923809523809524,Low Risk,4,Career Explorers,-0.18290892407559137,-1.1366066065481497
33,1,Travel_Rarely,527,Research & Development,1,4,Other,4,Male,63,3,1,Research Scientist,4,Single,2686,5207,1,Yes,13,3,3,0,10,2,2,10,9,7,8,0.6363636363636364,0.8181818181818182,0.18181818181818182,0.7272727272727273,0.09090909090909091,0.125,2.6833166833166833,3.0,3.5,6.699999999999999,0.5272727272727272,1.4,3.35,0.560344827586207,4.875,46.666666666666664,52.72727272727272,81.81818181818183,51.53846153846153,72.72727272727273,59.63636363636363,Medium Risk,0,Fast-Track Performers,3.4628648021316812,1.348409062662614
25,0,Travel_Rarely,883,Sales,26,1,Medical,3,Female,32,3,2,Sales Executive,4,Single,6180,22807,1,No,23,4,2,0,6,5,2,6,5,1,4,0.14285714285714285,0.7142857142857143,0.7142857142857143,0.5714285714285714,0.2857142857142857,0.5,3.088455772113943,3.0,2.5,11.9,0.32857142857142857,1.9,2.85,0.4189655172413793,46.0,6.666666666666667,32.857142857142854,71.42857142857143,91.53846153846155,57.14285714285714,36.57142857142857,Medium Risk,1,Promotion-Stalled,-0.10851643551347587,0.08714494016665696
45,0,Travel_Rarely,954,Sales,2,2,Technical Degree,2,Male,46,1,2,Sales Representative,3,Single,6632,12388,0,No,13,3,1,0,9,3,3,8,7,3,1,0.3333333333333333,0.7,0.3333333333333333,0.1111111111111111,0.2,0.25,3.314342828585707,2.3333333333333335,1.5,7.0,0.45833333333333326,1.3,2.25,0.1706896551724138,9.75,20.0,45.83333333333333,70.0,53.84615384615385,11.11111111111111,45.33333333333333,Medium Risk,0,Fast-Track Performers,1.7178818829634857,-1.1451603334356808
23,0,Travel_Rarely,310,Research & Development,10,1,Medical,1,Male,79,4,1,Research Scientist,3,Single,3505,19630,1,No,18,3,4,0,2,3,3,2,2,0,2,0.0,0.6666666666666666,1.0,0.6666666666666666,0.3333333333333333,1.0,3.5014985014985016,3.3333333333333335,2.5,9.0,0.2333333333333333,1.7,2.75,0.253448275862069,54.0,0.0,23.333333333333332,66.66666666666666,69.23076923076923,66.66666666666666,29.33333333333333,Low Risk,3,Stable Contributors,-1.3762854616332891,0.548294151696122
47,1,Travel_Frequently,719,Sales,27,2,Life Sciences,2,Female,77,4,2,Sales Executive,3,Single,6397,10339,4,Yes,12,3,4,0,8,2,3,5,4,1,3,0.16666666666666666,0.4444444444444444,0.3333333333333333,0.5,0.2222222222222222,0.5,3.1969015492253874,3.3333333333333335,3.0,6.300000000000001,0.23611111111111108,2.2,3.0,0.9793103448275862,18.0,6.666666666666667,23.611111111111107,44.44444444444444,48.46153846153847,50.0,24.777777777777775,Low Risk,3,Stable Contributors,0.1034237140861424,1.6438923895252326
34,0,Travel_Rarely,304,Sales,2,3,Other,4,Male,60,3,2,Sales Executive,4,Single,6274,18686,1,No,22,4,3,0,6,5,3,6,5,1,4,0.14285714285714285,0.7142857142857143,0.7142857142857143,0.5714285714285714,0.2857142857142857,0.5,3.135432283858071,3.3333333333333335,3.5,11.5,0.2952380952380952,1.9,3.5500000000000003,0.1706896551724138,44.0,6.666666666666667,29.52380952380952,71.42857142857143,88.46153846153845,57.14285714285714,35.238095238095234,Medium Risk,3,Stable Contributors,-0.2328328732081255,1.4679070808209778
55,1,Travel_Rarely,725,Research & Development,2,3,Medical,4,Male,78,3,5,Manager,1,Married,19859,21199,5,Yes,13,3,4,1,24,2,3,5,2,1,4,0.16666666666666666,0.08,0.3333333333333333,0.6666666666666666,0.2,0.5,3.971005798840232,2.3333333333333335,4.0,6.699999999999999,0.245,3.6,2.9,0.5706896551724139,19.5,6.666666666666667,24.5,8.0,51.53846153846153,66.66666666666666,14.200000000000001,Low Risk,3,Stable Contributors,-0.017648543426452556,-0.052348166930360616
36,0,Non-Travel,1434,Sales,8,4,Life Sciences,1,Male,76,2,3,Sales Executive,1,Single,7587,14229,1,No,15,3,2,0,10,1,3,10,7,0,9,0.0,0.6363636363636364,0.09090909090909091,0.8181818181818182,0.2727272727272727,1.0,2.5281572809063646,2.0,1.5,7.199999999999999,0.3590909090909091,2.1,1.6500000000000001,0.08275862068965517,45.0,0.0,35.909090909090914,63.63636363636363,55.38461538461538,81.81818181818183,33.45454545454545,Medium Risk,4,Career Explorers,-0.2566493022085734,-2.732562859608274
52,0,Non-Travel,715,Research & Development,19,4,Medical,4,Male,41,3,1,Research Scientist,4,Married,4258,26589,0,No,18,3,1,1,5,3,3,4,3,1,2,0.2,0.5,0.6,0.4,0.16666666666666666,0.5,4.253746253746254,3.3333333333333335,2.5,9.0,0.26166666666666666,1.5999999999999999,3.0500000000000003,0.196551724137931,27.0,6.666666666666667,26.166666666666664,50.0,69.23076923076923,40.0,27.46666666666667,Low Risk,3,Stable Contributors,-0.023472013797964,1.1697901843390945
26,0,Travel_Frequently,575,Research & Development,1,2,Life Sciences,1,Female,71,1,1,Laboratory Technician,4,Divorced,4364,5288,3,No,14,3,1,1,5,2,3,2,2,2,0,0.6666666666666666,0.3333333333333333,0.6666666666666666,0.0,0.16666666666666666,0.3333333333333333,4.35964035964036,2.6666666666666665,1.0,7.1,0.45,1.0,2.3,0.3103448275862069,14.0,13.333333333333334,45.0,33.33333333333333,54.61538461538461,0.0,32.0,Low Risk,0,Fast-Track Performers,1.5000847835614288,-0.5832888456270502
29,0,Travel_Rarely,657,Research & Development,27,3,Medical,2,Female,66,3,2,Healthcare Representative,3,Married,4335,25549,4,No,12,3,1,1,11,3,2,8,7,1,1,0.1111111111111111,0.5833333333333334,0.3333333333333333,0.1111111111111111,0.16666666666666666,0.5,2.166416791604198,2.6666666666666665,1.5,6.600000000000001,0.3180555555555556,2.1,2.05,0.42931034482758623,18.0,6.666666666666667,31.80555555555556,58.333333333333336,50.76923076923078,11.11111111111111,32.22222222222223,Low Risk,4,Career Explorers,0.27406179351554605,-0.8206766410789752
26,1,Travel_Rarely,1146,Sales,8,3,Technical Degree,4,Male,38,2,2,Sales Executive,1,Single,5326,3064,6,No,17,3,3,0,6,2,2,4,3,1,2,0.2,0.42857142857142855,0.4,0.4,0.2857142857142857,0.5,2.6616691654172913,1.6666666666666667,3.5,8.3,0.41047619047619044,1.6,2.4499999999999997,0.23275862068965517,25.5,6.666666666666667,41.047619047619044,42.857142857142854,63.846153846153854,40.0,31.27619047619047,Low Risk,4,Career Explorers,0.5499027039314939,-2.016856362580104
34,0,Travel_Rarely,182,Research & Development,1,4,Life Sciences,2,Female,72,4,1,Research Scientist,4,Single,3280,13551,2,No,16,3,3,0,10,2,3,4,2,1,3,0.2,0.18181818181818182,0.4,0.6,0.09090909090909091,0.5,3.276723276723277,3.6666666666666665,2.5,7.9,0.1487878787878788,1.7,3.0500000000000003,0.16034482758620688,24.0,6.666666666666667,14.87878787878788,18.181818181818183,60.769230769230774,60.0,13.406060606060608,Low Risk,3,Stable Contributors,-0.4113572786329673,1.870907088206287
54,0,Travel_Rarely,376,Research & Development,19,4,Medical,4,Female,95,3,2,Manufacturing Director,1,Divorced,5485,22670,9,Yes,11,3,2,2,9,4,3,5,3,1,4,0.16666666666666666,0.3,0.6666666666666666,0.6666666666666666,0.2,0.5,2.741129435282359,2.3333333333333335,3.0,6.5,0.3,2.3,2.4000000000000004,0.746551724137931,16.5,6.666666666666667,30.0,30.0,50.0,66.66666666666666,23.0,Low Risk,4,Career Explorers,0.5208754381628902,-0.6731712407640726
27,0,Travel_Frequently,829,Sales,8,1,Marketing,3,Male,84,3,2,Sales Executive,4,Married,4342,24008,0,No,19,3,2,1,5,3,3,4,2,1,1,0.2,0.3333333333333333,0.6,0.2,0.3333333333333333,0.5,2.1699150424787605,3.3333333333333335,2.5,9.4,0.21999999999999997,2.1,3.0500000000000003,0.38275862068965516,28.5,6.666666666666667,21.999999999999996,33.33333333333333,72.3076923076923,20.0,20.799999999999997,Low Risk,3,Stable Contributors,-0.8270811465826599,1.2671584425026292
37,0,Travel_Rarely,571,Research & Development,10,1,Life Sciences,4,Female,82,3,1,Research Scientist,1,Divorced,2782,19905,0,Yes,13,3,2,2,6,3,2,5,3,4,3,0.6666666666666666,0.42857142857142855,0.5,0.5,0.14285714285714285,0.2,2.779220779220779,2.0,3.0,7.0,0.5404761904761904,1.7999999999999998,2.2,0.653448275862069,7.8,26.666666666666668,54.047619047619044,42.857142857142854,53.84615384615385,50.0,42.476190476190474,Medium Risk,0,Fast-Track Performers,2.8198439092850767,-1.5679653103315851
38,0,Travel_Frequently,240,Research & Development,2,4,Life Sciences,1,Female,75,4,2,Manufacturing Director,1,Single,5980,26085,6,Yes,12,3,4,0,17,2,3,15,7,4,12,0.25,0.3888888888888889,0.125,0.75,0.1111111111111111,0.2,2.9885057471264367,2.6666666666666665,2.5,6.300000000000001,0.3180555555555556,2.2,2.1500000000000004,0.7206896551724138,7.2,26.666666666666668,31.80555555555556,38.88888888888889,48.46153846153847,75.0,32.38888888888889,Low Risk,4,Career Explorers,1.5782833172341442,-0.39835672709902054
34,0,Travel_Rarely,121,Research & Development,2,4,Medical,3,Female,86,2,1,Research Scientist,1,Single,4381,7530,1,No,11,3,3,0,6,3,3,6,5,1,3,0.14285714285714285,0.7142857142857143,0.42857142857142855,0.42857142857142855,0.14285714285714285,0.5,4.376623376623376,2.0,3.0,6.200000000000001,0.4285714285714286,1.1,2.4000000000000004,0.1706896551724138,16.5,6.666666666666667,42.85714285714286,71.42857142857143,47.6923076923077,42.857142857142854,40.57142857142857,Medium Risk,4,Career Explorers,1.3194568234977424,-1.4668122302088618
35,0,Travel_Rarely,384,Sales,8,4,Life Sciences,1,Female,72,3,1,Sales Representative,4,Married,2572,20317,1,No,16,3,2,1,3,1,2,3,2,0,2,0.0,0.5,0.25,0.5,0.25,1.0,2.5694305694305695,3.0,1.5,7.6,0.225,1.5999999999999999,2.35,0.23275862068965517,48.0,0.0,22.5,50.0,58.46153846153845,50.0,24.0,Low Risk,3,Stable Contributors,-1.4000233811767386,-0.3011100014163349
30,0,Travel_Rarely,921,Research & Development,1,3,Life Sciences,4,Male,38,1,1,Laboratory Technician,3,Married,3833,24375,3,No,21,4,3,2,7,2,3,2,2,0,2,0.0,0.25,0.6666666666666666,0.6666666666666666,0.125,1.0,3.8291708291708293,2.3333333333333335,3.5,10.2,0.22916666666666666,1.2000000000000002,3.25,0.16034482758620688,84.0,0.0,22.916666666666664,25.0,78.46153846153847,66.66666666666666,16.666666666666664,Low Risk,1,Promotion-Stalled,-2.1692762474285505,-0.6091979402654195
40,0,Travel_Frequently,791,Research & Development,2,2,Medical,3,Female,38,4,2,Healthcare Representative,2,Married,4244,9931,1,No,24,4,4,1,8,2,3,8,7,3,7,0.3333333333333333,0.7777777777777778,0.2222222222222222,0.7777777777777778,0.2222222222222222,0.25,2.1209395302348826,3.0,3.5,11.4,0.4111111111111111,2.4000000000000004,2.95,0.32068965517241377,24.0,20.0,41.11111111111111,77.77777777777779,87.6923076923077,77.77777777777779,45.77777777777778,Medium Risk,0,Fast-Track Performers,1.6288056435317835,0.36634147887719337
34,0,Travel_Rarely,1111,Sales,8,2,Life Sciences,3,Female,93,3,2,Sales Executive,1,Married,6500,13305,5,No,17,3,2,1,6,1,3,3,2,1,2,0.25,0.2857142857142857,0.25,0.5,0.2857142857142857,0.5,3.248375812093953,2.3333333333333335,2.5,8.0,0.32559523809523805,2.1,2.1500000000000004,0.23275862068965517,25.5,6.666666666666667,32.5595238095238,28.57142857142857,61.53846153846154,50.0,23.595238095238095,Low Risk,4,Career Explorers,0.22314193748439695,-1.313692783480411
42,0,Travel_Frequently,570,Research & Development,8,3,Life Sciences,2,Male,66,3,5,Manager,4,Divorced,18430,16225,1,No,13,3,2,1,24,4,2,24,7,14,9,0.56,0.28,0.16,0.36,0.2,0.06666666666666667,3.685262947410518,3.0,2.0,7.300000000000001,0.366,3.6,2.6,0.38275862068965516,2.6,93.33333333333333,36.6,28.000000000000004,56.15384615384615,36.0,51.04,Medium Risk,0,Fast-Track Performers,1.7850495389431182,0.5357101538336747
23,1,Travel_Rarely,1243,Research & Development,6,3,Life Sciences,3,Male,63,4,1,Laboratory Technician,1,Married,1601,3445,1,Yes,21,4,3,2,1,2,3,0,0,0,0,0.0,0.0,2.0,0.0,0.5,1.0,1.5994005994005993,2.6666666666666665,3.0,10.2,0.13333333333333336,2.1,2.4000000000000004,0.6120689655172414,84.0,0.0,13.333333333333336,0.0,78.46153846153847,0.0,5.333333333333335,Low Risk,2,High-Risk Stagnation,-3.9306082219663145,-0.9031597532270049
24,0,Non-Travel,1092,Research & Development,9,3,Life Sciences,3,Male,60,2,1,Laboratory Technician,2,Divorced,2694,26551,1,No,11,3,3,3,1,4,3,1,0,0,0,0.0,0.0,2.0,0.0,0.5,1.0,2.6913086913086914,2.3333333333333335,3.0,6.5,0.16666666666666666,1.7000000000000002,2.7,0.09310344827586207,33.0,0.0,16.666666666666664,0.0,50.0,0.0,6.666666666666666,Low Risk,2,High-Risk Stagnation,-2.5760946370785134,-0.5189760080026758
52,0,Travel_Rarely,1325,Research & Development,11,4,Life Sciences,4,Female,82,3,2,Laboratory Technician,3,Married,3149,21821,8,No,20,4,2,1,9,3,3,5,2,1,4,0.16666666666666666,0.2,0.5,0.6666666666666666,0.2,0.5,1.5737131434282858,3.0,3.0,10.1,0.20833333333333334,2.1,3.0,0.26379310344827583,40.0,6.666666666666667,20.833333333333336,20.0,77.6923076923077,66.66666666666666,16.333333333333336,Low Risk,3,Stable Contributors,-0.6695003788817536,0.5604435892621574
50,0,Travel_Rarely,691,Research & Development,2,3,Medical,3,Male,64,3,4,Research Director,3,Married,17639,6881,5,No,16,3,4,0,30,3,3,4,3,0,3,0.0,0.0967741935483871,0.6,0.6,0.12903225806451613,1.0,4.40864783804049,3.0,3.5,8.200000000000001,0.12419354838709679,2.9,3.25,0.1706896551724138,48.0,0.0,12.419354838709678,9.67741935483871,63.07692307692309,60.0,7.870967741935485,Low Risk,3,Stable Contributors,-2.0441113220621596,0.8746157829779823
29,1,Travel_Rarely,805,Research & Development,1,2,Life Sciences,2,Female,36,2,1,Laboratory Technician,1,Married,2319,6689,1,Yes,11,3,4,1,1,1,3,1,0,0,0,0.0,0.0,0.5,0.0,0.5,1.0,2.3166833166833167,2.0,3.0,5.6,0.2,1.3,2.4000000000000004,0.560344827586207,33.0,0.0,20.0,0.0,43.07692307692307,0.0,8.0,Low Risk,2,High-Risk Stagnation,-2.36761828701838,-1.2141150182388645
33,0,Travel_Rarely,213,Research & Development,7,3,Medical,3,Male,49,3,3,Research Director,3,Married,11691,25995,0,No,11,3,4,0,14,3,4,13,9,3,7,0.21428571428571427,0.6,0.21428571428571427,0.5,0.2,0.25,3.8957014328557147,3.3333333333333335,3.5,6.200000000000001,0.29166666666666663,2.4,3.45,0.22241379310344828,8.25,20.0,29.166666666666664,60.0,47.6923076923077,50.0,35.666666666666664,Medium Risk,3,Stable Contributors,1.1006388981810524,2.086714853706424
33,1,Travel_Rarely,118,Sales,16,3,Marketing,1,Female,69,3,2,Sales Executive,1,Single,5324,26507,5,No,15,3,3,0,6,3,3,3,2,0,2,0.0,0.2857142857142857,0.75,0.5,0.2857142857142857,1.0,2.660669665167416,2.3333333333333335,2.0,7.800000000000001,0.23809523809523808,1.9,1.9000000000000001,0.31551724137931036,45.0,0.0,23.809523809523807,28.57142857142857,60.00000000000001,50.0,18.095238095238095,Low Risk,4,Career Explorers,-1.5021439284086378,-1.7911930709745296
47,0,Travel_Rarely,202,Research & Development,2,2,Other,3,Female,33,3,4,Manager,4,Married,16752,12982,1,Yes,11,3,3,1,26,3,2,26,14,3,0,0.1111111111111111,0.5185185185185185,0.1111111111111111,0.0,0.14814814814814814,0.25,4.186953261684579,3.0,3.0,6.200000000000001,0.2685185185185185,3.1,3.1,0.5706896551724139,8.25,20.0,26.851851851851848,51.85185185185185,47.6923076923077,0.0,32.29629629629629,Low Risk,3,Stable Contributors,0.38380566546536193,1.2378102638668782
36,0,Travel_Rarely,676,Research & Development,1,3,Other,3,Female,35,3,2,Manufacturing Director,2,Married,5228,23361,0,No,15,3,1,1,10,2,3,9,7,0,5,0.0,0.6363636363636364,0.2,0.5,0.18181818181818182,1.0,2.6126936531734133,2.6666666666666665,2.0,7.5,0.2924242424242425,2.1,2.2,0.16034482758620688,45.0,0.0,29.24242424242425,63.63636363636363,57.692307692307686,50.0,30.78787878787879,Low Risk,4,Career Explorers,-0.8070725662976447,-1.0564290007070958
29,0,Travel_Rarely,1252,Research & Development,23,2,Life Sciences,3,Male,81,4,1,Research Scientist,3,Married,2700,23779,1,No,24,4,3,1,10,3,3,10,7,0,7,0.0,0.6363636363636364,0.2727272727272727,0.6363636363636364,0.09090909090909091,1.0,2.6973026973026974,3.3333333333333335,3.0,11.700000000000001,0.22575757575757574,1.9,3.0,0.3879310344827586,96.0,0.0,22.575757575757574,63.63636363636363,90.00000000000001,63.63636363636363,28.121212121212118,Low Risk,1,Promotion-Stalled,-2.144339758814337,0.3304790447598241
58,1,Travel_Rarely,286,Research & Development,2,4,Life Sciences,4,Male,31,3,5,Research Director,2,Single,19246,25761,7,Yes,12,3,4,0,40,2,3,31,15,13,8,0.40625,0.36585365853658536,0.0625,0.25,0.12195121951219512,0.07142857142857142,3.8484303139372127,2.6666666666666665,4.0,6.300000000000001,0.3669842479674797,3.4,3.2,0.5706896551724139,2.5714285714285716,86.66666666666667,36.69842479674797,36.58536585365854,48.46153846153847,25.0,51.65497967479675,Medium Risk,0,Fast-Track Performers,1.6814269304726737,0.903484570445602
35,0,Travel_Rarely,1258,Research & Development,1,4,Life Sciences,4,Female,40,4,1,Research Scientist,3,Single,2506,13301,3,No,13,3,3,0,7,0,3,2,2,2,2,0.6666666666666666,0.25,0.0,0.6666666666666666,0.125,0.3333333333333333,2.5034965034965033,3.3333333333333335,3.5,6.1,0.36249999999999993,1.7,3.25,0.16034482758620688,13.0,13.333333333333334,36.24999999999999,25.0,46.92307692307692,66.66666666666666,26.0,Low Risk,0,Fast-Track Performers,1.7546709179652142,1.7422860776805489
42,0,Travel_Rarely,932,Research & Development,1,2,Life Sciences,4,Female,43,2,2,Manufacturing Director,4,Married,6062,4051,9,Yes,13,3,4,1,8,4,3,4,3,0,2,0.0,0.3333333333333333,0.8,0.4,0.2222222222222222,1.0,3.0294852573713142,3.0,4.0,7.300000000000001,0.18333333333333335,1.8,3.8000000000000003,0.560344827586207,39.0,0.0,18.333333333333336,33.33333333333333,56.15384615384615,40.0,17.333333333333332,Low Risk,3,Stable Contributors,-1.691258061185445,1.7539347794079465
28,1,Travel_Rarely,890,Research & Development,2,4,Medical,3,Male,46,3,1,Research Scientist,3,Single,4382,16374,6,No,17,3,4,0,5,3,2,2,2,2,1,0.6666666666666666,0.3333333333333333,1.0,0.3333333333333333,0.16666666666666666,0.3333333333333333,4.3776223776223775,2.6666666666666665,3.5,8.600000000000001,0.45,1.4,3.05,0.1706896551724138,17.0,13.333333333333334,45.0,33.33333333333333,66.15384615384616,33.33333333333333,32.0,Low Risk,0,Fast-Track Performers,1.6487995783440055,0.2060692845455064
36,0,Travel_Rarely,1041,Human Resources,13,3,Human Resources,3,Male,36,3,1,Human Resources,2,Married,2143,25527,4,No,13,3,2,1,8,2,3,5,2,0,4,0.0,0.2222222222222222,0.3333333333333333,0.6666666666666666,0.1111111111111111,1.0,2.1408591408591406,2.6666666666666665,2.5,6.699999999999999,0.1888888888888889,1.5999999999999999,2.45,0.2844827586206896,39.0,0.0,18.888888888888893,22.22222222222222,51.53846153846153,66.66666666666666,14.222222222222223,Low Risk,4,Career Explorers,-1.2486962314783598,-0.4802061871751878
32,0,Travel_Rarely,859,Research & Development,4,3,Life Sciences,3,Female,98,2,2,Manufacturing Director,3,Married,6162,19124,1,No,12,3,3,1,14,3,3,14,13,6,8,0.4,0.8666666666666667,0.2,0.5333333333333333,0.13333333333333333,0.14285714285714285,3.0794602698650673,2.6666666666666665,3.0,6.600000000000001,0.49000000000000005,1.8,3.0,0.19137931034482758,5.142857142857143,40.0,49.00000000000001,86.66666666666667,50.76923076923078,53.333333333333336,57.60000000000001,Medium Risk,0,Fast-Track Performers,2.8020404930267064,0.34789010494140227
40,0,Travel_Frequently,720,Research & Development,16,4,Medical,1,Male,51,2,2,Laboratory Technician,3,Single,5094,11983,6,No,14,3,4,0,10,6,3,1,0,0,0,0.0,0.0,3.0,0.0,0.18181818181818182,1.0,2.545727136431784,2.6666666666666665,2.5,8.3,0.13333333333333336,1.6,2.75,0.46551724137931033,42.0,0.0,13.333333333333336,0.0,63.846153846153854,0.0,5.333333333333335,Low Risk,2,High-Risk Stagnation,-2.608513352073324,-0.1442246612688371
30,0,Travel_Rarely,946,Research & Development,2,3,Medical,3,Female,52,2,2,Manufacturing Director,4,Single,6877,20234,5,Yes,24,4,2,0,12,4,2,0,0,0,0,0.0,0.0,4.0,0.0,0.15384615384615385,1.0,3.4367816091954024,2.6666666666666665,2.5,12.0,0.13333333333333336,1.6,2.85,0.5706896551724139,96.0,0.0,13.333333333333336,0.0,92.3076923076923,0.0,5.333333333333335,Low Risk,1,Promotion-Stalled,-3.8425709643700667,-0.6710967341462465
45,0,Travel_Rarely,252,Research & Development,2,3,Life Sciences,2,Female,95,2,1,Research Scientist,3,Single,2274,6153,1,No,14,3,4,0,1,3,3,1,0,0,0,0.0,0.0,1.5,0.0,0.5,1.0,2.271728271728272,2.6666666666666665,3.0,7.4,0.13333333333333336,1.1,3.0,0.1706896551724138,42.0,0.0,13.333333333333336,0.0,56.92307692307692,0.0,5.333333333333335,Low Risk,2,High-Risk Stagnation,-2.974146002991233,0.2590130902301341
42,0,Travel_Rarely,933,Research & Development,29,3,Life Sciences,2,Male,98,3,2,Manufacturing Director,2,Married,4434,11806,1,No,13,3,4,1,10,3,2,9,8,7,8,0.7,0.7272727272727273,0.3,0.8,0.18181818181818182,0.125,2.2158920539730134,2.3333333333333335,3.0,7.0,0.5934848484848484,2.1,2.5,0.44999999999999996,4.875,46.666666666666664,59.34848484848484,72.72727272727273,53.84615384615385,80.0,59.557575757575755,Medium Risk,0,Fast-Track Performers,3.754043764510245,-0.767119038334862
38,0,Travel_Frequently,471,Research & Development,12,3,Life Sciences,1,Male,45,2,2,Healthcare Representative,1,Divorced,6288,4284,2,No,15,3,3,1,13,3,2,4,3,1,2,0.2,0.21428571428571427,0.6,0.4,0.14285714285714285,0.5,3.1424287856071964,1.6666666666666667,2.0,7.800000000000001,0.35690476190476184,1.8,1.7000000000000002,0.4241379310344827,22.5,6.666666666666667,35.69047619047618,21.428571428571427,60.00000000000001,40.0,22.7047619047619,Low Risk,4,Career Explorers,0.41945746504433806,-2.830042853671858
34,0,Travel_Frequently,702,Research & Development,16,4,Life Sciences,3,Female,100,2,1,Research Scientist,4,Single,2553,8306,1,No,16,3,3,0,6,3,3,5,2,1,3,0.16666666666666666,0.2857142857142857,0.5,0.5,0.14285714285714285,0.5,2.5504495504495504,3.0,3.0,8.200000000000001,0.22976190476190475,1.1,3.3000000000000003,0.46551724137931033,24.0,6.666666666666667,22.976190476190474,28.57142857142857,63.07692307692309,50.0,19.76190476190476,Low Risk,3,Stable Contributors,-0.18752111879427666,1.2081693919928993
49,1,Travel_Rarely,1184,Sales,11,3,Marketing,3,Female,43,3,3,Sales Executive,4,Married,7654,5860,1,No,18,3,1,2,9,3,4,9,8,7,7,0.7,0.8,0.3,0.7,0.3,0.125,2.550483172275908,3.6666666666666665,2.0,9.0,0.4783333333333333,2.8,3.0,0.26379310344827583,6.75,46.666666666666664,47.83333333333333,80.0,69.23076923076923,70.0,57.13333333333333,Medium Risk,0,Fast-Track Performers,2.865787392364594,1.6954430591554188
55,1,Travel_Rarely,436,Sales,2,1,Medical,3,Male,37,3,2,Sales Executive,4,Single,5160,21519,4,No,16,3,3,0,12,3,2,9,7,7,3,0.7,0.5384615384615384,0.3,0.3,0.15384615384615385,0.125,2.578710644677661,3.0,3.0,8.200000000000001,0.47961538461538455,1.9,3.1,0.1706896551724138,6.0,46.666666666666664,47.96153846153845,53.84615384615385,63.07692307692309,30.0,49.33846153846153,Medium Risk,0,Fast-Track Performers,2.4963463793294975,0.8654195115563909
43,0,Travel_Rarely,589,Research & Development,14,2,Life Sciences,2,Male,94,3,4,Research Director,1,Married,17159,5200,6,No,24,4,3,1,22,3,3,4,1,1,0,0.2,0.043478260869565216,0.6,0.0,0.17391304347826086,0.5,4.2886778305423645,2.3333333333333335,2.5,11.700000000000001,0.24753623188405796,3.1,2.1500000000000004,0.29482758620689653,48.0,6.666666666666667,24.753623188405797,4.3478260869565215,90.00000000000001,0.0,13.205797101449276,Low Risk,1,Promotion-Stalled,-1.4015804698982124,-1.7195814193969001
27,0,Travel_Rarely,269,Research & Development,5,1,Technical Degree,3,Male,42,2,3,Research Director,4,Divorced,12808,8842,1,Yes,16,3,2,1,9,3,3,9,8,0,8,0.0,0.8,0.3,0.8,0.3,1.0,4.267910696434522,3.0,2.5,8.200000000000001,0.30000000000000004,2.3000000000000003,3.0500000000000003,0.6017241379310345,48.0,0.0,30.000000000000004,80.0,63.07692307692309,80.0,36.0,Medium Risk,3,Stable Contributors,-0.6404131431314322,0.5716449757969865
35,0,Travel_Rarely,950,Research & Development,7,3,Other,3,Male,59,3,3,Manufacturing Director,3,Single,10221,18869,3,No,21,4,2,0,17,3,4,8,5,1,6,0.1111111111111111,0.2777777777777778,0.3333333333333333,0.6666666666666666,0.16666666666666666,0.5,3.405864711762746,3.3333333333333335,2.5,10.5,0.175,2.4,2.95,0.22241379310344828,42.0,6.666666666666667,17.5,27.77777777777778,80.76923076923077,66.66666666666666,17.333333333333336,Low Risk,3,Stable Contributors,-0.8392934727581278,0.9324178602465719
28,0,Travel_Rarely,760,Sales,2,4,Marketing,2,Female,81,3,2,Sales Executive,2,Married,4779,3698,1,Yes,20,4,1,0,8,2,3,8,7,7,5,0.7777777777777778,0.7777777777777778,0.2222222222222222,0.5555555555555556,0.2222222222222222,0.125,2.3883058470764618,2.6666666666666665,1.5,9.799999999999999,0.6000000000000001,1.9,1.9500000000000002,0.5706896551724139,10.0,46.666666666666664,60.00000000000001,77.77777777777779,75.38461538461537,55.55555555555556,61.333333333333336,Medium Risk,0,Fast-Track Performers,3.405267058098741,-1.2225360112088992
34,0,Travel_Rarely,829,Human Resources,3,2,Human Resources,3,Male,88,3,1,Human Resources,4,Married,3737,2243,0,No,19,3,3,1,4,1,1,3,2,0,2,0.0,0.4,0.25,0.5,0.2,1.0,3.733266733266733,2.6666666666666665,3.0,8.8,0.23333333333333336,1.5999999999999999,2.9000000000000004,0.1810344827586207,57.0,0.0,23.333333333333336,40.0,67.6923076923077,50.0,21.333333333333336,Low Risk,1,Promotion-Stalled,-1.654148488970608,-0.2704186128496396
26,1,Travel_Frequently,887,Research & Development,5,2,Medical,3,Female,88,2,1,Research Scientist,3,Married,2366,20898,1,Yes,14,3,1,1,8,2,3,8,7,1,7,0.1111111111111111,0.7777777777777778,0.2222222222222222,0.7777777777777778,0.1111111111111111,0.5,2.3636363636363638,2.6666666666666665,2.0,7.1,0.3666666666666667,1.3,2.5,0.7517241379310344,21.0,6.666666666666667,36.66666666666667,77.77777777777779,54.61538461538461,77.77777777777779,40.00000000000001,Medium Risk,4,Career Explorers,1.2740718706594287,-0.26895758116584384
27,0,Non-Travel,443,Research & Development,3,3,Medical,4,Male,50,3,1,Research Scientist,4,Married,1706,16571,1,No,11,3,3,3,0,6,2,0,0,0,0,0.0,0.0,6.0,0.0,1.0,1.0,1.7042957042957043,3.0,3.5,7.1,0.1,2.0,3.35,0.03103448275862069,33.0,0.0,10.0,0.0,54.61538461538461,0.0,4.0,Low Risk,2,High-Risk Stagnation,-3.5930314315363465,1.4079272146951671
51,0,Travel_Rarely,1318,Sales,26,4,Marketing,1,Female,66,3,4,Manager,3,Married,16307,5594,2,No,14,3,3,1,29,2,2,20,6,4,17,0.19047619047619047,0.2,0.09523809523809523,0.8095238095238095,0.13333333333333333,0.2,4.075731067233192,2.6666666666666665,2.0,7.1,0.25,3.1,2.3,0.4189655172413793,8.4,26.666666666666668,25.0,20.0,54.61538461538461,80.95238095238095,24.0,Low Risk,4,Career Explorers,0.9866981726631111,-0.27585547978304503
44,0,Travel_Rarely,625,Research & Development,4,3,Medical,4,Male,50,3,2,Healthcare Representative,2,Single,5933,5197,9,No,12,3,4,0,10,2,2,5,2,2,3,0.3333333333333333,0.18181818181818182,0.3333333333333333,0.5,0.18181818181818182,0.3333333333333333,2.9650174912543728,2.3333333333333335,4.0,6.300000000000001,0.32878787878787874,1.9,3.0,0.19137931034482758,12.0,13.333333333333334,32.878787878787875,18.181818181818183,48.46153846153847,50.0,22.606060606060602,Low Risk,0,Fast-Track Performers,0.914871913676058,0.01031961567699629
25,0,Travel_Rarely,180,Research & Development,2,1,Medical,1,Male,65,4,1,Research Scientist,1,Single,3424,21632,7,No,13,3,3,0,6,3,2,4,3,0,1,0.0,0.42857142857142855,0.6,0.2,0.14285714285714285,1.0,3.4205794205794207,2.3333333333333335,2.0,7.0,0.2738095238095238,1.7,1.7000000000000002,0.1706896551724138,39.0,0.0,27.38095238095238,42.857142857142854,53.84615384615385,20.0,23.80952380952381,Low Risk,4,Career Explorers,-1.1462936199719906,-2.0785042989334914
33,0,Travel_Rarely,586,Sales,1,3,Medical,1,Male,48,4,2,Sales Executive,1,Divorced,4037,21816,1,No,22,4,1,1,9,5,3,9,8,0,8,0.0,0.8,0.5,0.8,0.2,1.0,2.0174912543728136,2.6666666666666665,1.0,11.5,0.33333333333333337,2.4000000000000004,1.4000000000000001,0.16034482758620688,88.0,0.0,33.333333333333336,80.0,88.46153846153845,80.0,37.333333333333336,Medium Risk,1,Promotion-Stalled,-1.2258424233882852,-2.726109540838609
35,0,Travel_Rarely,1343,Research & Development,27,1,Medical,3,Female,53,2,1,Research Scientist,1,Single,2559,17852,1,No,11,3,4,0,6,3,2,6,5,1,1,0.14285714285714285,0.7142857142857143,0.42857142857142855,0.14285714285714285,0.14285714285714285,0.5,2.5564435564435564,1.6666666666666667,3.5,6.200000000000001,0.4619047619047619,1.1,2.4499999999999997,0.42931034482758623,16.5,6.666666666666667,46.19047619047619,71.42857142857143,47.6923076923077,14.285714285714285,41.904761904761905,Medium Risk,4,Career Explorers,1.186105321698539,-1.860358141995504
36,0,Travel_Rarely,928,Sales,1,2,Life Sciences,2,Male,56,3,2,Sales Executive,4,Married,6201,2823,1,Yes,14,3,4,1,18,1,2,18,14,4,11,0.21052631578947367,0.7368421052631579,0.05263157894736842,0.5789473684210527,0.10526315789473684,0.2,3.098950524737631,3.0,3.0,6.800000000000001,0.35789473684210527,2.1,3.1,0.560344827586207,8.4,26.666666666666668,35.78947368421053,73.68421052631578,52.307692307692314,57.89473684210527,44.421052631578945,Medium Risk,0,Fast-Track Performers,1.7609320398969268,1.1185515672718407
32,0,Travel_Rarely,117,Sales,13,4,Life Sciences,2,Male,73,3,2,Sales Executive,4,Divorced,4403,9250,2,No,11,3,3,1,8,3,2,5,2,0,3,0.0,0.2222222222222222,0.5,0.5,0.2222222222222222,1.0,2.20039980009995,3.0,2.5,6.200000000000001,0.15555555555555556,2.1,2.85,0.2844827586206896,33.0,0.0,15.555555555555555,22.22222222222222,47.6923076923077,50.0,12.88888888888889,Low Risk,3,Stable Contributors,-1.5847581731836493,0.6450447921190048
30,0,Travel_Frequently,1012,Research & Development,5,4,Life Sciences,2,Male,75,2,1,Research Scientist,4,Divorced,3761,2373,9,No,12,3,2,1,10,3,2,5,4,0,3,0.0,0.36363636363636365,0.5,0.5,0.09090909090909091,1.0,3.757242757242757,2.6666666666666665,2.0,6.600000000000001,0.22424242424242427,1.3,2.6,0.35172413793103446,36.0,0.0,22.424242424242426,36.36363636363637,50.76923076923078,50.0,19.878787878787882,Low Risk,3,Stable Contributors,-1.0436320745886665,-0.3018584079124858
53,0,Travel_Rarely,661,Sales,7,2,Marketing,1,Female,78,2,3,Sales Executive,4,Married,10934,20715,7,Yes,18,3,4,1,35,3,3,5,2,0,4,0.0,0.05555555555555555,0.5,0.6666666666666666,0.08333333333333333,1.0,3.643452182605798,3.0,2.5,9.0,0.1138888888888889,2.3000000000000003,3.0500000000000003,0.6224137931034484,54.0,0.0,11.38888888888889,5.555555555555555,69.23076923076923,66.66666666666666,6.222222222222223,Low Risk,1,Promotion-Stalled,-2.165684045298061,0.6377934270369742
45,0,Travel_Rarely,930,Sales,9,3,Marketing,4,Male,74,3,3,Sales Executive,1,Divorced,10761,19239,4,Yes,12,3,3,1,18,2,3,5,4,0,2,0.0,0.21052631578947367,0.3333333333333333,0.3333333333333333,0.15789473684210525,1.0,3.5858047317560815,2.3333333333333335,3.5,6.300000000000001,0.21929824561403508,2.6,2.65,0.6431034482758621,36.0,0.0,21.929824561403507,21.052631578947366,48.46153846153847,33.33333333333333,15.087719298245613,Low Risk,4,Career Explorers,-1.441907437549042,-0.5886719755238873
32,0,Travel_Rarely,638,Research & Development,8,2,Medical,3,Female,91,4,2,Research Scientist,3,Married,5175,22162,5,No,12,3,3,1,9,3,2,5,3,1,3,0.16666666666666666,0.3,0.5,0.5,0.2,0.5,2.586206896551724,3.0,3.0,6.600000000000001,0.23333333333333334,2.4000000000000004,2.8,0.23275862068965517,18.0,6.666666666666667,23.333333333333332,30.0,50.76923076923078,50.0,20.333333333333336,Low Risk,3,Stable Contributors,0.00512929056171837,0.6944594232870928
52,0,Travel_Frequently,890,Research & Development,25,4,Medical,3,Female,81,2,4,Manufacturing Director,4,Married,13826,19028,3,No,22,4,3,0,31,3,3,9,8,0,0,0.0,0.25,0.3,0.0,0.125,1.0,3.4556360909772557,3.0,3.0,10.9,0.1625,2.6,3.3000000000000003,0.5586206896551724,88.0,0.0,16.25,25.0,83.84615384615385,0.0,14.0,Low Risk,1,Promotion-Stalled,-3.258734135991651,0.4659450011045874
37,0,Travel_Rarely,342,Sales,16,4,Marketing,4,Male,66,2,2,Sales Executive,3,Divorced,6334,24558,4,No,19,3,4,2,9,2,3,1,0,0,0,0.0,0.0,1.0,0.0,0.2,1.0,3.165417291354323,2.6666666666666665,4.0,9.100000000000001,0.13333333333333336,2.0,3.5,0.31551724137931036,57.0,0.0,13.333333333333336,0.0,70.0,0.0,5.333333333333335,Low Risk,2,High-Risk Stagnation,-3.005853469844225,0.6047632001051213
28,0,Travel_Rarely,1169,Human Resources,8,2,Medical,2,Male,63,2,1,Human Resources,4,Divorced,4936,23965,1,No,13,3,4,1,6,6,3,5,1,0,4,0.0,0.14285714285714285,1.0,0.6666666666666666,0.14285714285714285,1.0,4.931068931068931,3.0,3.0,7.9,0.13571428571428573,1.3,3.3000000000000003,0.23275862068965517,39.0,0.0,13.571428571428573,14.285714285714285,60.769230769230774,66.66666666666666,9.714285714285715,Low Risk,3,Stable Contributors,-1.7142208468930404,1.0339390570403686
22,0,Travel_Rarely,1230,Research & Development,1,2,Life Sciences,4,Male,33,2,2,Manufacturing Director,4,Married,4775,19146,6,No,22,4,1,2,4,2,1,2,2,2,2,0.6666666666666666,0.4,0.6666666666666666,0.6666666666666666,0.4,0.3333333333333333,2.3863068465767117,2.3333333333333335,2.5,10.6,0.5,2.0,2.6500000000000004,0.16034482758620688,29.333333333333332,13.333333333333334,50.0,40.0,81.53846153846153,66.66666666666666,36.0,Medium Risk,0,Fast-Track Performers,1.634485115351831,-1.0015268551479555
44,0,Travel_Rarely,986,Research & Development,8,4,Life Sciences,1,Male,62,4,1,Laboratory Technician,4,Married,2818,5044,2,Yes,24,4,3,1,10,2,2,3,2,0,2,0.0,0.18181818181818182,0.5,0.5,0.09090909090909091,1.0,2.815184815184815,3.3333333333333335,2.0,11.4,0.11212121212121211,1.9,2.6,0.6327586206896552,96.0,0.0,11.212121212121211,18.181818181818183,87.6923076923077,50.0,9.93939393939394,Low Risk,1,Promotion-Stalled,-3.1687588368306914,0.04928487798472338
42,0,Travel_Frequently,1271,Research & Development,2,1,Medical,2,Male,35,3,1,Research Scientist,4,Single,2515,9068,5,Yes,14,3,4,0,8,2,3,2,1,2,2,0.6666666666666666,0.1111111111111111,0.6666666666666666,0.6666666666666666,0.1111111111111111,0.3333333333333333,2.5124875124875126,3.3333333333333335,3.0,7.1,0.3277777777777777,1.4,3.3000000000000003,0.7206896551724138,14.0,13.333333333333334,32.77777777777777,11.11111111111111,54.61538461538461,66.66666666666666,20.44444444444444,Low Risk,0,Fast-Track Performers,1.400306019216533,1.906959913626012
36,0,Travel_Rarely,1278,Human Resources,8,3,Life Sciences,1,Male,77,2,1,Human Resources,1,Married,2342,8635,0,No,21,4,3,0,6,3,3,5,4,0,3,0.0,0.5714285714285714,0.5,0.5,0.14285714285714285,1.0,2.3396603396603397,2.0,2.0,10.5,0.34285714285714286,1.1,1.9000000000000001,0.23275862068965517,84.0,0.0,34.285714285714285,57.14285714285714,80.76923076923077,50.0,30.857142857142858,Low Risk,1,Promotion-Stalled,-1.495189760851539,-2.9453089971760944
25,0,Travel_Rarely,141,Sales,3,1,Other,3,Male,98,3,2,Sales Executive,1,Married,4194,14363,1,Yes,18,3,4,0,5,3,3,5,3,0,3,0.0,0.5,0.5,0.5,0.3333333333333333,1.0,2.095952023988006,2.3333333333333335,3.5,9.0,0.29166666666666663,1.9,2.65,0.5810344827586207,54.0,0.0,29.166666666666664,50.0,69.23076923076923,50.0,26.666666666666664,Low Risk,1,Promotion-Stalled,-1.4162515144467849,-0.9819483064364105
35,0,Travel_Rarely,607,Research & Development,9,3,Life Sciences,4,Female,66,2,3,Manufacturing Director,3,Married,10685,23457,1,Yes,20,4,2,1,17,2,3,17,14,5,15,0.2777777777777778,0.7777777777777778,0.1111111111111111,0.8333333333333334,0.16666666666666666,0.16666666666666666,3.5604798400533157,2.6666666666666665,3.0,9.799999999999999,0.42500000000000004,2.3000000000000003,3.0,0.6431034482758621,13.333333333333334,33.33333333333333,42.50000000000001,77.77777777777779,75.38461538461537,83.33333333333334,50.333333333333336,Medium Risk,0,Fast-Track Performers,2.145883517264683,0.23192637041764297
35,1,Travel_Frequently,130,Research & Development,25,4,Life Sciences,4,Female,96,3,1,Research Scientist,2,Divorced,2022,16612,1,Yes,19,3,1,1,10,3,2,10,2,7,8,0.6363636363636364,0.18181818181818182,0.2727272727272727,0.7272727272727273,0.09090909090909091,0.125,2.01998001998002,2.3333333333333335,2.5,9.4,0.4348484848484848,1.5999999999999999,2.25,0.9586206896551723,7.125,46.666666666666664,43.484848484848484,18.181818181818183,72.3076923076923,72.72727272727273,36.848484848484844,Medium Risk,0,Fast-Track Performers,2.336616464184926,-0.9988130054504913
32,0,Non-Travel,300,Research & Development,1,3,Life Sciences,4,Male,61,3,1,Laboratory Technician,4,Divorced,2314,9148,0,No,12,3,2,1,4,2,3,3,0,0,2,0.0,0.0,0.5,0.5,0.2,1.0,2.311688311688312,3.3333333333333335,3.0,6.300000000000001,0.06666666666666665,1.5999999999999999,3.3000000000000003,0.010344827586206896,36.0,0.0,6.666666666666665,0.0,48.46153846153847,50.0,2.666666666666666,Low Risk,3,Stable Contributors,-2.24340739823757,1.6903098753122727
25,0,Travel_Rarely,583,Sales,4,1,Marketing,3,Male,87,2,2,Sales Executive,1,Married,4256,18154,1,No,12,3,1,0,5,1,4,5,2,0,3,0.0,0.3333333333333333,0.16666666666666666,0.5,0.3333333333333333,1.0,2.126936531734133,2.3333333333333335,2.0,6.0,0.25,1.6,2.1,0.19137931034482758,36.0,0.0,25.0,33.33333333333333,46.15384615384615,50.0,20.0,Low Risk,4,Career Explorers,-1.1991003359839911,-1.3633564229335702
49,0,Travel_Rarely,1418,Research & Development,1,3,Technical Degree,3,Female,36,3,1,Research Scientist,1,Married,3580,10554,2,No,16,3,2,1,7,2,3,4,2,0,2,0.0,0.25,0.4,0.4,0.125,1.0,3.5764235764235766,2.3333333333333335,2.5,7.9,0.22916666666666666,1.5999999999999999,2.1500000000000004,0.16034482758620688,48.0,0.0,22.916666666666664,25.0,60.769230769230774,40.0,16.666666666666664,Low Risk,4,Career Explorers,-1.539704283216529,-1.58367814873342
24,0,Non-Travel,1269,Research & Development,4,1,Life Sciences,1,Male,46,2,1,Laboratory Technician,4,Married,3162,10778,0,No,17,3,4,0,6,2,2,5,2,3,4,0.5,0.2857142857142857,0.3333333333333333,0.6666666666666666,0.14285714285714285,0.25,3.1588411588411587,2.6666666666666665,2.5,8.3,0.37976190476190474,1.1,2.85,0.041379310344827586,12.75,20.0,37.976190476190474,28.57142857142857,63.846153846153854,66.66666666666666,29.76190476190476,Low Risk,0,Fast-Track Performers,1.6552661522082575,0.06434077745430994
32,0,Travel_Frequently,379,Sales,5,2,Life Sciences,2,Male,48,3,2,Sales Executive,2,Married,6524,8891,1,No,14,3,4,1,10,3,3,10,8,5,3,0.45454545454545453,0.7272727272727273,0.2727272727272727,0.2727272727272727,0.18181818181818182,0.16666666666666666,3.260369815092454,2.6666666666666665,3.0,7.4,0.4742424242424243,2.1,2.7,0.35172413793103446,7.0,33.33333333333333,47.42424242424243,72.72727272727273,56.92307692307692,27.27272727272727,50.78787878787879,Medium Risk,0,Fast-Track Performers,2.2583458460944916,-0.04444071962840383
38,0,Travel_Rarely,395,Sales,9,3,Marketing,2,Male,98,2,1,Sales Representative,2,Married,2899,12102,0,No,19,3,4,1,3,3,3,2,2,1,2,0.3333333333333333,0.5,1.0,0.6666666666666666,0.25,0.5,2.896103896103896,2.3333333333333335,3.0,9.4,0.4083333333333333,1.3,2.7,0.24310344827586206,28.5,6.666666666666667,40.833333333333336,50.0,72.3076923076923,66.66666666666666,33.333333333333336,Medium Risk,4,Career Explorers,0.9399117966640753,-0.8396869362997571
42,0,Travel_Rarely,1265,Research & Development,3,3,Life Sciences,3,Female,95,4,2,Laboratory Technician,4,Married,5231,23726,2,Yes,13,3,2,1,17,1,2,5,3,1,3,0.16666666666666666,0.16666666666666666,0.16666666666666666,0.5,0.1111111111111111,0.5,2.614192903548226,3.3333333333333335,2.5,6.4,0.16666666666666663,2.4000000000000004,2.85,0.5810344827586207,19.5,6.666666666666667,16.666666666666664,16.666666666666664,49.23076923076923,50.0,13.666666666666664,Low Risk,3,Stable Contributors,-0.33534690482146223,1.384985818723915
31,0,Travel_Rarely,1222,Research & Development,11,4,Life Sciences,4,Male,48,3,1,Research Scientist,4,Married,2356,14871,3,Yes,19,3,2,1,8,2,3,6,4,0,2,0.0,0.4444444444444444,0.2857142857142857,0.2857142857142857,0.1111111111111111,1.0,2.3536463536463534,3.3333333333333335,3.0,9.100000000000001,0.17777777777777776,1.5999999999999999,3.3000000000000003,0.6637931034482759,57.0,0.0,17.777777777777775,44.44444444444444,70.0,28.57142857142857,20.444444444444443,Low Risk,3,Stable Contributors,-2.017161266968754,1.3148266037822733
29,1,Travel_Rarely,341,Sales,1,3,Medical,2,Female,48,2,1,Sales Representative,3,Divorced,2800,23522,6,Yes,19,3,3,3,5,3,3,3,2,0,2,0.0,0.3333333333333333,0.75,0.5,0.16666666666666666,1.0,2.797202797202797,2.6666666666666665,2.5,9.4,0.21666666666666667,1.7000000000000002,2.75,0.560344827586207,57.0,0.0,21.666666666666668,33.33333333333333,72.3076923076923,50.0,18.666666666666664,Low Risk,1,Promotion-Stalled,-1.7806134091088341,-0.39701346473111715
53,0,Travel_Rarely,868,Sales,8,3,Marketing,1,Male,73,3,4,Sales Executive,4,Married,11836,22789,5,No,14,3,3,1,28,3,3,2,0,2,2,0.6666666666666666,0.0,1.0,0.6666666666666666,0.13793103448275862,0.3333333333333333,2.9582604348912773,3.3333333333333335,2.0,7.4,0.29999999999999993,3.1,2.8000000000000003,0.23275862068965517,14.0,13.333333333333334,29.999999999999993,0.0,56.92307692307692,66.66666666666666,15.999999999999998,Low Risk,0,Fast-Track Performers,1.1617101590363157,1.1606050196586386
35,0,Travel_Rarely,672,Research & Development,25,3,Technical Degree,4,Male,78,2,3,Manufacturing Director,2,Married,10903,9129,3,No,16,3,1,0,16,2,3,13,10,4,8,0.2857142857142857,0.5882352941176471,0.14285714285714285,0.5714285714285714,0.17647058823529413,0.2,3.6331222925691438,2.3333333333333335,2.5,7.9,0.4137254901960784,2.1,2.45,0.4086206896551724,9.6,26.666666666666668,41.37254901960784,58.82352941176471,60.769230769230774,57.14285714285714,42.19607843137255,Medium Risk,0,Fast-Track Performers,1.837983977207287,-0.8218125196647414
37,0,Travel_Frequently,1231,Sales,21,2,Medical,3,Female,54,3,1,Sales Representative,4,Married,2973,21222,5,No,15,3,2,1,10,3,3,5,4,0,0,0.0,0.36363636363636365,0.5,0.0,0.09090909090909091,1.0,2.97002997002997,3.3333333333333335,2.5,7.800000000000001,0.15757575757575756,1.5999999999999999,3.0500000000000003,0.5172413793103448,45.0,0.0,15.757575757575756,36.36363636363637,60.00000000000001,0.0,17.21212121212121,Low Risk,3,Stable Contributors,-2.111199709286068,1.1523962579923852
53,0,Travel_Rarely,102,Research & Development,23,4,Life Sciences,4,Female,72,3,4,Research Director,4,Single,14275,20206,6,No,18,3,3,0,33,0,3,12,9,3,8,0.23076923076923078,0.2647058823529412,0.0,0.6153846153846154,0.11764705882352941,0.25,3.567858035491127,3.3333333333333335,3.5,8.1,0.21361236802413272,2.9,3.5500000000000003,0.3879310344827586,13.5,20.0,21.361236802413273,26.47058823529412,62.30769230769231,61.53846153846154,22.485671191553543,Low Risk,3,Stable Contributors,0.4693416080744065,2.151082870450383
43,0,Travel_Frequently,422,Research & Development,1,3,Life Sciences,4,Female,33,3,2,Healthcare Representative,4,Married,5562,21782,4,No,13,3,2,1,12,2,2,5,2,2,2,0.3333333333333333,0.15384615384615385,0.3333333333333333,0.3333333333333333,0.15384615384615385,0.3333333333333333,2.7796101949025487,3.0,3.0,6.699999999999999,0.2551282051282051,2.1,3.1,0.3103448275862069,13.0,13.333333333333334,25.51282051282051,15.384615384615385,51.53846153846153,33.33333333333333,18.820512820512818,Low Risk,3,Stable Contributors,0.3724113756420802,1.1454602633241395
47,0,Travel_Rarely,249,Sales,2,2,Marketing,3,Female,35,3,2,Sales Executive,4,Married,4537,17783,0,Yes,22,4,1,1,8,2,3,7,6,7,7,0.875,0.6666666666666666,0.25,0.875,0.2222222222222222,0.125,2.267366316841579,3.3333333333333335,2.0,10.6,0.5395833333333333,2.1,2.8000000000000003,0.5706896551724139,11.0,46.666666666666664,53.95833333333333,66.66666666666666,81.53846153846153,87.5,55.58333333333333,Medium Risk,0,Fast-Track Performers,3.3518399244707955,0.8326680368785915
37,0,Non-Travel,1252,Sales,19,2,Medical,1,Male,32,3,3,Sales Executive,2,Single,7642,4814,1,Yes,13,3,4,0,10,2,3,10,0,0,9,0.0,0.0,0.18181818181818182,0.8181818181818182,0.2727272727272727,1.0,2.546484505164945,2.6666666666666665,2.5,6.699999999999999,0.13333333333333336,2.4,2.45,0.596551724137931,39.0,0.0,13.333333333333336,0.0,51.53846153846153,81.81818181818183,5.333333333333335,Low Risk,3,Stable Contributors,-1.7667985914106688,-0.2727800464235495
50,0,Non-Travel,881,Research & Development,2,4,Life Sciences,1,Male,98,3,4,Manager,1,Divorced,17924,4544,1,No,11,3,4,1,31,3,3,31,6,14,7,0.4375,0.1875,0.09375,0.21875,0.125,0.06666666666666667,4.4798800299925015,2.3333333333333335,2.5,6.200000000000001,0.36666666666666664,3.1,2.1500000000000004,0.020689655172413793,2.2,93.33333333333333,36.666666666666664,18.75,47.6923076923077,21.875,48.291666666666664,Medium Risk,0,Fast-Track Performers,1.6157360176733668,-1.0289022878063248
39,0,Travel_Rarely,1383,Human Resources,2,3,Life Sciences,4,Female,42,2,2,Human Resources,4,Married,5204,7790,8,No,11,3,3,2,13,2,3,5,4,0,4,0.0,0.2857142857142857,0.3333333333333333,0.6666666666666666,0.14285714285714285,1.0,2.6006996501749127,3.0,3.5,5.9,0.17142857142857143,2.0,3.5500000000000003,0.1706896551724138,33.0,0.0,17.142857142857142,28.57142857142857,45.38461538461539,66.66666666666666,15.428571428571429,Low Risk,3,Stable Contributors,-1.2087039775475228,1.4934530146209282
33,0,Travel_Rarely,1075,Human Resources,3,2,Human Resources,4,Male,57,3,1,Human Resources,2,Divorced,2277,22650,3,Yes,11,3,3,1,7,4,4,4,3,0,3,0.0,0.375,0.8,0.6,0.125,1.0,2.2747252747252746,3.0,3.5,6.5,0.19375,1.5999999999999999,3.1500000000000004,0.5810344827586207,33.0,0.0,19.375,37.5,50.0,60.0,19.0,Low Risk,3,Stable Contributors,-1.0912000274377374,1.0093526289021542
32,1,Travel_Rarely,374,Research & Development,25,4,Life Sciences,1,Male,87,3,1,Laboratory Technician,4,Single,2795,18016,1,Yes,24,4,3,0,1,2,1,1,0,0,1,0.0,0.0,1.0,0.5,0.5,1.0,2.792207792207792,2.6666666666666665,2.0,11.4,0.13333333333333336,1.4,2.4000000000000004,0.8086206896551724,96.0,0.0,13.333333333333336,0.0,87.6923076923077,50.0,5.333333333333335,Low Risk,1,Promotion-Stalled,-3.7478766959066605,-1.0062666808481622
29,0,Travel_Rarely,1086,Research & Development,7,1,Medical,1,Female,62,2,1,Laboratory Technician,4,Divorced,2532,6054,6,No,14,3,3,3,8,5,3,4,3,0,3,0.0,0.3333333333333333,1.0,0.6,0.1111111111111111,1.0,2.5294705294705295,3.0,2.0,8.0,0.18333333333333335,1.7000000000000002,2.8000000000000003,0.22241379310344828,42.0,0.0,18.333333333333336,33.33333333333333,61.53846153846154,60.0,17.333333333333332,Low Risk,3,Stable Contributors,-1.3897469348575662,0.29459189468837177
44,0,Travel_Rarely,661,Research & Development,9,2,Life Sciences,2,Male,61,3,1,Research Scientist,1,Married,2559,7508,1,Yes,13,3,4,0,8,0,3,8,7,7,1,0.7777777777777778,0.7777777777777778,0.0,0.1111111111111111,0.1111111111111111,0.125,2.5564435564435564,2.3333333333333335,3.0,6.1,0.6333333333333333,1.4,2.4000000000000004,0.6431034482758621,4.875,46.666666666666664,63.33333333333333,77.77777777777779,46.92307692307692,11.11111111111111,62.666666666666664,Medium Risk,0,Fast-Track Performers,3.5459293344038336,-0.8617426399719164
28,0,Travel_Rarely,821,Sales,5,4,Medical,1,Male,98,3,2,Sales Executive,4,Single,4908,24252,1,No,14,3,2,0,4,3,3,4,2,0,2,0.0,0.4,0.6,0.4,0.4,1.0,2.4527736131934033,3.3333333333333335,1.5,7.4,0.16666666666666666,1.9,2.55,0.20172413793103447,42.0,0.0,16.666666666666664,40.0,56.92307692307692,40.0,18.666666666666664,Low Risk,2,High-Risk Stagnation,-1.9290820444733066,0.583708860179702
58,1,Travel_Frequently,781,Research & Development,2,1,Life Sciences,4,Male,57,2,1,Laboratory Technician,4,Divorced,2380,13384,9,Yes,14,3,4,1,3,3,2,1,0,0,0,0.0,0.0,1.5,0.0,0.25,1.0,2.3776223776223775,2.6666666666666665,4.0,7.4,0.13333333333333336,1.3,3.6,0.7206896551724138,42.0,0.0,13.333333333333336,0.0,56.92307692307692,0.0,5.333333333333335,Low Risk,2,High-Risk Stagnation,-2.6975579338650943,1.0957434842712237
43,0,Travel_Rarely,177,Research & Development,8,3,Life Sciences,1,Female,55,3,2,Manufacturing Director,2,Divorced,4765,23814,4,No,21,4,3,1,4,2,4,1,0,0,0,0.0,0.0,1.0,0.0,0.4,1.0,2.3813093453273364,3.0,2.0,10.2,0.1,2.1,2.4000000000000004,0.23275862068965517,84.0,0.0,10.0,0.0,78.46153846153847,0.0,4.0,Low Risk,2,High-Risk Stagnation,-3.947735668844057,-0.5211966519860443
20,1,Travel_Rarely,500,Sales,2,3,Medical,3,Female,49,2,1,Sales Representative,3,Single,2044,22052,1,No,13,3,4,0,2,3,2,2,2,0,2,0.0,0.6666666666666666,1.0,0.6666666666666666,0.3333333333333333,1.0,2.041958041958042,2.3333333333333335,3.5,7.0,0.3333333333333333,1.1,3.05,0.1706896551724138,39.0,0.0,33.33333333333333,66.66666666666666,53.84615384615385,66.66666666666666,33.33333333333333,Medium Risk,4,Career Explorers,-0.522511749470978,-0.3616784150181465
21,1,Travel_Rarely,1427,Research & Development,18,1,Other,4,Female,65,3,1,Research Scientist,4,Single,2693,8870,1,No,19,3,1,0,1,3,2,1,0,0,0,0.0,0.0,1.5,0.0,0.5,1.0,2.6903096903096904,3.0,2.5,9.4,0.1,1.4,2.85,0.33620689655172414,57.0,0.0,10.0,0.0,72.3076923076923,0.0,4.0,Low Risk,2,High-Risk Stagnation,-3.5285851111844417,0.35818514390508227
36,0,Travel_Rarely,1425,Research & Development,14,1,Life Sciences,3,Male,68,3,2,Healthcare Representative,4,Married,6586,4821,0,Yes,17,3,1,1,17,2,2,16,8,4,11,0.23529411764705882,0.4444444444444444,0.11764705882352941,0.6470588235294118,0.1111111111111111,0.2,3.291354322838581,3.0,2.0,8.3,0.29346405228758166,2.1,2.6,0.6948275862068967,10.2,26.666666666666668,29.346405228758165,44.44444444444444,63.846153846153854,64.70588235294117,33.0718954248366,Medium Risk,0,Fast-Track Performers,1.2026788858699262,0.47610732018179847
47,0,Travel_Rarely,1454,Sales,2,4,Life Sciences,4,Female,65,2,1,Sales Representative,4,Single,3294,13137,1,Yes,18,3,1,0,3,3,2,3,2,1,2,0.25,0.5,0.75,0.5,0.25,0.5,3.2907092907092905,2.6666666666666665,2.5,9.0,0.3458333333333333,1.1,2.85,0.5706896551724139,27.0,6.666666666666667,34.583333333333336,50.0,69.23076923076923,50.0,30.833333333333336,Low Risk,3,Stable Contributors,0.42054514583721375,0.0072243190692592866
22,1,Travel_Rarely,617,Research & Development,3,1,Life Sciences,2,Female,34,3,2,Manufacturing Director,3,Married,4171,10022,0,Yes,19,3,1,1,4,3,4,3,2,0,2,0.0,0.4,0.75,0.5,0.4,1.0,2.084457771114443,3.3333333333333335,1.5,9.4,0.16666666666666666,2.1,2.45,0.5810344827586207,57.0,0.0,16.666666666666664,40.0,72.3076923076923,50.0,18.666666666666664,Low Risk,1,Promotion-Stalled,-2.238921523549329,0.2966436389562573
41,1,Travel_Rarely,1085,Research & Development,2,4,Life Sciences,2,Female,57,1,1,Laboratory Technician,4,Divorced,2778,17725,4,Yes,13,3,3,1,10,1,2,7,7,1,0,0.125,0.6363636363636364,0.125,0.0,0.09090909090909091,0.5,2.775224775224775,2.3333333333333335,2.5,6.4,0.36950757575757576,1.0,2.85,0.5706896551724139,19.5,6.666666666666667,36.95075757575758,63.63636363636363,49.23076923076923,0.0,35.871212121212125,Medium Risk,4,Career Explorers,0.5007921665912833,-0.32081771781264795
28,0,Travel_Rarely,995,Research & Development,9,3,Medical,3,Female,77,3,1,Research Scientist,3,Divorced,2377,9834,5,No,18,3,2,1,6,2,3,2,2,2,2,0.6666666666666666,0.2857142857142857,0.6666666666666666,0.6666666666666666,0.14285714285714285,0.3333333333333333,2.3746253746253747,3.0,2.5,8.7,0.40476190476190477,1.5999999999999999,2.75,0.24310344827586206,18.0,13.333333333333334,40.476190476190474,28.57142857142857,66.92307692307692,66.66666666666666,28.76190476190476,Low Risk,0,Fast-Track Performers,1.7427670824948447,0.36591077169663433
39,1,Travel_Rarely,1122,Research & Development,6,3,Medical,4,Male,70,3,1,Laboratory Technician,1,Married,2404,4303,7,Yes,21,4,4,0,8,2,1,2,2,2,2,0.6666666666666666,0.2222222222222222,0.6666666666666666,0.6666666666666666,0.1111111111111111,0.3333333333333333,2.4015984015984015,1.6666666666666667,4.0,10.2,0.5222222222222221,1.4,2.5,0.6120689655172414,28.0,13.333333333333334,52.222222222222214,22.22222222222222,78.46153846153847,66.66666666666666,31.55555555555555,Low Risk,0,Fast-Track Performers,1.9990549467293788,-2.0798530316246038
27,0,Travel_Rarely,618,Research & Development,4,3,Life Sciences,2,Female,76,3,1,Research Scientist,3,Single,2318,17808,1,No,19,3,3,0,1,2,3,1,1,0,0,0.0,0.5,1.0,0.0,0.5,1.0,2.3156843156843157,3.0,2.5,9.100000000000001,0.225,1.4,2.75,0.19137931034482758,57.0,0.0,22.5,50.0,70.0,0.0,24.0,Low Risk,2,High-Risk Stagnation,-2.488434210169736,0.05856012654407644
34,0,Travel_Rarely,546,Research & Development,10,3,Life Sciences,2,Male,83,3,1,Laboratory Technician,2,Divorced,2008,6896,1,No,14,3,2,2,1,3,3,1,0,1,0,0.5,0.0,1.5,0.0,0.5,0.5,2.005994005994006,2.6666666666666665,2.0,7.4,0.30833333333333335,1.7999999999999998,2.2,0.253448275862069,21.0,6.666666666666667,30.833333333333336,0.0,56.92307692307692,0.0,14.333333333333336,Low Risk,2,High-Risk Stagnation,-0.4444903842264089,-0.59515481871622
42,0,Travel_Rarely,462,Sales,14,2,Medical,3,Female,68,2,2,Sales Executive,3,Single,6244,7824,7,No,17,3,1,0,10,6,3,5,4,0,3,0.0,0.36363636363636365,1.0,0.5,0.18181818181818182,1.0,3.120439780109945,2.6666666666666665,2.0,9.500000000000002,0.22424242424242427,1.6,2.5,0.29482758620689653,51.0,0.0,22.424242424242426,36.36363636363637,73.0769230769231,50.0,19.878787878787882,Low Risk,1,Promotion-Stalled,-1.6068367321136299,-0.7570705466563723
33,0,Travel_Rarely,1198,Research & Development,1,4,Other,3,Male,100,2,1,Research Scientist,1,Single,2799,3339,3,Yes,11,3,2,0,6,1,3,3,2,0,2,0.0,0.2857142857142857,0.25,0.5,0.14285714285714285,1.0,2.796203796203796,2.0,2.5,5.6,0.27142857142857146,1.1,2.1500000000000004,0.560344827586207,33.0,0.0,27.142857142857146,28.57142857142857,43.07692307692307,50.0,19.42857142857143,Low Risk,4,Career Explorers,-0.8271252686420174,-1.6995710924375473
58,0,Travel_Rarely,1272,Research & Development,5,3,Technical Degree,3,Female,37,2,3,Healthcare Representative,2,Divorced,10552,9255,2,Yes,13,3,4,1,24,3,3,6,0,0,4,0.0,0.0,0.42857142857142855,0.5714285714285714,0.12,1.0,3.5161612795734754,2.3333333333333335,3.5,7.0,0.16666666666666666,2.3000000000000003,2.95,0.6017241379310345,39.0,0.0,16.666666666666664,0.0,53.84615384615385,57.14285714285714,6.666666666666666,Low Risk,3,Stable Contributors,-1.6999119360815094,-0.22857813300221505
31,0,Travel_Rarely,154,Sales,7,4,Life Sciences,2,Male,41,2,1,Sales Representative,3,Married,2329,11737,3,No,15,3,2,0,13,2,4,7,7,5,2,0.625,0.5,0.25,0.25,0.07142857142857142,0.16666666666666666,2.3266733266733266,3.0,2.0,7.5,0.44375,1.1,2.7,0.22241379310344828,7.5,33.33333333333333,44.375,50.0,57.692307692307686,25.0,42.75,Medium Risk,0,Fast-Track Performers,2.2357437898615378,0.4133949646154304
35,0,Travel_Rarely,1137,Research & Development,21,1,Life Sciences,4,Female,51,3,2,Healthcare Representative,4,Married,4014,19170,1,Yes,25,4,4,1,10,2,1,10,6,0,7,0.0,0.5454545454545454,0.18181818181818182,0.6363636363636364,0.18181818181818182,1.0,2.0059970014992503,2.6666666666666665,4.0,11.799999999999999,0.2696969696969697,2.1,3.4000000000000004,0.7672413793103449,100.0,0.0,26.969696969696972,54.54545454545454,90.76923076923076,63.63636363636363,27.15151515151515,Low Risk,1,Promotion-Stalled,-2.2504831361113466,-0.06478159704744713
49,0,Travel_Rarely,527,Research & Development,8,2,Other,1,Female,51,3,3,Laboratory Technician,2,Married,7403,22477,4,No,11,3,3,1,29,3,2,26,9,1,7,0.037037037037037035,0.3,0.1111111111111111,0.25925925925925924,0.1,0.5,2.4668443852049315,2.3333333333333335,2.0,6.200000000000001,0.25462962962962965,2.6,2.0,0.23275862068965517,16.5,6.666666666666667,25.462962962962965,30.0,47.6923076923077,25.925925925925924,21.185185185185187,Low Risk,4,Career Explorers,-0.06873912618042344,-1.3068612051748763
48,0,Travel_Rarely,1469,Research & Development,20,4,Medical,4,Male,51,3,1,Research Scientist,3,Married,2259,5543,4,No,17,3,1,2,13,2,2,0,0,0,0,0.0,0.0,2.0,0.0,0.07142857142857142,1.0,2.2567432567432566,2.6666666666666665,2.5,8.3,0.13333333333333336,1.7999999999999998,2.55,0.3568965517241379,51.0,0.0,13.333333333333336,0.0,63.846153846153854,0.0,5.333333333333335,Low Risk,1,Promotion-Stalled,-2.630275088318831,-0.5210446994907769
31,0,Non-Travel,1188,Sales,20,2,Marketing,4,Female,45,3,2,Sales Executive,3,Married,6932,24406,1,No,13,3,4,1,9,2,2,9,8,0,0,0.0,0.8,0.2,0.0,0.2,1.0,3.4642678660669666,2.6666666666666665,4.0,6.699999999999999,0.33333333333333337,2.1,3.3,0.20689655172413793,39.0,0.0,33.333333333333336,80.0,51.53846153846153,0.0,37.333333333333336,Medium Risk,3,Stable Contributors,-0.8841278595516513,0.3877042535052026
36,0,Travel_Rarely,188,Research & Development,7,4,Other,2,Male,65,3,1,Research Scientist,4,Single,4678,23293,2,No,18,3,3,0,8,6,3,6,2,0,1,0.0,0.2222222222222222,0.8571428571428571,0.14285714285714285,0.1111111111111111,1.0,4.673326673326673,3.3333333333333335,2.5,9.9,0.1222222222222222,1.4,3.0500000000000003,0.22241379310344828,54.0,0.0,12.22222222222222,22.22222222222222,76.15384615384616,14.285714285714285,11.555555555555554,Low Risk,1,Promotion-Stalled,-2.5691578904062977,0.8988963153097158
38,0,Travel_Rarely,1333,Research & Development,1,3,Technical Degree,4,Female,80,3,3,Research Director,1,Married,13582,16292,1,No,13,3,2,1,15,3,3,15,12,5,11,0.3125,0.75,0.1875,0.6875,0.1875,0.16666666666666666,4.525824725091636,2.3333333333333335,3.0,7.0,0.46354166666666663,2.6,2.4000000000000004,0.16034482758620688,6.5,33.33333333333333,46.354166666666664,75.0,53.84615384615385,68.75,51.041666666666664,Medium Risk,0,Fast-Track Performers,2.5040470079129005,-0.8978005983359927
32,0,Non-Travel,1184,Research & Development,1,3,Life Sciences,3,Female,70,2,1,Laboratory Technician,2,Married,2332,3974,6,No,20,4,3,0,5,3,3,3,0,0,2,0.0,0.0,0.75,0.5,0.16666666666666666,1.0,2.32967032967033,2.3333333333333335,3.0,10.1,0.16666666666666666,1.1,2.7,0.010344827586206896,80.0,0.0,16.666666666666664,0.0,77.6923076923077,50.0,6.666666666666666,Low Risk,1,Promotion-Stalled,-2.7767635769940355,-1.2289646201811644
25,1,Travel_Rarely,867,Sales,19,2,Marketing,3,Male,36,2,1,Sales Representative,2,Married,2413,18798,1,Yes,18,3,3,3,1,2,3,1,0,0,0,0.0,0.0,1.0,0.0,0.5,1.0,2.410589410589411,2.3333333333333335,3.0,8.7,0.16666666666666666,1.7000000000000002,2.7,0.746551724137931,54.0,0.0,16.666666666666664,0.0,66.92307692307692,0.0,6.666666666666666,Low Risk,2,High-Risk Stagnation,-3.124104593438156,-0.6687671391229096
40,0,Travel_Rarely,658,Sales,10,4,Marketing,1,Male,67,2,3,Sales Executive,2,Divorced,9705,20652,2,No,12,3,2,1,11,2,2,1,0,0,0,0.0,0.0,1.0,0.0,0.25,1.0,3.2339220259913364,2.0,1.5,6.300000000000001,0.2,2.3000000000000003,1.75,0.253448275862069,36.0,0.0,20.0,0.0,48.46153846153847,0.0,8.0,Low Risk,2,High-Risk Stagnation,-2.102230138662243,-2.2705381570450056
26,0,Travel_Frequently,1283,Sales,1,3,Medical,3,Male,52,2,2,Sales Executive,1,Single,4294,11148,1,No,12,3,2,0,7,2,3,7,7,0,7,0.0,0.875,0.25,0.875,0.25,1.0,2.1459270364817593,2.0,2.5,6.300000000000001,0.41875,1.6,2.1500000000000004,0.3103448275862069,36.0,0.0,41.875,87.5,48.46153846153847,87.5,43.0,Medium Risk,4,Career Explorers,0.5067382283676971,-1.9809856804879904
41,0,Travel_Rarely,263,Research & Development,6,3,Medical,4,Male,59,3,1,Laboratory Technician,1,Single,4721,3119,2,Yes,13,3,3,0,20,3,3,18,13,2,17,0.10526315789473684,0.6190476190476191,0.15789473684210525,0.8947368421052632,0.047619047619047616,0.3333333333333333,4.716283716283717,2.3333333333333335,3.5,7.0,0.3582706766917293,1.4,2.65,0.6120689655172414,13.0,13.333333333333334,35.827067669172926,61.904761904761905,53.84615384615385,89.47368421052632,36.90225563909774,Medium Risk,4,Career Explorers,1.6608049962424722,-0.4802142455115455
36,0,Travel_Rarely,938,Research & Development,2,4,Medical,3,Male,79,3,1,Laboratory Technician,3,Single,2519,12287,4,No,21,4,3,0,16,6,3,11,8,3,9,0.25,0.47058823529411764,0.5,0.75,0.058823529411764705,0.25,2.5164835164835164,3.0,3.0,11.399999999999999,0.30514705882352944,1.4,3.0,0.1706896551724138,21.0,20.0,30.514705882352942,47.05882352941176,87.69230769230768,75.0,32.3235294117647,Low Risk,0,Fast-Track Performers,1.0101543171995162,0.4827131799051608
19,1,Travel_Rarely,419,Sales,21,3,Other,4,Male,37,2,1,Sales Representative,2,Single,2121,9947,1,Yes,13,3,2,0,1,3,4,1,0,0,0,0.0,0.0,1.5,0.0,0.5,1.0,2.1188811188811187,2.6666666666666665,3.0,7.0,0.13333333333333336,1.1,2.9000000000000004,0.7672413793103449,39.0,0.0,13.333333333333336,0.0,53.84615384615385,0.0,5.333333333333335,Low Risk,2,High-Risk Stagnation,-2.9022932388259726,0.3441255380491871
20,1,Travel_Rarely,129,Research & Development,4,3,Technical Degree,1,Male,84,3,1,Laboratory Technician,1,Single,2973,13008,1,No,19,3,2,0,1,2,3,1,0,0,0,0.0,0.0,1.0,0.0,0.5,1.0,2.97002997002997,2.3333333333333335,1.5,9.100000000000001,0.16666666666666666,1.4,1.6500000000000001,0.19137931034482758,57.0,0.0,16.666666666666664,0.0,70.0,0.0,6.666666666666666,Low Risk,2,High-Risk Stagnation,-3.136557663407799,-2.2032331602396416
31,0,Travel_Rarely,616,Research & Development,12,3,Medical,4,Female,41,3,2,Healthcare Representative,4,Married,5855,17369,0,Yes,11,3,3,2,10,2,1,9,7,8,5,0.8,0.6363636363636364,0.2,0.5,0.18181818181818182,0.1111111111111111,2.9260369815092453,2.6666666666666665,3.5,5.9,0.5724242424242425,2.3,3.1500000000000004,0.6741379310344828,3.6666666666666665,53.333333333333336,57.24242424242425,63.63636363636363,45.38461538461539,50.0,57.9878787878788,Medium Risk,0,Fast-Track Performers,3.4694221645382686,0.7172271110924399
40,0,Travel_Frequently,1469,Research & Development,9,4,Medical,4,Male,35,3,1,Research Scientist,2,Divorced,3617,25063,8,Yes,14,3,4,1,3,2,3,1,1,0,0,0.0,0.25,1.0,0.0,0.25,1.0,3.6133866133866133,2.6666666666666665,4.0,7.1,0.19583333333333336,1.5999999999999999,3.2,0.793103448275862,42.0,0.0,19.583333333333336,25.0,54.61538461538461,0.0,15.333333333333336,Low Risk,2,High-Risk Stagnation,-2.15433820912106,0.552216681153659
32,0,Travel_Rarely,498,Research & Development,3,4,Medical,3,Female,93,3,2,Manufacturing Director,1,Married,6725,13554,1,No,12,3,3,1,8,2,4,8,7,6,3,0.6666666666666666,0.7777777777777778,0.2222222222222222,0.3333333333333333,0.2222222222222222,0.14285714285714285,3.3608195902048976,2.6666666666666665,3.0,6.300000000000001,0.5611111111111111,2.1,2.6,0.1810344827586207,5.142857142857143,40.0,56.111111111111114,77.77777777777779,48.46153846153847,33.33333333333333,57.77777777777778,Medium Risk,0,Fast-Track Performers,3.1099411316421817,-0.16837443628075285
36,1,Travel_Rarely,530,Sales,3,1,Life Sciences,3,Male,51,2,3,Sales Executive,4,Married,10325,5518,1,Yes,11,3,1,1,16,6,3,16,7,3,7,0.17647058823529413,0.4117647058823529,0.35294117647058826,0.4117647058823529,0.17647058823529413,0.25,3.440519826724425,3.0,2.0,7.1,0.2647058823529412,2.3000000000000003,2.8000000000000003,0.5810344827586207,8.25,20.0,26.47058823529412,41.17647058823529,54.61538461538461,41.17647058823529,28.941176470588236,Low Risk,3,Stable Contributors,0.6856724945349663,0.831009479427686
33,0,Travel_Rarely,1069,Research & Development,1,3,Life Sciences,2,Female,42,2,2,Healthcare Representative,4,Single,6949,12291,0,No,14,3,1,0,6,3,3,5,0,1,4,0.16666666666666666,0.0,0.5,0.6666666666666666,0.2857142857142857,0.5,3.4727636181909047,3.0,1.5,7.4,0.15833333333333333,1.6,2.55,0.16034482758620688,21.0,6.666666666666667,15.833333333333332,0.0,56.92307692307692,66.66666666666666,8.333333333333332,Low Risk,3,Stable Contributors,-0.6389507330945132,0.3999600356873727
37,1,Travel_Rarely,625,Sales,1,4,Life Sciences,1,Male,46,2,3,Sales Executive,3,Married,10609,14922,5,No,11,3,3,0,17,2,1,14,1,11,7,0.7333333333333333,0.05555555555555555,0.13333333333333333,0.4666666666666667,0.16666666666666666,0.08333333333333333,3.53515494835055,2.0,2.0,5.9,0.47055555555555556,2.1,2.1,0.16034482758620688,2.75,73.33333333333333,47.05555555555556,5.555555555555555,45.38461538461539,46.666666666666664,42.48888888888889,Medium Risk,0,Fast-Track Performers,2.5178407957575186,-1.566230422838377
45,0,Non-Travel,805,Research & Development,4,2,Life Sciences,3,Male,57,3,2,Laboratory Technician,2,Married,4447,23163,1,No,12,3,2,0,9,5,2,9,7,0,8,0.0,0.7,0.5,0.8,0.2,1.0,2.2223888055972014,2.3333333333333335,2.5,7.200000000000001,0.3416666666666667,1.9,2.25,0.041379310344827586,36.0,0.0,34.166666666666664,70.0,55.38461538461539,80.0,34.666666666666664,Medium Risk,4,Career Explorers,-0.060266343102504255,-1.4496528894652296
29,0,Travel_Frequently,1404,Sales,20,3,Technical Degree,3,Female,84,3,1,Sales Representative,4,Married,2157,18203,1,No,15,3,2,1,3,5,3,3,1,0,2,0.0,0.25,1.25,0.5,0.25,1.0,2.154845154845155,3.3333333333333335,2.5,8.4,0.12916666666666665,1.5999999999999999,3.0500000000000003,0.506896551724138,45.0,0.0,12.916666666666664,25.0,64.61538461538461,50.0,12.666666666666666,Low Risk,3,Stable Contributors,-2.09027298292483,1.2075166209170873
35,0,Travel_Rarely,1219,Sales,18,3,Medical,3,Female,86,3,2,Sales Executive,3,Married,4601,6179,1,No,16,3,2,0,5,3,3,5,2,1,0,0.16666666666666666,0.3333333333333333,0.5,0.0,0.3333333333333333,0.5,2.2993503248375813,3.0,2.5,8.200000000000001,0.24166666666666667,1.9,2.75,0.33620689655172414,24.0,6.666666666666667,24.166666666666668,33.33333333333333,63.07692307692309,0.0,21.666666666666664,Low Risk,2,High-Risk Stagnation,-0.7921412648661994,0.48987185970223135
52,0,Travel_Rarely,1053,Research & Development,1,2,Life Sciences,4,Male,70,3,4,Manager,4,Married,17099,13829,2,No,15,3,2,1,26,2,2,9,8,7,8,0.7,0.2962962962962963,0.2,0.8,0.14814814814814814,0.125,4.273681579605099,3.0,3.0,7.5,0.41907407407407404,3.1,3.1,0.16034482758620688,5.625,46.666666666666664,41.907407407407405,29.629629629629626,57.692307692307686,80.0,39.651851851851845,Medium Risk,0,Fast-Track Performers,2.5464943839475764,1.0221141583732756
58,1,Travel_Rarely,289,Research & Development,2,3,Technical Degree,4,Male,51,3,1,Research Scientist,3,Single,2479,26227,4,No,24,4,1,0,7,4,3,1,0,0,0,0.0,0.0,2.0,0.0,0.125,1.0,2.4765234765234765,3.0,2.5,12.0,0.1,1.4,2.75,0.1706896551724138,96.0,0.0,10.0,0.0,92.3076923076923,0.0,4.0,Low Risk,1,Promotion-Stalled,-3.945359477056694,-0.40122930252290595
53,0,Travel_Rarely,1376,Sales,2,2,Medical,3,Male,45,3,4,Manager,3,Divorced,14852,13938,6,No,13,3,3,1,22,3,4,17,13,15,2,0.8333333333333334,0.5652173913043478,0.16666666666666666,0.1111111111111111,0.17391304347826086,0.0625,3.712071982004499,3.3333333333333335,3.0,7.0,0.4996376811594203,3.1,3.2,0.1706896551724138,2.4375,100.0,49.96376811594203,56.52173913043478,53.84615384615385,11.11111111111111,66.94202898550725,High Risk,0,Fast-Track Performers,2.777675673762735,1.5937249722212792
30,0,Travel_Rarely,231,Sales,8,2,Other,3,Male,62,3,3,Sales Executive,3,Divorced,7264,9977,5,No,11,3,1,1,10,2,4,8,4,7,7,0.7777777777777778,0.36363636363636365,0.2222222222222222,0.7777777777777778,0.2727272727272727,0.125,2.42052649116961,3.3333333333333335,2.0,5.9,0.42979797979797973,2.6,2.7,0.23275862068965517,4.125,46.666666666666664,42.97979797979797,36.36363636363637,45.38461538461539,77.77777777777779,42.101010101010104,Medium Risk,0,Fast-Track Performers,2.704863162330473,1.177166974083964
38,0,Non-Travel,152,Sales,10,3,Technical Degree,3,Female,85,3,2,Sales Executive,4,Single,5666,19899,1,Yes,13,3,2,0,6,1,3,5,3,1,3,0.16666666666666666,0.42857142857142855,0.16666666666666666,0.5,0.2857142857142857,0.5,2.831584207896052,3.3333333333333335,2.5,6.4,0.23214285714285712,1.9,3.0500000000000003,0.503448275862069,19.5,6.666666666666667,23.21428571428571,42.857142857142854,49.23076923076923,50.0,24.14285714285714,Low Risk,3,Stable Contributors,-0.03660297237028484,1.585390624350698
35,0,Travel_Rarely,882,Sales,3,4,Life Sciences,4,Male,92,3,3,Sales Executive,4,Divorced,7823,6812,6,No,13,3,2,1,12,2,3,10,9,0,8,0.0,0.6923076923076923,0.18181818181818182,0.7272727272727273,0.23076923076923078,1.0,2.6067977340886372,3.3333333333333335,3.0,6.699999999999999,0.23974358974358972,2.6,3.3000000000000003,0.1810344827586207,39.0,0.0,23.97435897435897,69.23076923076923,51.53846153846153,72.72727272727273,30.358974358974358,Low Risk,3,Stable Contributors,-0.7402120702208993,1.4833771041087658
39,0,Travel_Rarely,903,Sales,2,5,Life Sciences,1,Male,41,4,3,Sales Executive,3,Single,7880,2560,0,No,18,3,4,0,9,3,3,8,7,0,7,0.0,0.7,0.3333333333333333,0.7777777777777778,0.3,1.0,2.6257914028657114,3.3333333333333335,2.5,9.0,0.24166666666666664,2.7,2.75,0.1706896551724138,54.0,0.0,24.166666666666664,70.0,69.23076923076923,77.77777777777779,30.666666666666664,Low Risk,3,Stable Contributors,-1.1552634719924757,0.5116778031725867
40,1,Non-Travel,1479,Sales,24,3,Life Sciences,2,Female,100,4,4,Sales Executive,2,Single,13194,17071,4,Yes,16,3,4,0,22,2,2,1,0,0,0,0.0,0.0,1.0,0.0,0.17391304347826086,1.0,3.297675581104724,2.6666666666666665,3.0,7.9,0.13333333333333336,3.2,2.5,0.6482758620689655,48.0,0.0,13.333333333333336,0.0,60.769230769230774,0.0,5.333333333333335,Low Risk,2,High-Risk Stagnation,-2.685454384168806,-0.42432815982275796
47,0,Travel_Frequently,1379,Research & Development,16,4,Medical,3,Male,64,4,2,Manufacturing Director,3,Divorced,5067,6759,1,Yes,19,3,3,0,20,3,4,19,10,2,7,0.1,0.47619047619047616,0.15,0.35,0.09523809523809523,0.3333333333333333,2.532233883058471,3.6666666666666665,3.0,9.4,0.1873809523809524,2.2,3.2,0.8655172413793103,19.0,13.333333333333334,18.73809523809524,47.61904761904761,72.3076923076923,35.0,25.780952380952378,Low Risk,3,Stable Contributors,-0.13993292801213186,2.129265356764651
36,0,Non-Travel,1229,Sales,8,4,Technical Degree,1,Male,84,3,2,Sales Executive,4,Divorced,5079,25952,4,No,13,3,4,2,12,3,3,7,7,0,7,0.0,0.5384615384615384,0.375,0.875,0.15384615384615385,1.0,2.5382308845577213,3.3333333333333335,2.5,7.0,0.20128205128205126,2.3,3.0500000000000003,0.08275862068965517,39.0,0.0,20.128205128205128,53.84615384615385,53.84615384615385,87.5,24.205128205128204,Low Risk,3,Stable Contributors,-0.8103261869720197,1.14943667022255
31,1,Non-Travel,335,Research & Development,9,2,Medical,3,Male,46,2,1,Research Scientist,1,Single,2321,10322,0,Yes,22,4,1,0,4,0,3,3,2,1,2,0.25,0.4,0.0,0.5,0.2,0.5,2.318681318681319,2.0,2.0,10.0,0.3875,1.1,1.9000000000000001,0.4931034482758621,44.0,6.666666666666667,38.75,40.0,76.92307692307693,50.0,29.5,Low Risk,4,Career Explorers,0.25430139497256116,-2.4245783576473583
33,0,Non-Travel,722,Sales,17,3,Life Sciences,4,Male,38,3,4,Manager,3,Single,17444,20489,1,No,11,3,4,0,10,2,3,10,8,6,0,0.5454545454545454,0.7272727272727273,0.18181818181818182,0.0,0.36363636363636365,0.14285714285714285,4.359910022494376,3.0,4.0,5.9,0.47272727272727266,2.9,3.5,0.17586206896551723,4.714285714285714,40.0,47.272727272727266,72.72727272727273,45.38461538461539,0.0,52.72727272727273,Medium Risk,0,Fast-Track Performers,1.9830243966794496,1.5936040428104796
29,1,Travel_Rarely,906,Research & Development,10,3,Life Sciences,4,Female,92,2,1,Research Scientist,1,Single,2404,11479,6,Yes,20,4,3,0,3,5,3,0,0,0,0,0.0,0.0,5.0,0.0,0.25,1.0,2.4015984015984015,2.0,3.5,10.7,0.2,1.1,2.65,0.653448275862069,80.0,0.0,20.0,0.0,82.3076923076923,0.0,8.0,Low Risk,1,Promotion-Stalled,-3.2632367034578267,-1.6825932338087215
33,0,Travel_Rarely,461,Research & Development,13,1,Life Sciences,2,Female,53,3,1,Research Scientist,4,Single,3452,17241,3,No,18,3,1,0,5,4,3,3,2,0,2,0.0,0.3333333333333333,1.0,0.5,0.16666666666666666,1.0,3.4485514485514486,3.3333333333333335,1.5,9.3,0.14999999999999997,1.4,2.55,0.2844827586206896,54.0,0.0,14.999999999999996,33.33333333333333,71.53846153846153,50.0,15.999999999999996,Low Risk,1,Promotion-Stalled,-2.0083886850359756,0.3277308894235234
45,0,Travel_Rarely,974,Research & Development,1,4,Medical,4,Female,91,3,1,Laboratory Technician,4,Divorced,2270,11005,3,No,14,3,4,2,8,2,3,5,3,0,2,0.0,0.3333333333333333,0.3333333333333333,0.3333333333333333,0.1111111111111111,1.0,2.2677322677322675,3.3333333333333335,4.0,7.1,0.14999999999999997,1.7999999999999998,3.8000000000000003,0.16034482758620688,42.0,0.0,14.999999999999996,33.33333333333333,54.61538461538461,33.33333333333333,15.999999999999996,Low Risk,3,Stable Contributors,-1.8067048676206843,2.119354887965743
50,0,Travel_Rarely,1126,Research & Development,1,2,Medical,4,Male,66,3,4,Research Director,4,Divorced,17399,6615,9,No,22,4,3,1,32,1,2,5,4,1,3,0.16666666666666666,0.12121212121212122,0.16666666666666666,0.5,0.12121212121212122,0.5,4.348662834291427,3.0,3.5,10.3,0.18863636363636363,3.1,3.35,0.16034482758620688,44.0,6.666666666666667,18.863636363636363,12.121212121212121,79.23076923076924,50.0,13.181818181818183,Low Risk,3,Stable Contributors,-0.9964616049629544,0.9275026170841508
33,0,Travel_Frequently,827,Research & Development,1,4,Other,3,Female,84,4,2,Healthcare Representative,2,Married,5488,20161,1,Yes,13,3,1,1,6,2,3,6,5,1,2,0.14285714285714285,0.7142857142857143,0.2857142857142857,0.2857142857142857,0.2857142857142857,0.5,2.7426286856571713,3.0,2.0,6.699999999999999,0.32857142857142857,2.4000000000000004,2.2,0.7103448275862069,19.5,6.666666666666667,32.857142857142854,71.42857142857143,51.53846153846153,28.57142857142857,36.57142857142857,Medium Risk,4,Career Explorers,0.44406021548228974,-0.06957008871996136
41,0,Travel_Frequently,840,Research & Development,9,3,Medical,1,Male,64,3,5,Research Director,3,Divorced,19419,3735,2,No,17,3,2,1,21,2,4,18,16,0,11,0.0,0.7272727272727273,0.10526315789473684,0.5789473684210527,0.22727272727272727,1.0,3.8830233953209357,3.3333333333333335,1.5,8.3,0.24848484848484848,3.6,2.45,0.3931034482758621,51.0,0.0,24.848484848484848,72.72727272727273,63.846153846153854,57.89473684210527,31.757575757575758,Low Risk,3,Stable Contributors,-1.0931112717342706,0.22809711050767847
27,0,Travel_Rarely,1134,Research & Development,16,4,Technical Degree,3,Female,37,3,1,Laboratory Technician,2,Married,2811,12086,9,No,14,3,2,1,4,2,3,2,2,2,2,0.6666666666666666,0.4,0.6666666666666666,0.6666666666666666,0.2,0.3333333333333333,2.808191808191808,2.6666666666666665,2.5,7.1,0.4666666666666667,1.5999999999999999,2.45,0.31551724137931036,14.0,13.333333333333334,46.666666666666664,40.0,54.61538461538461,66.66666666666666,34.66666666666667,Medium Risk,0,Fast-Track Performers,2.236017545714738,-0.36972283052953664
45,0,Non-Travel,248,Research & Development,23,2,Life Sciences,4,Male,42,3,2,Laboratory Technician,1,Married,3633,14039,1,Yes,15,3,3,1,9,2,3,9,8,0,8,0.0,0.8,0.2,0.8,0.2,1.0,1.815592203898051,2.3333333333333335,3.5,7.5,0.3666666666666667,2.1,2.65,0.6379310344827587,45.0,0.0,36.66666666666667,80.0,57.692307692307686,80.0,38.66666666666667,Medium Risk,4,Career Explorers,-0.0854690831063197,-0.9011021777961723
47,0,Travel_Rarely,955,Sales,4,2,Life Sciences,4,Female,83,3,2,Sales Executive,4,Single,4163,8571,1,Yes,17,3,3,0,9,0,3,9,0,0,7,0.0,0.0,0.0,0.7,0.2,1.0,2.0804597701149423,3.3333333333333335,3.5,7.700000000000001,0.06666666666666665,1.9,3.5500000000000003,0.5913793103448276,51.0,0.0,6.666666666666665,0.0,59.23076923076924,70.0,2.666666666666666,Low Risk,3,Stable Contributors,-2.4458824088319044,1.9551215682801935
30,1,Travel_Rarely,138,Research & Development,22,3,Life Sciences,1,Female,48,3,1,Research Scientist,3,Married,2132,11539,4,Yes,11,3,2,0,7,2,3,5,2,0,1,0.0,0.25,0.3333333333333333,0.16666666666666666,0.125,1.0,2.1298701298701297,3.0,1.5,5.9,0.1625,1.4,2.25,0.7775862068965518,33.0,0.0,16.25,25.0,45.38461538461539,16.666666666666664,14.0,Low Risk,3,Stable Contributors,-1.692972155307755,-0.01452276120027625
50,0,Travel_Rarely,939,Research & Development,24,3,Life Sciences,4,Male,95,3,4,Manufacturing Director,3,Married,13973,4161,3,Yes,18,3,4,1,22,2,3,12,11,1,5,0.07692307692307693,0.4782608695652174,0.15384615384615385,0.38461538461538464,0.17391304347826086,0.5,3.4923769057735568,3.0,4.0,8.7,0.24648829431438127,3.1,3.5,0.7982758620689656,27.0,6.666666666666667,24.648829431438127,47.82608695652174,66.92307692307692,38.46153846153847,26.207357859531776,Low Risk,3,Stable Contributors,-0.3097684375892053,1.4563431602795782
38,0,Travel_Frequently,1391,Research & Development,10,1,Medical,3,Male,66,3,1,Research Scientist,3,Married,2684,12127,0,No,17,3,2,1,3,0,2,2,1,0,2,0.0,0.25,0.0,0.6666666666666666,0.25,1.0,2.681318681318681,2.6666666666666665,2.5,7.700000000000001,0.19583333333333336,1.5999999999999999,2.55,0.40344827586206894,51.0,0.0,19.583333333333336,25.0,59.23076923076924,66.66666666666666,15.333333333333336,Low Risk,3,Stable Contributors,-1.6690140788630816,-0.4546795792491956
46,0,Travel_Rarely,566,Research & Development,7,2,Medical,4,Male,75,3,3,Manufacturing Director,3,Divorced,10845,24208,6,No,13,3,2,1,13,3,3,8,7,0,7,0.0,0.5,0.3333333333333333,0.7777777777777778,0.21428571428571427,1.0,3.613795401532822,3.0,3.0,7.0,0.225,2.6,3.0,0.22241379310344828,39.0,0.0,22.5,50.0,53.84615384615385,77.77777777777779,24.0,Low Risk,3,Stable Contributors,-0.9071457443102513,0.636139926686258
24,0,Travel_Rarely,1206,Research & Development,17,1,Medical,4,Female,41,2,2,Manufacturing Director,3,Divorced,4377,24117,1,No,15,3,2,2,5,6,3,4,2,3,2,0.6,0.3333333333333333,1.2,0.4,0.3333333333333333,0.25,2.187406296851574,2.6666666666666665,3.0,8.7,0.4266666666666667,2.0,3.0,0.3258620689655172,11.25,20.0,42.66666666666667,33.33333333333333,66.92307692307692,40.0,33.06666666666667,Medium Risk,0,Fast-Track Performers,1.5247422702354276,0.3071391976323689
35,1,Travel_Rarely,622,Research & Development,14,4,Other,3,Male,39,2,1,Laboratory Technician,2,Divorced,3743,10074,1,Yes,24,4,4,1,5,2,1,4,2,0,2,0.0,0.3333333333333333,0.4,0.4,0.16666666666666666,1.0,3.739260739260739,1.6666666666666667,3.5,11.4,0.31666666666666665,1.3,2.5500000000000003,0.6948275862068967,96.0,0.0,31.666666666666664,33.33333333333333,87.6923076923077,40.0,22.666666666666664,Low Risk,1,Promotion-Stalled,-2.282105974137548,-2.587262794053112
31,0,Travel_Frequently,853,Research & Development,1,1,Life Sciences,3,Female,96,3,2,Manufacturing Director,1,Married,4148,11275,1,No,12,3,3,1,4,1,3,4,3,0,3,0.0,0.6,0.2,0.6,0.4,1.0,2.0729635182408797,2.3333333333333335,3.0,6.0,0.31666666666666665,2.1,2.4000000000000004,0.3103448275862069,36.0,0.0,31.666666666666664,60.0,46.15384615384615,60.0,30.666666666666664,Low Risk,4,Career Explorers,-0.6642401073273025,-1.0110836452644023
18,0,Non-Travel,287,Research & Development,5,2,Life Sciences,2,Male,73,3,1,Research Scientist,4,Single,1051,13493,1,No,15,3,4,0,0,2,3,0,0,0,0,0.0,0.0,2.0,0.0,1.0,1.0,1.04995004995005,3.3333333333333335,3.0,7.5,0.06666666666666665,1.4,3.3000000000000003,0.05172413793103448,45.0,0.0,6.666666666666665,0.0,57.692307692307686,0.0,2.666666666666666,Low Risk,2,High-Risk Stagnation,-4.002889182101887,1.7461305473093955
54,0,Travel_Rarely,1441,Research & Development,17,3,Technical Degree,3,Female,56,3,3,Manufacturing Director,3,Married,10739,13943,8,No,11,3,3,1,22,2,3,10,7,0,8,0.0,0.30434782608695654,0.18181818181818182,0.7272727272727273,0.13043478260869565,1.0,3.578473842052649,3.0,3.0,5.9,0.17608695652173914,2.6,3.0,0.3258620689655172,33.0,0.0,17.608695652173914,30.434782608695656,45.38461538461539,72.72727272727273,16.173913043478265,Low Risk,3,Stable Contributors,-1.0705036988130199,0.8298997480768135
35,0,Travel_Rarely,583,Research & Development,25,4,Medical,3,Female,57,3,3,Healthcare Representative,3,Divorced,10388,6975,1,Yes,11,3,3,1,16,3,2,16,10,10,1,0.5882352941176471,0.5882352941176471,0.17647058823529413,0.058823529411764705,0.17647058823529413,0.09090909090909091,3.461512829056981,2.6666666666666665,3.0,6.200000000000001,0.48627450980392156,2.6,2.8,0.8086206896551724,3.0,66.66666666666666,48.627450980392155,58.82352941176471,47.6923076923077,5.88235294117647,57.09803921568628,Medium Risk,0,Fast-Track Performers,2.3819329290990665,0.3443196676301059
30,0,Travel_Rarely,153,Research & Development,8,2,Life Sciences,2,Female,73,4,3,Research Director,1,Married,11416,17802,0,Yes,12,3,3,3,9,4,2,8,7,1,7,0.1111111111111111,0.7,0.4444444444444444,0.7777777777777778,0.3,0.5,3.8040653115628125,2.3333333333333335,2.5,6.9,0.38055555555555554,3.3000000000000003,1.9500000000000002,0.6327586206896552,18.0,6.666666666666667,38.05555555555556,70.0,53.07692307692308,77.77777777777779,38.22222222222222,Medium Risk,4,Career Explorers,1.1296416090518893,-1.3949529635212248
20,1,Travel_Rarely,1097,Research & Development,11,3,Medical,4,Female,98,2,1,Research Scientist,1,Single,2600,18275,1,Yes,15,3,1,0,1,2,3,1,0,0,0,0.0,0.0,1.0,0.0,0.5,1.0,2.5974025974025974,2.0,2.5,7.5,0.2,1.1,2.1500000000000004,0.6637931034482759,45.0,0.0,20.0,0.0,57.692307692307686,0.0,8.0,Low Risk,2,High-Risk Stagnation,-2.6963952848157846,-1.7412572920297875
30,1,Travel_Frequently,109,Research & Development,5,3,Medical,2,Female,60,3,1,Laboratory Technician,2,Single,2422,25725,0,No,17,3,1,0,4,3,3,3,2,1,2,0.25,0.4,0.75,0.5,0.2,0.5,2.4195804195804196,2.6666666666666665,1.5,8.600000000000001,0.32083333333333336,1.4,1.9500000000000002,0.35172413793103446,25.5,6.666666666666667,32.083333333333336,40.0,66.15384615384616,50.0,26.833333333333336,Low Risk,4,Career Explorers,0.38553415662895696,-1.1338093382901895
26,0,Travel_Rarely,1066,Research & Development,2,2,Medical,4,Male,32,4,2,Manufacturing Director,4,Married,5472,3334,1,No,12,3,2,0,8,2,3,8,7,1,3,0.1111111111111111,0.7777777777777778,0.2222222222222222,0.3333333333333333,0.2222222222222222,0.5,2.734632683658171,3.6666666666666665,3.0,6.300000000000001,0.26666666666666666,2.2,3.3000000000000003,0.1706896551724138,18.0,6.666666666666667,26.666666666666668,77.77777777777779,48.46153846153847,33.33333333333333,36.0,Medium Risk,3,Stable Contributors,0.30772874301282666,2.222560020689084
22,0,Travel_Rarely,217,Research & Development,8,1,Life Sciences,2,Male,94,1,1,Laboratory Technician,1,Married,2451,6881,1,No,15,3,1,1,4,3,2,4,3,1,1,0.2,0.6,0.6,0.2,0.2,0.5,2.4485514485514486,1.3333333333333333,1.5,7.800000000000001,0.4866666666666667,1.0,1.4500000000000002,0.23275862068965517,22.5,6.666666666666667,48.66666666666667,60.0,60.00000000000001,20.0,39.46666666666667,Medium Risk,4,Career Explorers,1.1059276651336614,-3.8259477876465833
48,0,Travel_Rarely,277,Research & Development,6,3,Life Sciences,1,Male,97,2,2,Healthcare Representative,3,Single,4240,13119,2,No,13,3,4,0,19,0,3,2,2,2,2,0.6666666666666666,0.1,0.0,0.6666666666666666,0.1,0.3333333333333333,2.1189405297351325,2.6666666666666665,2.5,6.1,0.39166666666666666,1.6,2.75,0.21206896551724136,13.0,13.333333333333334,39.166666666666664,10.0,46.92307692307692,66.66666666666666,22.666666666666664,Low Risk,0,Fast-Track Performers,1.816468972734699,0.13814573925533852
48,0,Travel_Rarely,1355,Research & Development,4,4,Life Sciences,3,Male,78,2,3,Healthcare Representative,3,Single,10999,22245,7,No,14,3,2,0,27,3,3,15,11,4,8,0.25,0.39285714285714285,0.1875,0.5,0.10714285714285714,0.2,3.6651116294568475,2.6666666666666665,2.5,7.4,0.3190476190476191,2.1,2.75,0.19137931034482758,8.4,26.666666666666668,31.90476190476191,39.285714285714285,56.92307692307692,50.0,32.54761904761905,Low Risk,0,Fast-Track Performers,1.2444984991283685,0.11015098363049862
41,0,Travel_Rarely,549,Research & Development,7,2,Medical,4,Female,42,3,2,Manufacturing Director,3,Single,5003,23371,6,No,14,3,2,0,8,6,3,2,2,2,1,0.6666666666666666,0.2222222222222222,2.0,0.3333333333333333,0.2222222222222222,0.3333333333333333,2.500249875062469,3.0,3.0,8.3,0.38888888888888884,1.9,3.0,0.22241379310344828,14.0,13.333333333333334,38.888888888888886,22.22222222222222,63.846153846153854,33.33333333333333,26.22222222222222,Low Risk,0,Fast-Track Performers,1.2739672718108754,0.7642489737063257
39,0,Travel_Rarely,466,Research & Development,1,1,Life Sciences,4,Female,65,2,4,Manufacturing Director,4,Married,12742,7060,1,No,16,3,3,1,21,3,3,21,6,11,8,0.5,0.2727272727272727,0.13636363636363635,0.36363636363636365,0.18181818181818182,0.08333333333333333,3.184703824043989,3.0,3.5,8.200000000000001,0.34318181818181814,2.8000000000000003,3.5500000000000003,0.16034482758620688,4.0,73.33333333333333,34.31818181818181,27.27272727272727,63.07692307692309,36.36363636363637,43.9090909090909,Medium Risk,0,Fast-Track Performers,1.4830900245592833,1.6095503649642913
27,0,Travel_Rarely,1055,Research & Development,2,4,Life Sciences,1,Female,47,3,2,Manufacturing Director,4,Married,4227,4658,0,No,18,3,2,1,4,2,3,3,2,2,2,0.5,0.4,0.5,0.5,0.4,0.3333333333333333,2.1124437781109444,3.3333333333333335,1.5,8.7,0.3416666666666667,2.1,2.55,0.1706896551724138,18.0,13.333333333333334,34.166666666666664,40.0,66.92307692307692,50.0,29.666666666666664,Low Risk,0,Fast-Track Performers,0.8640481892765624,0.6795043697242222
35,0,Travel_Rarely,802,Research & Development,10,3,Other,2,Male,45,3,1,Laboratory Technician,4,Divorced,3917,9541,1,No,20,4,1,1,3,4,2,3,2,1,2,0.25,0.5,1.0,0.5,0.25,0.5,3.913086913086913,3.0,1.5,10.399999999999999,0.3125,1.5999999999999999,2.35,0.253448275862069,40.0,6.666666666666667,31.25,50.0,80.0,50.0,29.5,Low Risk,4,Career Explorers,-0.031987933979414324,-0.4041081424161967
42,0,Travel_Rarely,265,Sales,5,2,Marketing,4,Male,90,3,5,Manager,3,Married,18303,7770,6,No,13,3,2,0,21,3,4,1,0,0,0,0.0,0.0,1.5,0.0,0.22727272727272727,1.0,3.659868026394721,3.3333333333333335,3.0,7.0,0.06666666666666665,3.4,3.2,0.20172413793103447,39.0,0.0,6.666666666666665,0.0,53.84615384615385,0.0,2.666666666666666,Low Risk,2,High-Risk Stagnation,-2.863458878349624,1.5195944413102798
50,0,Travel_Rarely,804,Research & Development,9,3,Life Sciences,1,Male,64,3,1,Laboratory Technician,4,Married,2380,20165,4,No,18,3,2,0,8,5,3,1,0,0,0,0.0,0.0,2.5,0.0,0.1111111111111111,1.0,2.3776223776223775,3.3333333333333335,1.5,9.6,0.06666666666666665,1.4,2.55,0.24310344827586206,54.0,0.0,6.666666666666665,0.0,73.84615384615384,0.0,2.666666666666666,Low Risk,1,Promotion-Stalled,-3.117710443745744,0.35708722009538335
59,0,Travel_Rarely,715,Research & Development,2,3,Life Sciences,3,Female,69,2,4,Manufacturing Director,4,Single,13726,21829,3,Yes,13,3,1,0,30,4,3,5,3,4,3,0.6666666666666666,0.0967741935483871,0.6666666666666666,0.5,0.12903225806451613,0.2,3.4306423394151464,3.0,2.0,7.300000000000001,0.3575268817204301,2.6,2.8000000000000003,0.5706896551724139,7.8,26.666666666666668,35.752688172043015,9.67741935483871,56.15384615384615,50.0,25.20430107526882,Low Risk,0,Fast-Track Performers,1.654308530870992,0.7837240920138973
37,1,Travel_Rarely,1141,Research & Development,11,2,Medical,1,Female,61,1,2,Healthcare Representative,2,Married,4777,14382,5,No,15,3,1,0,15,2,1,1,0,0,0,0.0,0.0,1.0,0.0,0.125,1.0,2.3873063468265867,1.3333333333333333,1.0,7.5,0.2666666666666667,1.3,1.3,0.26379310344827583,45.0,0.0,26.66666666666667,0.0,57.692307692307686,0.0,10.66666666666667,Low Risk,4,Career Explorers,-1.8513809231348282,-4.058058387891628
55,0,Travel_Frequently,135,Research & Development,18,4,Medical,3,Male,62,3,2,Healthcare Representative,2,Married,6385,12992,3,Yes,14,3,4,2,17,3,3,8,7,6,7,0.6666666666666666,0.3888888888888889,0.3333333333333333,0.7777777777777778,0.1111111111111111,0.14285714285714285,3.190904547726137,2.6666666666666665,3.5,7.4,0.4638888888888889,2.3,2.95,0.8862068965517241,6.0,40.0,46.38888888888889,38.88888888888889,56.92307692307692,77.77777777777779,42.22222222222223,Medium Risk,0,Fast-Track Performers,2.78535733940787,0.482216957753549
41,0,Non-Travel,247,Research & Development,7,1,Life Sciences,2,Female,55,1,5,Research Director,3,Divorced,19973,20284,1,No,22,4,2,2,21,3,3,21,16,5,10,0.22727272727272727,0.7272727272727273,0.13636363636363635,0.45454545454545453,0.22727272727272727,0.16666666666666666,3.9938012397520497,2.3333333333333335,2.0,10.9,0.428030303030303,3.1999999999999997,2.5,0.07241379310344828,14.666666666666666,33.33333333333333,42.8030303030303,72.72727272727273,83.84615384615385,45.45454545454545,48.93939393939394,Medium Risk,0,Fast-Track Performers,1.5594320926110172,-1.13676858729409
38,0,Travel_Rarely,1035,Sales,3,4,Life Sciences,2,Male,42,3,2,Sales Executive,4,Single,6861,4981,8,Yes,12,3,3,0,19,1,3,1,0,0,0,0.0,0.0,0.5,0.0,0.1,1.0,3.428785607196402,3.3333333333333335,2.5,6.0,0.06666666666666665,1.9,3.0500000000000003,0.5810344827586207,36.0,0.0,6.666666666666665,0.0,46.15384615384615,0.0,2.666666666666666,Low Risk,2,High-Risk Stagnation,-2.5875159124293385,1.4955552879009375
26,1,Non-Travel,265,Sales,29,2,Medical,2,Male,79,1,2,Sales Executive,1,Single,4969,21813,8,No,18,3,4,0,7,6,3,2,2,2,2,0.6666666666666666,0.25,2.0,0.6666666666666666,0.25,0.3333333333333333,2.4832583708145926,1.6666666666666667,3.0,9.9,0.5291666666666666,1.3,2.4000000000000004,0.3,18.0,13.333333333333334,52.91666666666666,25.0,76.15384615384616,66.66666666666666,32.666666666666664,Low Risk,0,Fast-Track Performers,2.1023707978330624,-2.1654068030758657
52,1,Travel_Rarely,266,Sales,2,1,Marketing,1,Female,57,1,5,Manager,4,Married,19845,25846,1,No,15,3,4,1,33,3,3,32,14,6,9,0.18181818181818182,0.4117647058823529,0.09090909090909091,0.2727272727272727,0.14705882352941177,0.14285714285714285,3.9682063587282546,2.6666666666666665,2.5,7.800000000000001,0.2999108734402852,3.0,3.0500000000000003,0.1706896551724138,6.428571428571429,40.0,29.99108734402852,41.17647058823529,60.00000000000001,27.27272727272727,36.349376114082,Medium Risk,0,Fast-Track Performers,0.8911937560540193,0.49483520689576954
44,0,Travel_Rarely,1448,Sales,28,3,Medical,4,Female,53,4,4,Sales Executive,4,Married,13320,11737,3,Yes,18,3,3,1,23,2,3,12,11,11,11,0.8461538461538461,0.4583333333333333,0.15384615384615385,0.8461538461538461,0.16666666666666666,0.08333333333333333,3.3291677080729816,3.6666666666666665,3.5,8.7,0.4440705128205128,3.4000000000000004,3.5500000000000003,0.8396551724137932,4.5,73.33333333333333,44.40705128205128,45.83333333333333,66.92307692307692,84.61538461538461,53.51282051282051,Medium Risk,0,Fast-Track Performers,2.9753067001221707,2.6351854071569325
50,0,Non-Travel,145,Sales,1,3,Life Sciences,4,Female,95,3,2,Sales Executive,3,Married,6347,24920,0,No,12,3,1,1,19,3,3,18,7,0,13,0.0,0.35,0.15789473684210525,0.6842105263157895,0.1,1.0,3.1719140429785107,3.0,2.5,6.600000000000001,0.1875,2.1,2.75,0.010344827586206896,36.0,0.0,18.75,35.0,50.76923076923078,68.42105263157895,18.0,Low Risk,3,Stable Contributors,-1.0573598079293562,0.32548601365227486
36,1,Travel_Rarely,885,Research & Development,16,4,Life Sciences,3,Female,43,4,1,Laboratory Technician,1,Single,2743,8269,1,No,16,3,3,0,18,1,3,17,13,15,14,0.8333333333333334,0.6842105263157895,0.05555555555555555,0.7777777777777778,0.05263157894736842,0.0625,2.74025974025974,2.6666666666666665,3.0,7.6,0.5960526315789474,1.7,2.4000000000000004,0.31551724137931036,3.0,100.0,59.60526315789474,68.42105263157895,58.46153846153845,77.77777777777779,74.36842105263158,High Risk,0,Fast-Track Performers,4.130334635807426,-0.49874040507887973
39,0,Travel_Frequently,945,Research & Development,22,3,Medical,4,Female,82,3,3,Manufacturing Director,1,Single,10880,5083,1,Yes,13,3,3,0,21,2,3,21,6,2,8,0.09090909090909091,0.2727272727272727,0.09090909090909091,0.36363636363636365,0.13636363636363635,0.3333333333333333,3.6254581806064645,2.3333333333333335,3.5,6.699999999999999,0.26666666666666666,2.4,2.65,0.9275862068965517,13.0,13.333333333333334,26.666666666666668,27.27272727272727,51.53846153846153,36.36363636363637,22.848484848484848,Low Risk,4,Career Explorers,0.2927864395366044,-0.259202983292413
33,0,Non-Travel,1038,Sales,8,1,Life Sciences,2,Female,88,2,1,Sales Representative,4,Single,2342,21437,0,No,19,3,4,0,3,2,2,2,2,2,2,0.6666666666666666,0.5,0.6666666666666666,0.6666666666666666,0.25,0.3333333333333333,2.3396603396603397,2.6666666666666665,3.0,9.100000000000001,0.49166666666666664,1.1,3.1,0.08275862068965517,19.0,13.333333333333334,49.166666666666664,50.0,70.0,66.66666666666666,38.66666666666667,Medium Risk,0,Fast-Track Performers,2.1386671849455507,0.17945376156585824
45,0,Travel_Rarely,1234,Sales,11,2,Life Sciences,4,Female,90,3,4,Manager,4,Married,17650,5404,3,No,13,3,2,1,26,4,4,9,3,1,1,0.1,0.1111111111111111,0.4,0.1,0.14814814814814814,0.5,4.411397150712322,3.6666666666666665,3.0,7.300000000000001,0.09611111111111112,3.1,3.5,0.26379310344827583,19.5,6.666666666666667,9.611111111111112,11.11111111111111,56.15384615384615,10.0,9.177777777777777,Low Risk,3,Stable Contributors,-1.3070435144031456,2.591191679560082
32,0,Non-Travel,1109,Research & Development,29,4,Medical,4,Female,69,3,1,Laboratory Technician,3,Single,4025,11135,9,No,12,3,2,0,10,2,3,8,7,7,7,0.7777777777777778,0.6363636363636364,0.2222222222222222,0.7777777777777778,0.09090909090909091,0.125,4.020979020979021,3.0,3.0,6.300000000000001,0.5313131313131313,1.4,3.0,0.3,4.5,46.666666666666664,53.13131313131313,63.63636363636363,48.46153846153847,77.77777777777779,54.34343434343434,Medium Risk,0,Fast-Track Performers,3.6000900888133325,0.8907762053357239
34,0,Travel_Rarely,216,Sales,1,4,Marketing,2,Male,75,4,2,Sales Executive,4,Divorced,9725,12278,0,No,11,3,4,1,16,2,2,15,1,0,9,0.0,0.058823529411764705,0.125,0.5625,0.11764705882352941,1.0,4.860069965017491,3.3333333333333335,3.0,5.9,0.08137254901960783,2.4000000000000004,3.1,0.16034482758620688,33.0,0.0,8.137254901960784,5.88235294117647,45.38461538461539,56.25,5.019607843137255,Low Risk,3,Stable Contributors,-1.8694295611929237,1.4903671675824786
59,0,Travel_Rarely,1089,Sales,1,2,Technical Degree,2,Male,66,3,3,Manager,4,Married,11904,11038,3,Yes,14,3,3,1,14,1,1,6,4,0,4,0.0,0.26666666666666666,0.14285714285714285,0.5714285714285714,0.2,1.0,3.966677774075308,2.6666666666666665,2.5,6.800000000000001,0.2,2.6,2.6500000000000004,0.560344827586207,42.0,0.0,20.0,26.666666666666668,52.307692307692314,57.14285714285714,16.0,Low Risk,3,Stable Contributors,-1.4471117530155375,-0.17496898105126926
45,0,Travel_Rarely,788,Human Resources,24,4,Medical,2,Male,36,3,1,Human Resources,2,Single,2177,8318,1,No,16,3,1,0,6,3,3,6,3,0,4,0.0,0.42857142857142855,0.42857142857142855,0.5714285714285714,0.14285714285714285,1.0,2.174825174825175,2.6666666666666665,1.5,8.200000000000001,0.2404761904761905,1.4,1.9500000000000002,0.3982758620689655,48.0,0.0,24.04761904761905,42.857142857142854,63.07692307692309,57.14285714285714,22.476190476190474,Low Risk,4,Career Explorers,-1.1987598412032485,-1.3298735514215192
53,0,Travel_Frequently,124,Sales,2,3,Marketing,3,Female,38,2,3,Sales Executive,2,Married,7525,23537,2,No,12,3,1,1,30,2,3,15,7,6,12,0.375,0.22580645161290322,0.125,0.75,0.0967741935483871,0.14285714285714285,2.507497500833056,2.3333333333333335,2.0,6.300000000000001,0.3543682795698925,2.3000000000000003,2.2,0.32068965517241377,5.142857142857143,40.0,35.43682795698925,22.58064516129032,48.46153846153847,75.0,32.9489247311828,Low Risk,0,Fast-Track Performers,1.8983489389540824,-0.910629769441041
36,1,Travel_Rarely,660,Research & Development,15,3,Other,1,Male,81,3,2,Laboratory Technician,3,Divorced,4834,7858,7,No,14,3,2,1,9,3,2,1,0,0,0,0.0,0.0,1.5,0.0,0.2,1.0,2.415792103948026,2.6666666666666665,1.5,7.4,0.13333333333333336,2.1,2.05,0.30517241379310345,42.0,0.0,13.333333333333336,0.0,56.92307692307692,0.0,5.333333333333335,Low Risk,2,High-Risk Stagnation,-2.542083644677974,-0.9975923910856709
26,1,Travel_Frequently,342,Research & Development,2,3,Life Sciences,1,Male,57,3,1,Research Scientist,1,Married,2042,15346,6,Yes,14,3,2,1,6,2,3,3,2,1,2,0.25,0.2857142857142857,0.5,0.5,0.14285714285714285,0.5,2.03996003996004,2.3333333333333335,1.5,7.1,0.32559523809523805,1.5999999999999999,1.6500000000000001,0.7206896551724138,21.0,6.666666666666667,32.5595238095238,28.57142857142857,54.61538461538461,50.0,23.595238095238095,Low Risk,4,Career Explorers,0.5588747294099777,-1.7554731885884203
34,0,Travel_Rarely,1333,Sales,10,4,Life Sciences,3,Female,87,3,1,Sales Representative,3,Married,2220,18410,1,Yes,19,3,4,1,1,2,3,1,1,0,0,0.0,0.5,1.0,0.0,0.5,1.0,2.2177822177822177,3.0,3.5,9.100000000000001,0.225,1.5999999999999999,3.25,0.653448275862069,57.0,0.0,22.5,50.0,70.0,0.0,24.0,Low Risk,2,High-Risk Stagnation,-2.525653241690728,0.8165712914931952
28,0,Travel_Rarely,1144,Sales,10,1,Medical,4,Male,74,3,1,Sales Representative,2,Married,1052,23384,1,No,22,4,2,0,1,5,3,1,0,0,0,0.0,0.0,2.5,0.0,0.5,1.0,1.050949050949051,2.6666666666666665,3.0,11.5,0.13333333333333336,1.4,2.7,0.253448275862069,88.0,0.0,13.333333333333336,0.0,88.46153846153845,0.0,5.333333333333335,Low Risk,2,High-Risk Stagnation,-4.087462258182478,-0.7508895567459404
38,0,Travel_Frequently,1186,Research & Development,3,4,Other,3,Male,44,3,1,Research Scientist,3,Married,2821,2997,3,No,16,3,1,1,8,2,3,2,2,2,2,0.6666666666666666,0.2222222222222222,0.6666666666666666,0.6666666666666666,0.1111111111111111,0.3333333333333333,2.8181818181818183,3.0,2.0,7.9,0.38888888888888884,1.5999999999999999,2.5,0.3310344827586207,16.0,13.333333333333334,38.888888888888886,22.22222222222222,60.769230769230774,66.66666666666666,26.22222222222222,Low Risk,0,Fast-Track Performers,1.7487021706441845,0.16163605643880896
50,0,Travel_Rarely,1464,Research & Development,2,4,Medical,2,Male,62,3,5,Research Director,3,Married,19237,12853,2,Yes,11,3,4,1,29,2,2,8,1,7,7,0.7777777777777778,0.03333333333333333,0.2222222222222222,0.7777777777777778,0.16666666666666666,0.125,3.846630673865227,2.6666666666666665,3.0,5.9,0.4138888888888889,3.6,2.8,0.5706896551724139,4.125,46.666666666666664,41.38888888888889,3.3333333333333335,45.38461538461539,77.77777777777779,31.555555555555557,Low Risk,0,Fast-Track Performers,2.4664591559010423,0.44506821266887164
37,0,Travel_Rarely,124,Research & Development,3,3,Other,4,Female,35,3,2,Healthcare Representative,2,Single,4107,13848,3,No,15,3,1,0,8,3,2,4,3,0,1,0.0,0.3333333333333333,0.6,0.2,0.2222222222222222,1.0,2.052473763118441,2.3333333333333335,2.5,7.800000000000001,0.25,1.9,2.25,0.1810344827586207,45.0,0.0,25.0,33.33333333333333,60.00000000000001,20.0,20.0,Low Risk,4,Career Explorers,-1.6322315165475338,-1.4308131445833547
40,0,Travel_Rarely,300,Sales,26,3,Marketing,3,Male,74,3,2,Sales Executive,1,Married,8396,22217,1,No,14,3,2,1,8,3,2,7,7,7,5,0.875,0.7777777777777778,0.375,0.625,0.2222222222222222,0.125,4.195902048975512,2.0,2.5,7.4,0.7006944444444445,2.1,1.9500000000000002,0.4189655172413793,5.25,46.666666666666664,70.06944444444446,77.77777777777779,56.92307692307692,62.5,65.36111111111111,Medium Risk,0,Fast-Track Performers,4.287591523924769,-2.0819777558387793
26,0,Travel_Frequently,921,Research & Development,1,1,Medical,1,Female,66,2,1,Research Scientist,3,Divorced,2007,25265,1,No,13,3,3,2,5,5,3,5,3,1,3,0.16666666666666666,0.5,0.8333333333333334,0.5,0.16666666666666666,0.5,2.004995004995005,2.6666666666666665,2.0,7.6,0.31666666666666665,1.5,2.5,0.3103448275862069,19.5,6.666666666666667,31.666666666666664,50.0,58.46153846153845,50.0,29.666666666666664,Low Risk,4,Career Explorers,0.5383315025529157,-0.3419704892856533
46,0,Travel_Rarely,430,Research & Development,1,4,Medical,4,Male,40,3,5,Research Director,4,Divorced,19627,21445,9,No,17,3,4,2,23,0,3,2,2,2,2,0.6666666666666666,0.08333333333333333,0.0,0.6666666666666666,0.20833333333333334,0.3333333333333333,3.924615076984603,3.3333333333333335,4.0,7.700000000000001,0.3208333333333333,3.8,3.8000000000000003,0.16034482758620688,17.0,13.333333333333334,32.08333333333333,8.333333333333332,59.23076923076924,66.66666666666666,19.333333333333332,Low Risk,0,Fast-Track Performers,1.114371029940658,2.359893934215336
54,0,Travel_Rarely,1082,Sales,2,4,Life Sciences,3,Female,41,2,3,Sales Executive,3,Married,10686,8392,6,No,11,3,2,1,13,4,3,9,4,7,0,0.7,0.2857142857142857,0.4,0.0,0.21428571428571427,0.125,3.5608130623125627,2.6666666666666665,2.5,6.5,0.44976190476190475,2.3000000000000003,2.75,0.1706896551724138,4.125,46.666666666666664,44.976190476190474,28.57142857142857,50.0,0.0,40.561904761904756,Medium Risk,0,Fast-Track Performers,1.9152161698275223,0.14268159917592071
56,0,Travel_Frequently,1240,Research & Development,9,3,Medical,1,Female,63,3,1,Research Scientist,3,Married,2942,12154,2,No,19,3,2,1,18,4,3,5,4,0,3,0.0,0.21052631578947367,0.6666666666666666,0.5,0.05263157894736842,1.0,2.9390609390609392,3.0,1.5,9.700000000000001,0.15263157894736842,1.5999999999999999,2.25,0.3931034482758621,57.0,0.0,15.263157894736842,21.052631578947366,74.61538461538463,50.0,12.421052631578947,Low Risk,1,Promotion-Stalled,-2.0242120575638625,-0.5829796688598216
36,0,Travel_Rarely,796,Research & Development,12,5,Medical,4,Female,51,2,3,Manufacturing Director,4,Single,8858,15669,0,No,11,3,2,0,15,2,2,14,8,7,8,0.4666666666666667,0.5,0.13333333333333333,0.5333333333333333,0.1875,0.125,2.951682772409197,2.6666666666666665,3.0,5.9,0.4216666666666667,2.1,3.1,0.27413793103448275,4.125,46.666666666666664,42.16666666666667,50.0,45.38461538461539,53.333333333333336,45.86666666666667,Medium Risk,0,Fast-Track Performers,2.252493519927112,0.6788130879529441
55,0,Non-Travel,444,Research & Development,2,1,Medical,3,Male,40,2,4,Manager,1,Single,16756,17323,7,No,15,3,2,0,31,3,4,9,7,6,2,0.6,0.21875,0.3,0.2,0.125,0.14285714285714285,4.187953011747063,2.3333333333333335,2.5,7.800000000000001,0.4313541666666666,2.6,2.35,0.020689655172413793,6.428571428571429,40.0,43.13541666666666,21.875,60.00000000000001,20.0,35.81666666666666,Medium Risk,0,Fast-Track Performers,1.8438254484807206,-1.0098812797234928
43,0,Travel_Rarely,415,Sales,25,3,Medical,3,Male,79,2,3,Sales Executive,4,Divorced,10798,5268,5,No,13,3,3,1,18,5,3,1,0,0,0,0.0,0.0,2.5,0.0,0.15789473684210525,1.0,3.5981339553482172,3.0,3.0,7.6,0.1,2.3000000000000003,3.3000000000000003,0.4086206896551724,39.0,0.0,10.0,0.0,58.46153846153845,0.0,4.0,Low Risk,2,High-Risk Stagnation,-2.6627283819036935,1.1214316588875768
20,1,Travel_Frequently,769,Sales,9,3,Marketing,4,Female,54,3,1,Sales Representative,4,Single,2323,17205,1,Yes,14,3,2,0,2,3,3,2,2,0,2,0.0,0.6666666666666666,1.0,0.6666666666666666,0.3333333333333333,1.0,2.3206793206793206,3.3333333333333335,3.0,7.4,0.2333333333333333,1.4,3.3000000000000003,0.793103448275862,42.0,0.0,23.333333333333332,66.66666666666666,56.92307692307692,66.66666666666666,29.33333333333333,Low Risk,3,Stable Contributors,-1.0949314697124288,1.603336265001547
21,1,Travel_Rarely,1334,Research & Development,10,3,Life Sciences,3,Female,36,2,1,Laboratory Technician,1,Single,1416,17258,1,No,13,3,1,0,1,6,2,1,0,1,0,0.5,0.0,3.0,0.0,0.5,0.5,1.4145854145854146,1.6666666666666667,2.0,7.9,0.4083333333333333,1.1,1.7000000000000002,0.253448275862069,19.5,6.666666666666667,40.833333333333336,0.0,60.769230769230774,0.0,18.333333333333336,Low Risk,4,Career Explorers,0.04761731634631411,-2.795294694163133
46,0,Travel_Rarely,1003,Research & Development,8,4,Life Sciences,4,Female,74,2,2,Research Scientist,1,Divorced,4615,21029,8,Yes,23,4,1,3,19,2,3,16,13,1,7,0.058823529411764705,0.65,0.11764705882352941,0.4117647058823529,0.1,0.5,2.3063468265867066,2.0,2.5,11.0,0.3830882352941177,2.2,2.1500000000000004,0.6327586206896552,46.0,6.666666666666667,38.30882352941177,65.0,84.61538461538461,41.17647058823529,36.82352941176471,Medium Risk,4,Career Explorers,0.14860712699446266,-2.224448667565683
51,1,Travel_Rarely,1323,Research & Development,4,4,Life Sciences,1,Male,34,3,1,Research Scientist,3,Married,2461,10332,9,Yes,12,3,3,3,18,2,4,10,0,2,7,0.18181818181818182,0.0,0.18181818181818182,0.6363636363636364,0.05263157894736842,0.3333333333333333,2.4585414585414584,3.3333333333333335,2.0,6.300000000000001,0.13030303030303028,2.0,2.7,0.5913793103448276,12.0,13.333333333333334,13.030303030303028,0.0,48.46153846153847,63.63636363636363,9.212121212121211,Low Risk,3,Stable Contributors,-0.0445406836743388,1.340042931222977
28,1,Non-Travel,1366,Research & Development,24,2,Technical Degree,2,Male,72,2,3,Healthcare Representative,1,Single,8722,12355,1,No,12,3,1,0,10,2,2,10,7,1,9,0.09090909090909091,0.6363636363636364,0.18181818181818182,0.8181818181818182,0.2727272727272727,0.5,2.9063645451516162,1.6666666666666667,1.5,6.300000000000001,0.4242424242424242,2.1,1.4500000000000002,0.2482758620689655,18.0,6.666666666666667,42.42424242424242,63.63636363636363,48.46153846153847,81.81818181818183,38.06060606060606,Medium Risk,4,Career Explorers,1.3947369889546177,-3.0869964474238176
26,0,Travel_Rarely,192,Research & Development,1,2,Medical,1,Male,59,2,1,Laboratory Technician,1,Married,3955,11141,1,No,16,3,1,2,6,2,3,5,3,1,3,0.16666666666666666,0.42857142857142855,0.3333333333333333,0.5,0.14285714285714285,0.5,3.9510489510489513,2.0,1.0,7.9,0.3654761904761905,1.5,1.4000000000000001,0.16034482758620688,24.0,6.666666666666667,36.54761904761905,42.857142857142854,60.769230769230774,50.0,29.476190476190474,Low Risk,4,Career Explorers,0.6896686679778498,-2.841801660028839
30,0,Travel_Rarely,1176,Research & Development,20,3,Other,3,Male,85,3,2,Manufacturing Director,1,Married,9957,9096,0,No,15,3,3,1,7,1,2,6,2,0,2,0.0,0.25,0.14285714285714285,0.2857142857142857,0.25,1.0,4.976011994002999,2.0,3.0,7.199999999999999,0.2625,2.1,2.2,0.3568965517241379,45.0,0.0,26.25,25.0,55.38461538461538,28.57142857142857,18.0,Low Risk,4,Career Explorers,-1.5674809052765895,-1.8717888059487777
41,0,Travel_Rarely,509,Research & Development,7,2,Technical Degree,2,Female,43,4,1,Research Scientist,3,Married,3376,18863,1,No,13,3,3,0,10,3,3,10,6,0,8,0.0,0.5454545454545454,0.2727272727272727,0.7272727272727273,0.09090909090909091,1.0,3.3726273726273726,3.3333333333333335,2.5,7.0,0.203030303030303,1.7,2.75,0.22241379310344828,39.0,0.0,20.3030303030303,54.54545454545454,53.84615384615385,72.72727272727273,24.48484848484848,Low Risk,3,Stable Contributors,-0.8471912252529646,0.7780296706915621
38,0,Travel_Rarely,330,Research & Development,17,1,Life Sciences,3,Female,65,2,3,Healthcare Representative,3,Married,8823,24608,0,No,18,3,1,1,20,4,2,19,9,1,9,0.05,0.42857142857142855,0.2,0.45,0.14285714285714285,0.5,2.9400199933355546,2.3333333333333335,2.0,9.3,0.2913095238095238,2.3000000000000003,2.3,0.3258620689655172,27.0,6.666666666666667,29.13095238095238,42.857142857142854,71.53846153846153,45.0,26.509523809523806,Low Risk,4,Career Explorers,-0.033047293675252616,-1.2478427176143547
40,0,Travel_Rarely,1492,Research & Development,20,4,Technical Degree,1,Male,61,3,3,Healthcare Representative,4,Married,10322,26542,4,No,20,4,4,1,14,6,3,11,10,11,1,0.9166666666666666,0.6666666666666666,0.5,0.08333333333333333,0.2,0.08333333333333333,3.4395201599466843,3.3333333333333335,2.5,11.0,0.5541666666666666,2.6,3.0500000000000003,0.3568965517241379,6.666666666666667,73.33333333333333,55.41666666666666,66.66666666666666,84.61538461538461,8.333333333333332,64.16666666666666,Medium Risk,0,Fast-Track Performers,2.835077278973166,1.0443682844560656
27,0,Non-Travel,1277,Research & Development,8,5,Life Sciences,1,Male,87,1,1,Laboratory Technician,3,Married,4621,5869,1,No,19,3,4,3,3,4,3,3,2,1,2,0.25,0.5,1.0,0.5,0.25,0.5,4.616383616383616,2.3333333333333335,2.5,9.700000000000001,0.37916666666666665,1.4000000000000001,2.75,0.08275862068965517,28.5,6.666666666666667,37.916666666666664,50.0,74.61538461538463,50.0,32.166666666666664,Low Risk,4,Career Explorers,0.5242350617205449,-0.8285725422370084
55,0,Travel_Frequently,1091,Research & Development,2,1,Life Sciences,4,Male,65,3,3,Manufacturing Director,2,Married,10976,15813,3,No,18,3,2,1,23,4,3,3,2,1,2,0.25,0.08333333333333333,1.0,0.5,0.125,0.5,3.6574475174941687,2.6666666666666665,3.0,9.3,0.2416666666666667,2.6,2.7,0.32068965517241377,27.0,6.666666666666667,24.16666666666667,8.333333333333332,71.53846153846153,50.0,14.16666666666667,Low Risk,3,Stable Contributors,-0.2673609989805574,-0.1780269044667077
28,0,Travel_Rarely,857,Research & Development,10,3,Other,3,Female,59,3,2,Research Scientist,3,Single,3660,7909,3,No,13,3,4,0,10,4,4,8,7,1,7,0.1111111111111111,0.6363636363636364,0.4444444444444444,0.7777777777777778,0.18181818181818182,0.5,1.8290854572713644,3.3333333333333335,3.5,7.300000000000001,0.26464646464646463,1.9,3.45,0.253448275862069,19.5,6.666666666666667,26.464646464646464,63.63636363636363,56.15384615384615,77.77777777777779,31.676767676767675,Low Risk,3,Stable Contributors,0.5674289309671965,1.8872780012146162
44,1,Travel_Rarely,1376,Human Resources,1,2,Medical,2,Male,91,2,3,Human Resources,1,Married,10482,2326,9,No,14,3,4,1,24,1,3,20,6,3,6,0.14285714285714285,0.24,0.047619047619047616,0.2857142857142857,0.12,0.25,3.492835721426191,2.0,3.0,6.800000000000001,0.31,2.3000000000000003,2.4000000000000004,0.16034482758620688,10.5,20.0,31.0,24.0,52.307692307692314,28.57142857142857,25.599999999999998,Low Risk,4,Career Explorers,0.6575054266798276,-1.2739857019243164
33,0,Travel_Rarely,654,Research & Development,5,3,Life Sciences,4,Male,34,2,3,Healthcare Representative,4,Divorced,7119,21214,4,No,15,3,3,1,9,2,3,3,2,1,2,0.25,0.2,0.5,0.5,0.3,0.5,2.372209263578807,3.0,3.5,7.5,0.23750000000000002,2.3000000000000003,3.5500000000000003,0.20172413793103447,22.5,6.666666666666667,23.75,20.0,57.692307692307686,50.0,17.5,Low Risk,3,Stable Contributors,-0.26493525667781553,1.5718018740955428
35,1,Travel_Rarely,1204,Sales,4,3,Technical Degree,4,Male,86,3,3,Sales Executive,1,Single,9582,10333,0,Yes,22,4,1,0,9,2,3,8,7,4,7,0.4444444444444444,0.7,0.2222222222222222,0.7777777777777778,0.3,0.2,3.192935688103965,2.3333333333333335,2.5,10.6,0.4972222222222221,2.4,2.1500000000000004,0.5913793103448276,17.6,26.666666666666668,49.722222222222214,70.0,81.53846153846153,77.77777777777779,48.888888888888886,Medium Risk,0,Fast-Track Performers,2.267103577241038,-1.4620710312581493
33,1,Travel_Frequently,827,Research & Development,29,4,Medical,1,Female,54,2,2,Research Scientist,3,Single,4508,3129,1,No,22,4,2,0,14,4,3,13,7,3,8,0.21428571428571427,0.4666666666666667,0.2857142857142857,0.5714285714285714,0.13333333333333333,0.25,2.2528735632183907,2.6666666666666665,1.5,11.2,0.325,1.6,2.25,0.6,22.0,20.0,32.5,46.666666666666664,86.15384615384615,57.14285714285714,33.0,Low Risk,4,Career Explorers,0.8052578790175932,-0.8341603047906127
28,0,Travel_Rarely,895,Research & Development,15,2,Life Sciences,1,Male,50,3,1,Laboratory Technician,3,Divorced,2207,22482,1,No,16,3,4,1,4,5,2,4,2,2,2,0.4,0.4,1.0,0.4,0.2,0.3333333333333333,2.2047952047952046,2.6666666666666665,2.5,8.8,0.37333333333333335,1.5999999999999999,2.55,0.30517241379310345,16.0,13.333333333333334,37.333333333333336,40.0,67.6923076923077,40.0,30.933333333333337,Low Risk,0,Fast-Track Performers,1.0779053375502925,-0.3370365642082416
34,0,Travel_Frequently,618,Research & Development,3,1,Life Sciences,1,Male,45,3,2,Healthcare Representative,4,Single,7756,22266,0,No,17,3,3,0,7,1,2,6,2,0,4,0.0,0.25,0.14285714285714285,0.5714285714285714,0.25,1.0,3.8760619690154923,3.0,2.0,8.0,0.1625,1.9,2.6,0.3310344827586207,51.0,0.0,16.25,25.0,61.53846153846154,57.14285714285714,14.0,Low Risk,3,Stable Contributors,-1.9339753889243787,0.07208961472358463
37,0,Travel_Rarely,309,Sales,10,4,Life Sciences,4,Female,88,2,2,Sales Executive,4,Divorced,6694,24223,2,Yes,14,3,3,3,8,5,3,1,0,0,0,0.0,0.0,2.5,0.0,0.2222222222222222,1.0,3.345327336331834,3.0,3.5,8.0,0.1,2.2,3.5500000000000003,0.653448275862069,42.0,0.0,10.0,0.0,61.53846153846154,0.0,4.0,Low Risk,2,High-Risk Stagnation,-2.845058831457859,1.4693390652871299
25,1,Travel_Rarely,1219,Research & Development,4,1,Technical Degree,4,Male,32,3,1,Laboratory Technician,4,Married,3691,4605,1,Yes,15,3,2,1,7,3,4,7,7,5,6,0.625,0.875,0.375,0.75,0.125,0.16666666666666666,3.687312687312687,3.6666666666666665,3.0,7.800000000000001,0.4708333333333333,1.5999999999999999,3.5,0.5913793103448276,7.5,33.33333333333333,47.083333333333336,87.5,60.00000000000001,75.0,55.083333333333336,Medium Risk,0,Fast-Track Performers,3.040431016385995,2.448056670629044
26,1,Travel_Rarely,1330,Research & Development,21,3,Medical,1,Male,37,3,1,Laboratory Technician,3,Divorced,2377,19373,1,No,20,4,3,1,1,0,2,1,1,0,0,0.0,0.5,0.0,0.0,0.5,1.0,2.3746253746253747,2.6666666666666665,2.0,9.2,0.25833333333333336,1.5999999999999999,2.3,0.36724137931034484,80.0,0.0,25.833333333333336,50.0,70.76923076923076,0.0,25.333333333333336,Low Risk,2,High-Risk Stagnation,-2.7712882219681507,-1.1449335933490217
33,1,Travel_Rarely,1017,Research & Development,25,3,Medical,1,Male,55,2,1,Research Scientist,2,Single,2313,2993,4,Yes,20,4,2,0,5,0,3,2,2,2,2,0.6666666666666666,0.3333333333333333,0.0,0.6666666666666666,0.16666666666666666,0.3333333333333333,2.3106893106893107,2.3333333333333335,1.5,9.2,0.4833333333333333,1.1,1.9500000000000002,0.8086206896551724,26.666666666666668,13.333333333333334,48.33333333333333,33.33333333333333,70.76923076923076,66.66666666666666,33.33333333333333,Medium Risk,0,Fast-Track Performers,1.9491614800122954,-1.6315027093334373
42,0,Travel_Rarely,469,Research & Development,2,2,Medical,4,Male,35,3,4,Manager,1,Married,17665,14399,0,No,17,3,4,1,23,3,3,22,6,13,7,0.5652173913043478,0.25,0.13043478260869565,0.30434782608695654,0.16666666666666666,0.07142857142857142,4.415146213446638,2.3333333333333335,4.0,8.600000000000001,0.42699275362318834,3.1,2.9,0.1706896551724138,3.642857142857143,86.66666666666667,42.699275362318836,25.0,66.15384615384616,30.434782608695656,50.57971014492753,Medium Risk,0,Fast-Track Performers,1.9281371392851798,-0.28138863275463893
28,1,Travel_Frequently,1009,Research & Development,1,3,Medical,1,Male,45,2,1,Laboratory Technician,2,Divorced,2596,7160,1,No,15,3,1,2,1,2,3,1,0,0,0,0.0,0.0,1.0,0.0,0.5,1.0,2.5934065934065935,2.3333333333333335,1.0,7.5,0.16666666666666666,1.5,1.7000000000000002,0.3103448275862069,45.0,0.0,16.666666666666664,0.0,57.692307692307686,0.0,6.666666666666666,Low Risk,2,High-Risk Stagnation,-2.8189666791278203,-1.8951813959151176
50,1,Travel_Frequently,959,Sales,1,4,Other,4,Male,81,3,2,Sales Executive,3,Single,4728,17251,3,Yes,14,3,4,0,5,4,3,0,0,0,0,0.0,0.0,4.0,0.0,0.3333333333333333,1.0,2.3628185907046477,3.0,4.0,7.700000000000001,0.1,1.9,3.5,0.7103448275862069,42.0,0.0,10.0,0.0,59.23076923076924,0.0,4.0,Low Risk,2,High-Risk Stagnation,-2.970106016009917,1.477209203517201
33,0,Travel_Frequently,970,Sales,7,3,Life Sciences,4,Female,30,3,2,Sales Executive,2,Married,4302,13401,0,No,17,3,3,1,4,3,3,3,2,0,2,0.0,0.4,0.75,0.5,0.4,1.0,2.1499250374812595,2.6666666666666665,3.5,8.600000000000001,0.23333333333333336,2.1,2.95,0.37241379310344824,51.0,0.0,23.333333333333336,40.0,66.15384615384616,50.0,21.333333333333336,Low Risk,1,Promotion-Stalled,-1.789528956618894,-0.04086382600371128
34,0,Non-Travel,697,Research & Development,3,4,Life Sciences,3,Male,40,2,1,Research Scientist,4,Married,2979,22478,3,No,17,3,4,3,6,2,3,0,0,0,0,0.0,0.0,2.0,0.0,0.14285714285714285,1.0,2.976023976023976,3.0,3.5,8.3,0.1,1.7000000000000002,3.5500000000000003,0.03103448275862069,51.0,0.0,10.0,0.0,63.846153846153854,0.0,4.0,Low Risk,2,High-Risk Stagnation,-2.921390242255399,1.194202623422811
48,0,Non-Travel,1262,Research & Development,1,4,Medical,1,Male,35,4,4,Manager,4,Single,16885,16154,2,No,22,4,3,0,27,3,2,5,4,2,1,0.3333333333333333,0.14285714285714285,0.5,0.16666666666666666,0.14285714285714285,0.3333333333333333,4.220194951262185,3.3333333333333335,2.0,10.9,0.21904761904761902,3.2,2.6,0.010344827586206896,29.333333333333332,13.333333333333334,21.9047619047619,14.285714285714285,83.84615384615385,16.666666666666664,17.047619047619047,Low Risk,3,Stable Contributors,-0.4701481547945424,0.48041540875623445
45,0,Non-Travel,1050,Sales,9,4,Life Sciences,2,Female,65,2,2,Sales Executive,3,Married,5593,17970,1,No,13,3,4,1,15,2,3,15,10,4,12,0.25,0.625,0.125,0.75,0.125,0.2,2.795102448775612,2.6666666666666665,3.0,6.699999999999999,0.3770833333333333,1.8,3.0,0.09310344827586207,7.8,26.666666666666668,37.708333333333336,62.5,51.53846153846153,75.0,41.833333333333336,Medium Risk,0,Fast-Track Performers,1.97638288801282,0.4064621524117625
52,0,Travel_Rarely,994,Research & Development,7,4,Life Sciences,2,Male,87,3,3,Healthcare Representative,2,Single,10445,15322,7,No,19,3,4,0,18,4,3,8,6,4,0,0.4444444444444444,0.3157894736842105,0.4444444444444444,0.0,0.15789473684210525,0.2,3.4805064978340554,2.6666666666666665,3.0,9.700000000000001,0.3678362573099415,2.4,2.7,0.22241379310344828,11.4,26.666666666666668,36.78362573099415,31.57894736842105,74.61538461538463,0.0,32.187134502923975,Low Risk,0,Fast-Track Performers,0.9058871054332497,-0.19213583205082713
38,0,Travel_Rarely,770,Sales,10,4,Marketing,3,Male,73,2,3,Sales Executive,3,Divorced,8740,5569,0,Yes,14,3,2,2,9,2,3,8,7,2,7,0.2222222222222222,0.7,0.2222222222222222,0.7777777777777778,0.3,0.3333333333333333,2.912362545818061,2.6666666666666665,2.5,7.1,0.3861111111111111,2.5,2.75,0.653448275862069,14.0,13.333333333333334,38.611111111111114,70.0,54.61538461538461,77.77777777777779,40.44444444444444,Medium Risk,0,Fast-Track Performers,1.5342124674172208,0.16304318959947559
29,0,Travel_Rarely,1107,Research & Development,28,4,Life Sciences,3,Female,93,3,1,Research Scientist,4,Divorced,2514,26968,4,No,22,4,1,1,11,1,3,7,5,1,7,0.125,0.4166666666666667,0.125,0.875,0.08333333333333333,0.5,2.5114885114885115,3.3333333333333335,2.0,10.3,0.21458333333333332,1.5999999999999999,2.8000000000000003,0.43965517241379315,44.0,6.666666666666667,21.458333333333332,41.66666666666667,79.23076923076924,87.5,23.083333333333336,Low Risk,3,Stable Contributors,-0.23271590028281955,0.7408558726224548
28,0,Travel_Rarely,950,Research & Development,3,3,Medical,4,Female,93,3,3,Manufacturing Director,2,Divorced,7655,8039,0,No,17,3,2,3,10,3,2,9,7,1,7,0.1,0.6363636363636364,0.3,0.7,0.2727272727272727,0.5,2.550816394535155,2.3333333333333335,3.0,8.600000000000001,0.3607575757575757,3.0,2.5,0.1810344827586207,25.5,6.666666666666667,36.07575757575757,63.63636363636363,66.15384615384616,70.0,35.521212121212116,Medium Risk,4,Career Explorers,0.6694651290259508,-0.9951584935379469
46,0,Travel_Rarely,406,Sales,3,1,Marketing,1,Male,52,3,4,Manager,3,Married,17465,15596,3,No,12,3,4,1,23,3,3,12,9,4,9,0.3076923076923077,0.375,0.23076923076923078,0.6923076923076923,0.16666666666666666,0.2,4.36515871032242,3.0,2.5,6.600000000000001,0.30144230769230773,3.1,2.75,0.1810344827586207,7.2,26.666666666666668,30.144230769230774,37.5,50.76923076923078,69.23076923076923,31.30769230769231,Low Risk,0,Fast-Track Performers,1.397147059189313,0.7086965125236245
38,0,Travel_Rarely,130,Sales,2,2,Marketing,4,Male,32,3,3,Sales Executive,2,Single,7351,20619,7,No,16,3,3,0,10,2,3,1,0,0,0,0.0,0.0,1.0,0.0,0.2727272727272727,1.0,2.449516827724092,2.6666666666666665,3.5,7.9,0.13333333333333336,2.4,2.95,0.1706896551724138,48.0,0.0,13.333333333333336,0.0,60.769230769230774,0.0,5.333333333333335,Low Risk,2,High-Risk Stagnation,-2.8246822429394305,0.048259709450986066
43,0,Travel_Frequently,1082,Research & Development,27,3,Life Sciences,3,Female,83,3,3,Manufacturing Director,1,Married,10820,11535,8,No,11,3,3,1,18,1,3,8,7,0,1,0.0,0.3684210526315789,0.1111111111111111,0.1111111111111111,0.15789473684210525,1.0,3.6054648450516495,2.3333333333333335,3.0,5.6,0.2587719298245614,2.6,2.4000000000000004,0.5793103448275863,33.0,0.0,25.877192982456137,36.84210526315789,43.07692307692307,11.11111111111111,21.403508771929822,Low Risk,4,Career Explorers,-1.2266915410863721,-0.9066820012592781
39,1,Travel_Frequently,203,Research & Development,2,3,Life Sciences,1,Male,84,3,4,Healthcare Representative,4,Divorced,12169,13547,7,No,11,3,4,3,21,4,3,18,7,11,5,0.5789473684210527,0.3181818181818182,0.21052631578947367,0.2631578947368421,0.18181818181818182,0.08333333333333333,3.041489627593102,3.3333333333333335,2.5,6.5,0.3488437001594896,3.5,3.0500000000000003,0.32068965517241377,2.75,73.33333333333333,34.88437001594896,31.818181818181817,50.0,26.31578947368421,45.49920255183413,Medium Risk,0,Fast-Track Performers,1.6876562627307843,1.6344025791696921
40,0,Travel_Rarely,1308,Research & Development,14,3,Medical,3,Male,44,2,5,Research Director,3,Single,19626,17544,1,No,14,3,1,0,21,2,4,20,7,4,9,0.19047619047619047,0.3181818181818182,0.09523809523809523,0.42857142857142855,0.22727272727272727,0.2,3.9244151169766046,3.0,2.0,7.1,0.2462121212121212,3.1,2.7,0.29482758620689653,8.4,26.666666666666668,24.621212121212118,31.818181818181817,54.61538461538461,42.857142857142854,27.39393939393939,Low Risk,3,Stable Contributors,0.5610698176314413,0.6811858383406016
21,0,Travel_Rarely,984,Research & Development,1,1,Technical Degree,4,Female,70,2,1,Research Scientist,2,Single,2070,25326,1,Yes,11,3,3,0,2,6,4,2,2,2,2,0.6666666666666666,0.6666666666666666,2.0,0.6666666666666666,0.3333333333333333,0.3333333333333333,2.067932067932068,2.6666666666666665,3.5,7.1,0.5333333333333333,1.1,3.1500000000000004,0.560344827586207,11.0,13.333333333333334,53.333333333333336,66.66666666666666,54.61538461538461,66.66666666666666,45.33333333333333,Medium Risk,0,Fast-Track Performers,2.6224199586383055,0.5589072499292672
39,0,Non-Travel,439,Research & Development,9,3,Life Sciences,3,Male,70,3,2,Laboratory Technician,2,Single,6782,8770,9,No,15,3,3,0,9,2,2,5,4,0,3,0.0,0.4,0.3333333333333333,0.5,0.2,1.0,3.389305347326337,2.3333333333333335,3.0,7.5,0.26666666666666666,1.9,2.5,0.09310344827586207,45.0,0.0,26.666666666666668,40.0,57.692307692307686,50.0,22.666666666666668,Low Risk,4,Career Explorers,-1.1698411178518127,-1.1249338974639338
36,0,Non-Travel,217,Research & Development,18,4,Life Sciences,1,Male,78,3,2,Manufacturing Director,4,Single,7779,23238,2,No,20,4,1,0,18,0,3,11,9,0,9,0.0,0.47368421052631576,0.0,0.75,0.10526315789473684,1.0,3.8875562218890556,3.3333333333333335,1.0,9.2,0.18508771929824558,1.9,2.3,0.18620689655172415,80.0,0.0,18.508771929824558,47.368421052631575,70.76923076923076,75.0,21.614035087719294,Low Risk,1,Promotion-Stalled,-1.8896836566203206,-0.23725331595677837
31,0,Travel_Frequently,793,Sales,20,3,Life Sciences,3,Male,67,4,1,Sales Representative,4,Married,2791,21981,0,No,12,3,1,1,3,4,3,2,2,2,2,0.6666666666666666,0.5,1.3333333333333333,0.6666666666666666,0.25,0.3333333333333333,2.7882117882117883,3.6666666666666665,2.0,6.9,0.3916666666666666,1.9,2.8000000000000003,0.506896551724138,12.0,13.333333333333334,39.16666666666666,50.0,53.07692307692308,66.66666666666666,34.666666666666664,Medium Risk,0,Fast-Track Performers,1.938312268294783,1.6734219944906779
28,0,Travel_Rarely,1451,Research & Development,2,1,Life Sciences,1,Male,67,2,1,Research Scientist,2,Married,3201,19911,0,No,17,3,1,0,6,2,1,5,3,0,4,0.0,0.42857142857142855,0.3333333333333333,0.6666666666666666,0.14285714285714285,1.0,3.197802197802198,1.6666666666666667,1.0,8.3,0.34047619047619043,1.1,1.3,0.1706896551724138,51.0,0.0,34.047619047619044,42.857142857142854,63.846153846153854,66.66666666666666,26.476190476190474,Low Risk,4,Career Explorers,-0.6667605835116738,-3.7750219810337002
35,0,Travel_Frequently,1182,Sales,11,2,Marketing,4,Male,54,3,2,Sales Executive,4,Divorced,4968,18500,1,No,11,3,4,1,5,3,3,5,2,0,2,0.0,0.3333333333333333,0.5,0.3333333333333333,0.3333333333333333,1.0,2.4827586206896552,3.3333333333333335,4.0,6.200000000000001,0.14999999999999997,2.1,3.8000000000000003,0.41379310344827586,33.0,0.0,14.999999999999996,33.33333333333333,47.6923076923077,33.33333333333333,15.999999999999996,Low Risk,3,Stable Contributors,-1.8723106468098394,2.3858860585383135
49,0,Travel_Rarely,174,Sales,8,4,Technical Degree,4,Male,56,2,4,Sales Executive,2,Married,13120,11879,6,No,17,3,2,1,22,3,3,9,8,2,3,0.2,0.34782608695652173,0.3,0.3,0.17391304347826086,0.3333333333333333,3.2791802049487626,2.3333333333333335,3.0,8.600000000000001,0.32362318840579707,2.8000000000000003,2.7,0.23275862068965517,17.0,13.333333333333334,32.362318840579704,34.78260869565217,66.15384615384616,30.0,27.37971014492753,Low Risk,4,Career Explorers,0.4772983045398339,-0.6089475557067192
34,0,Travel_Frequently,1003,Research & Development,2,2,Life Sciences,4,Male,95,3,2,Manufacturing Director,3,Single,4033,15834,2,No,11,3,4,0,5,3,2,3,2,0,2,0.0,0.3333333333333333,0.75,0.5,0.3333333333333333,1.0,2.0154922538730635,2.6666666666666665,4.0,6.200000000000001,0.21666666666666667,1.9,3.3,0.32068965517241377,33.0,0.0,21.666666666666668,33.33333333333333,47.6923076923077,50.0,18.666666666666664,Low Risk,3,Stable Contributors,-1.371821052931286,0.711135049036998
29,0,Travel_Frequently,490,Research & Development,10,3,Life Sciences,4,Female,61,3,1,Research Scientist,2,Divorced,3291,17940,0,No,14,3,4,2,8,2,2,7,5,1,1,0.125,0.5555555555555556,0.25,0.125,0.1111111111111111,0.5,3.2877122877122877,2.3333333333333335,4.0,7.1,0.34930555555555554,1.7999999999999998,3.0,0.40344827586206894,21.0,6.666666666666667,34.93055555555556,55.55555555555556,54.61538461538461,12.5,32.63888888888889,Low Risk,4,Career Explorers,0.361296646139923,-0.20443490201005965
42,0,Travel_Rarely,188,Research & Development,29,3,Medical,2,Male,56,1,2,Laboratory Technician,4,Single,4272,9558,4,No,19,3,1,0,16,3,3,1,0,0,0,0.0,0.0,1.5,0.0,0.11764705882352941,1.0,2.1349325337331333,2.6666666666666665,1.5,9.4,0.13333333333333336,1.3,2.55,0.44999999999999996,57.0,0.0,13.333333333333336,0.0,72.3076923076923,0.0,5.333333333333335,Low Risk,1,Promotion-Stalled,-2.8697844759694737,-0.6137798503168554
29,0,Travel_Rarely,718,Research & Development,8,1,Medical,2,Male,79,2,2,Manufacturing Director,4,Married,5056,17689,1,Yes,15,3,3,1,10,2,2,10,7,1,2,0.09090909090909091,0.6363636363636364,0.18181818181818182,0.18181818181818182,0.18181818181818182,0.5,2.526736631684158,2.6666666666666665,2.5,7.5,0.3242424242424243,1.8,2.85,0.6327586206896552,22.5,6.666666666666667,32.42424242424243,63.63636363636363,57.692307692307686,18.181818181818183,34.06060606060606,Medium Risk,3,Stable Contributors,0.18936416075132273,0.14189092511293633
38,0,Travel_Rarely,433,Human Resources,1,3,Human Resources,3,Male,37,4,1,Human Resources,3,Married,2844,6004,1,No,13,3,4,1,7,2,4,7,6,5,0,0.625,0.75,0.25,0.0,0.125,0.16666666666666666,2.8411588411588413,3.6666666666666665,3.5,6.699999999999999,0.4395833333333333,1.9,3.45,0.16034482758620688,6.5,33.33333333333333,43.958333333333336,75.0,51.53846153846153,0.0,50.083333333333336,Medium Risk,0,Fast-Track Performers,2.1464784658829252,2.3681366929502023
28,0,Travel_Frequently,773,Research & Development,6,3,Life Sciences,3,Male,39,2,1,Research Scientist,3,Divorced,2703,22088,1,Yes,14,3,4,1,3,2,3,3,1,0,2,0.0,0.25,0.5,0.5,0.25,1.0,2.7002997002997002,2.6666666666666665,3.5,7.1,0.19583333333333336,1.3,3.25,0.7620689655172413,42.0,0.0,19.583333333333336,25.0,54.61538461538461,50.0,15.333333333333336,Low Risk,3,Stable Contributors,-1.6676694195221338,0.6323965299356852
18,1,Non-Travel,247,Research & Development,8,1,Medical,3,Male,80,3,1,Laboratory Technician,3,Single,1904,13556,1,No,12,3,4,0,0,0,3,0,0,0,0,0.0,0.0,0.0,0.0,1.0,1.0,1.902097902097902,3.0,3.5,5.700000000000001,0.1,1.4,3.25,0.08275862068965517,36.0,0.0,10.0,0.0,43.846153846153854,0.0,4.0,Low Risk,2,High-Risk Stagnation,-3.5713159606393057,1.3875915062337316
33,1,Travel_Rarely,603,Sales,9,4,Marketing,1,Female,77,3,2,Sales Executive,1,Single,8224,18385,0,Yes,17,3,1,0,6,3,3,5,2,0,3,0.0,0.2857142857142857,0.5,0.5,0.2857142857142857,1.0,4.109945027486257,2.3333333333333335,1.0,8.600000000000001,0.23809523809523808,1.9,1.4000000000000001,0.6431034482758621,51.0,0.0,23.809523809523807,28.57142857142857,66.15384615384616,50.0,18.095238095238095,Low Risk,4,Career Explorers,-1.645185297372589,-2.4453265210728956
41,0,Travel_Rarely,167,Research & Development,12,4,Life Sciences,2,Male,46,3,1,Laboratory Technician,4,Married,4766,9051,3,Yes,11,3,1,1,6,4,3,1,0,0,0,0.0,0.0,2.0,0.0,0.14285714285714285,1.0,4.761238761238761,3.3333333333333335,1.5,6.5,0.06666666666666665,1.5999999999999999,2.55,0.6741379310344828,33.0,0.0,6.666666666666665,0.0,50.0,0.0,2.666666666666666,Low Risk,2,High-Risk Stagnation,-2.5869921813923575,0.8778666671513002
31,1,Travel_Frequently,874,Research & Development,15,3,Medical,3,Male,72,3,1,Laboratory Technician,3,Married,2610,6233,1,No,12,3,3,1,2,5,2,2,2,2,2,0.6666666666666666,0.6666666666666666,1.6666666666666667,0.6666666666666666,0.3333333333333333,0.3333333333333333,2.6073926073926073,2.6666666666666665,3.0,7.200000000000001,0.5333333333333333,1.5999999999999999,2.8,0.45517241379310347,12.0,13.333333333333334,53.333333333333336,66.66666666666666,55.38461538461539,66.66666666666666,45.33333333333333,Medium Risk,0,Fast-Track Performers,2.6181962457154797,0.07140034490018124
37,0,Travel_Rarely,367,Research & Development,25,2,Medical,3,Female,52,2,2,Healthcare Representative,4,Divorced,5731,17171,7,No,13,3,3,2,9,2,3,6,2,1,3,0.14285714285714285,0.2,0.2857142857142857,0.42857142857142855,0.2,0.5,2.8640679660169917,3.0,3.0,6.699999999999999,0.2,2.0,3.3000000000000003,0.4086206896551724,19.5,6.666666666666667,20.0,20.0,51.53846153846153,42.857142857142854,16.0,Low Risk,3,Stable Contributors,-0.4008969684982918,1.3924377576530935
27,0,Travel_Rarely,199,Research & Development,6,3,Life Sciences,4,Male,55,2,1,Research Scientist,3,Married,2539,7950,1,No,13,3,3,1,4,0,3,4,2,2,2,0.4,0.4,0.0,0.4,0.2,0.3333333333333333,2.5364635364635366,2.6666666666666665,3.5,6.1,0.37333333333333335,1.3,3.25,0.21206896551724136,13.0,13.333333333333334,37.333333333333336,40.0,46.92307692307692,40.0,30.933333333333337,Low Risk,0,Fast-Track Performers,1.2499209546533834,0.7669857476717844
34,0,Travel_Rarely,1400,Sales,9,1,Life Sciences,2,Female,70,3,2,Sales Executive,3,Married,5714,5829,1,No,20,4,1,0,6,3,2,6,5,1,3,0.14285714285714285,0.7142857142857143,0.42857142857142855,0.42857142857142855,0.2857142857142857,0.5,2.8555722138930535,2.6666666666666665,1.5,10.1,0.36190476190476195,1.9,2.05,0.24310344827586206,40.0,6.666666666666667,36.1904761904762,71.42857142857143,77.6923076923077,42.857142857142854,37.90476190476191,Medium Risk,4,Career Explorers,0.1688768896130901,-1.3067975363407778
35,0,Travel_Rarely,528,Human Resources,8,4,Technical Degree,3,Male,100,3,1,Human Resources,3,Single,4323,7108,1,No,17,3,2,0,6,2,1,5,4,1,4,0.16666666666666666,0.5714285714285714,0.3333333333333333,0.6666666666666666,0.14285714285714285,0.5,4.318681318681318,2.3333333333333335,2.5,8.3,0.3678571428571428,1.4,2.35,0.23275862068965517,25.5,6.666666666666667,36.785714285714285,57.14285714285714,63.846153846153854,66.66666666666666,33.85714285714286,Medium Risk,4,Career Explorers,0.8850312285735974,-1.1842416817457095
29,1,Travel_Rarely,408,Sales,23,1,Life Sciences,4,Female,45,2,3,Sales Executive,1,Married,7336,11162,1,No,13,3,1,1,11,3,1,11,8,3,10,0.25,0.6666666666666666,0.25,0.8333333333333334,0.25,0.25,2.444518493835388,1.3333333333333333,2.5,7.0,0.5208333333333334,2.3000000000000003,1.75,0.3879310344827586,9.75,20.0,52.083333333333336,66.66666666666666,53.84615384615385,83.33333333333334,46.83333333333333,Medium Risk,4,Career Explorers,2.5389403858679143,-3.173304486853289
40,0,Travel_Frequently,593,Research & Development,9,4,Medical,2,Female,88,3,3,Research Director,3,Single,13499,13782,9,No,17,3,3,0,20,3,2,18,7,2,13,0.10526315789473684,0.3333333333333333,0.15789473684210525,0.6842105263157895,0.14285714285714285,0.3333333333333333,4.498167277574142,2.6666666666666665,2.5,8.600000000000001,0.2535087719298246,2.4,2.55,0.3931034482758621,17.0,13.333333333333334,25.35087719298246,33.33333333333333,66.15384615384616,68.42105263157895,24.140350877192983,Low Risk,4,Career Explorers,0.4425625861273605,-0.20406566102398727
42,1,Travel_Frequently,481,Sales,12,3,Life Sciences,3,Male,44,3,4,Sales Executive,1,Single,13758,2447,0,Yes,12,3,2,0,22,2,2,21,9,13,14,0.5909090909090909,0.391304347826087,0.09090909090909091,0.6363636363636364,0.17391304347826086,0.07142857142857142,3.4386403399150214,2.0,2.5,6.300000000000001,0.5046442687747036,2.9,1.9500000000000002,0.8241379310344827,2.5714285714285716,86.66666666666667,50.46442687747036,39.130434782608695,48.46153846153847,63.63636363636363,57.92490118577075,Medium Risk,0,Fast-Track Performers,2.9391494716060995,-1.6645325130104618
42,0,Travel_Rarely,647,Sales,4,4,Marketing,2,Male,45,3,2,Sales Executive,1,Single,5155,2253,7,No,13,3,4,0,9,3,4,6,4,1,5,0.14285714285714285,0.4,0.42857142857142855,0.7142857142857143,0.2,0.5,2.5762118940529737,2.6666666666666665,3.0,7.0,0.2833333333333333,1.9,2.6,0.19137931034482758,19.5,6.666666666666667,28.333333333333332,40.0,53.84615384615385,71.42857142857143,25.333333333333336,Low Risk,4,Career Explorers,0.46438891822471534,-0.13946444874235533
35,0,Travel_Rarely,982,Research & Development,1,4,Medical,4,Male,58,2,1,Laboratory Technician,3,Married,2258,16340,6,No,12,3,2,1,10,2,3,8,0,1,7,0.1111111111111111,0.0,0.2222222222222222,0.7777777777777778,0.09090909090909091,0.5,2.255744255744256,2.6666666666666665,3.0,6.300000000000001,0.17222222222222225,1.3,3.0,0.16034482758620688,18.0,6.666666666666667,17.222222222222225,0.0,48.46153846153847,77.77777777777779,8.88888888888889,Low Risk,3,Stable Contributors,-0.18853039536160698,0.5347918411281235
24,0,Travel_Rarely,477,Research & Development,24,3,Medical,4,Male,49,3,1,Laboratory Technician,2,Single,3597,6409,8,No,22,4,4,0,6,2,3,4,3,1,2,0.2,0.42857142857142855,0.4,0.4,0.14285714285714285,0.5,3.5934065934065935,2.6666666666666665,4.0,10.6,0.31047619047619046,1.4,3.2,0.3982758620689655,44.0,6.666666666666667,31.047619047619047,42.857142857142854,81.53846153846153,40.0,27.276190476190475,Low Risk,1,Promotion-Stalled,-0.26255901756392847,0.15901753668251448
28,1,Travel_Rarely,1485,Research & Development,12,1,Life Sciences,3,Female,79,3,1,Laboratory Technician,4,Married,2515,22955,1,Yes,11,3,4,0,1,4,2,1,1,0,0,0.0,0.5,2.0,0.0,0.5,1.0,2.5124875124875126,3.0,3.5,6.5,0.225,1.4,3.35,0.6741379310344828,33.0,0.0,22.5,50.0,50.0,0.0,24.0,Low Risk,2,High-Risk Stagnation,-1.9181330156130323,1.3261170550278303
26,0,Travel_Rarely,1384,Research & Development,3,4,Medical,1,Male,82,4,1,Laboratory Technician,4,Married,4420,13421,1,No,22,4,2,1,8,2,3,8,7,0,7,0.0,0.7777777777777778,0.2222222222222222,0.7777777777777778,0.1111111111111111,1.0,4.415584415584416,3.6666666666666665,1.5,10.6,0.2277777777777778,1.9,2.55,0.1810344827586207,88.0,0.0,22.77777777777778,77.77777777777779,81.53846153846153,77.77777777777779,32.44444444444445,Low Risk,1,Promotion-Stalled,-1.653893327366706,0.32825378624361784
30,0,Travel_Rarely,852,Sales,10,3,Marketing,3,Male,72,2,2,Sales Executive,3,Married,6578,2706,1,No,18,3,1,1,10,3,3,10,3,1,4,0.09090909090909091,0.2727272727272727,0.2727272727272727,0.36363636363636365,0.18181818181818182,0.5,3.2873563218390807,2.6666666666666665,2.0,9.0,0.23333333333333334,1.8,2.5,0.253448275862069,27.0,6.666666666666667,23.333333333333332,27.27272727272727,69.23076923076923,36.36363636363637,19.515151515151516,Low Risk,4,Career Explorers,-0.5141869306846486,-0.43218783017740603
40,0,Travel_Frequently,902,Research & Development,26,2,Medical,3,Female,92,2,2,Research Scientist,4,Married,4422,21203,3,Yes,13,3,4,1,16,3,1,1,1,0,0,0.0,0.058823529411764705,1.5,0.0,0.11764705882352941,1.0,2.209895052473763,2.3333333333333335,3.5,7.0,0.18137254901960784,1.8,3.1500000000000004,0.9689655172413792,39.0,0.0,18.137254901960784,5.88235294117647,53.84615384615385,0.0,9.019607843137255,Low Risk,2,High-Risk Stagnation,-2.1550394860257778,0.07538295896839524
35,0,Travel_Rarely,819,Research & Development,2,3,Life Sciences,3,Male,44,2,3,Manufacturing Director,2,Divorced,10274,19588,2,No,18,3,2,1,15,2,4,7,7,6,4,0.75,0.4375,0.25,0.5,0.1875,0.14285714285714285,3.4235254915028324,2.6666666666666665,2.5,8.7,0.5052083333333333,2.3000000000000003,2.6500000000000004,0.1706896551724138,7.714285714285714,40.0,50.52083333333333,43.75,66.92307692307692,50.0,45.33333333333333,Medium Risk,0,Fast-Track Performers,2.6800721811424952,-0.2370400202748251
34,0,Travel_Frequently,669,Research & Development,1,3,Medical,4,Male,97,2,2,Healthcare Representative,1,Single,5343,25755,0,No,20,4,3,0,14,3,3,13,9,4,9,0.2857142857142857,0.6,0.21428571428571427,0.6428571428571429,0.13333333333333333,0.2,2.6701649175412294,2.0,3.5,10.1,0.45,1.6,2.65,0.3103448275862069,16.0,26.666666666666668,45.0,60.0,77.6923076923077,64.28571428571429,44.0,Medium Risk,0,Fast-Track Performers,1.8875484249798522,-1.341037467271327
35,0,Travel_Frequently,636,Research & Development,4,4,Other,4,Male,47,2,1,Laboratory Technician,4,Married,2376,26537,1,No,13,3,2,1,2,2,4,2,2,2,2,0.6666666666666666,0.6666666666666666,0.6666666666666666,0.6666666666666666,0.3333333333333333,0.3333333333333333,2.3736263736263736,3.3333333333333335,3.0,6.699999999999999,0.4666666666666666,1.3,3.5,0.3413793103448276,13.0,13.333333333333334,46.666666666666664,66.66666666666666,51.53846153846153,66.66666666666666,42.666666666666664,Medium Risk,0,Fast-Track Performers,2.282688863961794,1.9870069907310415
43,1,Travel_Rarely,1372,Sales,9,3,Marketing,1,Female,85,1,2,Sales Executive,3,Single,5346,9489,8,No,13,3,2,0,7,2,2,4,3,1,3,0.2,0.375,0.4,0.6,0.25,0.5,2.6716641679160418,2.0,1.5,6.699999999999999,0.36375,1.3,2.05,0.24310344827586206,19.5,6.666666666666667,36.375,37.5,51.53846153846153,60.0,27.8,Low Risk,4,Career Explorers,0.7538936484306235,-1.822315268693976
32,0,Non-Travel,862,Sales,2,1,Life Sciences,3,Female,76,3,1,Sales Representative,1,Divorced,2827,14947,1,No,12,3,3,3,1,3,3,1,0,0,0,0.0,0.0,1.5,0.0,0.5,1.0,2.8241758241758244,2.3333333333333335,3.0,6.600000000000001,0.16666666666666666,2.0,2.4000000000000004,0.020689655172413793,36.0,0.0,16.666666666666664,0.0,50.76923076923078,0.0,6.666666666666666,Low Risk,2,High-Risk Stagnation,-2.6229754978824036,-0.9480985222268727
56,0,Travel_Rarely,718,Research & Development,4,4,Technical Degree,4,Female,92,3,5,Manager,1,Divorced,19943,18575,4,No,13,3,4,1,28,2,3,5,2,4,2,0.6666666666666666,0.06896551724137931,0.3333333333333333,0.3333333333333333,0.1724137931034483,0.2,3.9878024395120977,2.3333333333333335,4.0,6.699999999999999,0.4172413793103448,3.6,2.9,0.19137931034482758,7.8,26.666666666666668,41.72413793103448,6.896551724137931,51.53846153846153,33.33333333333333,26.758620689655167,Low Risk,0,Fast-Track Performers,1.7250178515983345,-0.15200482690523862
29,0,Travel_Rarely,1401,Research & Development,6,1,Medical,2,Female,54,3,1,Laboratory Technician,4,Married,3131,26342,1,No,13,3,1,1,10,5,3,10,8,0,8,0.0,0.7272727272727273,0.45454545454545453,0.7272727272727273,0.09090909090909091,1.0,3.127872127872128,3.3333333333333335,1.5,7.6,0.24848484848484848,1.5999999999999999,2.55,0.21206896551724136,39.0,0.0,24.848484848484848,72.72727272727273,58.46153846153845,72.72727272727273,31.757575757575758,Low Risk,3,Stable Contributors,-0.5001512818358089,0.41499334902315393
19,0,Travel_Rarely,645,Research & Development,9,2,Life Sciences,3,Male,54,3,1,Research Scientist,1,Single,2552,7172,1,No,25,4,3,0,1,4,3,1,1,0,0,0.0,0.5,2.0,0.0,0.5,1.0,2.5494505494505493,2.3333333333333335,3.0,12.399999999999999,0.29166666666666663,1.4,2.4000000000000004,0.24310344827586206,100.0,0.0,29.166666666666664,50.0,95.38461538461537,0.0,26.666666666666664,Low Risk,1,Promotion-Stalled,-3.1865758740503725,-1.960744682913305
45,0,Travel_Rarely,1457,Research & Development,7,3,Medical,1,Female,83,3,1,Research Scientist,3,Married,4477,20100,4,Yes,19,3,3,1,7,2,2,3,2,0,2,0.0,0.25,0.5,0.5,0.125,1.0,4.472527472527473,2.6666666666666665,2.0,9.100000000000001,0.19583333333333336,1.5999999999999999,2.3,0.6224137931034484,57.0,0.0,19.583333333333336,25.0,70.0,50.0,15.333333333333336,Low Risk,1,Promotion-Stalled,-1.857701764855582,-0.9131299743421946
37,0,Travel_Rarely,977,Research & Development,1,3,Life Sciences,4,Female,56,2,2,Manufacturing Director,4,Married,6474,9961,1,No,13,3,2,1,14,2,2,14,8,3,11,0.2,0.5333333333333333,0.13333333333333333,0.7333333333333333,0.13333333333333333,0.25,3.235382308845577,2.6666666666666665,3.0,6.699999999999999,0.33666666666666667,1.8,3.1,0.16034482758620688,9.75,20.0,33.666666666666664,53.333333333333336,51.53846153846153,73.33333333333333,35.46666666666667,Medium Risk,0,Fast-Track Performers,1.5104356824051155,0.5690275681645249
20,0,Travel_Rarely,805,Research & Development,3,3,Life Sciences,1,Male,87,2,1,Laboratory Technician,3,Single,3033,12828,1,No,12,3,1,0,2,2,2,2,2,1,2,0.3333333333333333,0.6666666666666666,0.6666666666666666,0.6666666666666666,0.3333333333333333,0.5,3.02997002997003,2.3333333333333335,1.0,6.300000000000001,0.44999999999999996,1.1,1.7999999999999998,0.1810344827586207,18.0,6.666666666666667,44.99999999999999,66.66666666666666,48.46153846153847,66.66666666666666,39.99999999999999,Medium Risk,4,Career Explorers,1.5955858909029619,-1.7037852411583918
44,1,Travel_Rarely,1097,Research & Development,10,4,Life Sciences,3,Male,96,3,1,Research Scientist,3,Single,2936,10826,1,Yes,11,3,3,0,6,4,3,6,4,0,2,0.0,0.5714285714285714,0.5714285714285714,0.2857142857142857,0.14285714285714285,1.0,2.9330669330669332,3.0,3.0,6.5,0.24285714285714285,1.4,3.0,0.653448275862069,33.0,0.0,24.285714285714285,57.14285714285714,50.0,28.57142857142857,26.857142857142858,Low Risk,3,Stable Contributors,-1.016303538166363,0.7653592395279764
53,0,Travel_Rarely,1223,Research & Development,7,2,Medical,4,Female,50,3,5,Manager,3,Divorced,18606,18640,3,No,18,3,2,1,26,6,3,7,7,4,7,0.5,0.25925925925925924,0.75,0.875,0.18518518518518517,0.2,3.7204559088182365,3.0,3.0,9.9,0.3398148148148148,3.6,3.0,0.22241379310344828,10.8,26.666666666666668,33.98148148148148,25.925925925925924,76.15384615384616,87.5,29.370370370370374,Low Risk,0,Fast-Track Performers,1.5999388237945136,0.7424841079880747
29,0,Travel_Rarely,942,Research & Development,15,1,Life Sciences,2,Female,69,1,1,Research Scientist,4,Married,2168,26933,0,Yes,18,3,1,1,6,2,2,5,4,1,3,0.16666666666666666,0.5714285714285714,0.3333333333333333,0.5,0.14285714285714285,0.5,2.1658341658341658,2.3333333333333335,1.5,8.7,0.3678571428571428,1.0,2.35,0.7051724137931035,27.0,6.666666666666667,36.785714285714285,57.14285714285714,66.92307692307692,50.0,33.85714285714286,Medium Risk,4,Career Explorers,0.6596479928343115,-1.1095795480361443
22,1,Travel_Frequently,1256,Research & Development,3,4,Life Sciences,3,Male,48,2,1,Research Scientist,4,Married,2853,4223,0,Yes,11,3,2,1,1,5,3,0,0,0,0,0.0,0.0,5.0,0.0,0.5,1.0,2.85014985014985,3.0,2.5,6.800000000000001,0.1,1.3,3.0500000000000003,0.7310344827586206,33.0,0.0,10.0,0.0,52.307692307692314,0.0,4.0,Low Risk,2,High-Risk Stagnation,-2.935194741371368,1.0943665291464946
46,0,Travel_Rarely,1402,Sales,2,3,Marketing,3,Female,69,3,4,Manager,1,Married,17048,24097,8,No,23,4,1,0,28,2,3,26,15,15,9,0.5555555555555556,0.5172413793103449,0.07407407407407407,0.3333333333333333,0.13793103448275862,0.0625,4.260934766308423,2.3333333333333335,2.0,11.0,0.49042145593869735,2.9,1.9000000000000001,0.1706896551724138,5.75,100.0,49.04214559386973,51.724137931034484,84.61538461538461,33.33333333333333,65.13409961685824,Medium Risk,0,Fast-Track Performers,2.3998735466547227,-1.8470820500981597
44,0,Non-Travel,111,Research & Development,17,3,Life Sciences,4,Male,74,1,1,Research Scientist,3,Single,2290,4279,2,No,13,3,4,0,6,3,3,0,0,0,0,0.0,0.0,3.0,0.0,0.14285714285714285,1.0,2.2877122877122877,2.3333333333333335,4.0,7.0,0.16666666666666666,0.8,3.5,0.17586206896551723,39.0,0.0,16.666666666666664,0.0,53.84615384615385,0.0,6.666666666666666,Low Risk,2,High-Risk Stagnation,-2.3063966104264226,0.3344783187924072
33,0,Travel_Rarely,147,Human Resources,2,3,Human Resources,2,Male,99,3,1,Human Resources,3,Married,3600,8429,1,No,13,3,4,1,5,2,3,5,4,1,4,0.16666666666666666,0.6666666666666666,0.3333333333333333,0.6666666666666666,0.16666666666666666,0.5,3.5964035964035963,3.0,3.0,6.699999999999999,0.32499999999999996,1.5999999999999999,3.0,0.1706896551724138,19.5,6.666666666666667,32.49999999999999,66.66666666666666,51.53846153846153,66.66666666666666,34.99999999999999,Medium Risk,3,Stable Contributors,0.9112358514821983,0.7960031116340214
41,1,Non-Travel,906,Research & Development,5,2,Life Sciences,1,Male,95,2,1,Research Scientist,1,Divorced,2107,20293,6,No,17,3,1,1,5,2,1,1,0,0,0,0.0,0.0,1.0,0.0,0.16666666666666666,1.0,2.104895104895105,1.3333333333333333,1.0,8.3,0.2666666666666667,1.3,1.0,0.05172413793103448,51.0,0.0,26.66666666666667,0.0,63.846153846153854,0.0,10.66666666666667,Low Risk,4,Career Explorers,-2.045640122277281,-4.58999531122591
30,0,Travel_Rarely,1329,Sales,29,4,Life Sciences,3,Male,61,3,2,Sales Executive,1,Divorced,4115,13192,8,No,19,3,3,3,8,3,3,4,3,0,3,0.0,0.3333333333333333,0.6,0.6,0.2222222222222222,1.0,2.056471764117941,2.3333333333333335,3.0,9.4,0.25,2.5,2.4000000000000004,0.44999999999999996,57.0,0.0,25.0,33.33333333333333,72.3076923076923,60.0,20.0,Low Risk,1,Promotion-Stalled,-1.578684246603017,-1.3616058668753281
40,0,Travel_Frequently,1184,Sales,2,4,Medical,2,Male,62,3,2,Sales Executive,2,Married,4327,25440,5,No,12,3,4,3,5,2,3,0,0,0,0,0.0,0.0,2.0,0.0,0.3333333333333333,1.0,2.1624187906046974,2.6666666666666665,3.0,6.300000000000001,0.13333333333333336,2.5,2.7,0.32068965517241377,36.0,0.0,13.333333333333336,0.0,48.46153846153847,0.0,5.333333333333335,Low Risk,2,High-Risk Stagnation,-2.569929248321109,0.000989025203923547
50,0,Travel_Frequently,1421,Research & Development,2,3,Medical,4,Female,30,3,4,Manager,1,Married,17856,9490,2,No,22,4,3,1,32,3,3,2,2,2,2,0.6666666666666666,0.06060606060606061,1.0,0.6666666666666666,0.12121212121212122,0.3333333333333333,4.462884278930267,2.3333333333333335,3.5,10.9,0.41515151515151516,3.1,2.65,0.32068965517241377,29.333333333333332,13.333333333333334,41.515151515151516,6.0606060606060606,83.84615384615385,66.66666666666666,22.424242424242422,Low Risk,0,Fast-Track Performers,1.2833891269678324,-0.9555862565962269
28,0,Travel_Rarely,1179,Research & Development,19,4,Medical,4,Male,78,2,1,Laboratory Technician,1,Married,3196,12449,1,No,12,3,3,3,6,2,3,6,5,3,3,0.42857142857142855,0.7142857142857143,0.2857142857142857,0.42857142857142855,0.14285714285714285,0.25,3.1928071928071926,2.0,3.5,6.300000000000001,0.5285714285714286,1.7000000000000002,2.65,0.346551724137931,9.0,20.0,52.85714285714286,71.42857142857143,48.46153846153847,42.857142857142854,48.57142857142857,Medium Risk,0,Fast-Track Performers,2.584439700602099,-1.0713719838604625
46,0,Travel_Rarely,1450,Research & Development,15,2,Life Sciences,4,Male,52,3,5,Research Director,2,Married,19081,10849,5,No,11,3,1,1,25,2,3,4,2,0,3,0.0,0.07692307692307693,0.4,0.6,0.19230769230769232,1.0,3.8154369126174763,2.6666666666666665,2.5,5.9,0.15256410256410258,3.6,2.45,0.30517241379310345,33.0,0.0,15.256410256410257,7.6923076923076925,45.38461538461539,60.0,8.41025641025641,Low Risk,3,Stable Contributors,-1.552084875796463,-0.30226839461061433
35,0,Travel_Rarely,1361,Sales,17,4,Life Sciences,3,Male,94,3,2,Sales Executive,1,Married,8966,21026,3,Yes,15,3,4,3,15,2,3,7,7,1,7,0.125,0.4375,0.25,0.875,0.125,0.5,4.480759620189905,2.3333333333333335,3.5,7.5,0.3197916666666667,2.5,2.65,0.7258620689655173,22.5,6.666666666666667,31.97916666666667,43.75,57.692307692307686,87.5,27.91666666666667,Low Risk,4,Career Explorers,0.7960322015255059,-0.5270560028523747
24,1,Travel_Rarely,984,Research & Development,17,2,Life Sciences,4,Female,97,3,1,Laboratory Technician,2,Married,2210,3372,1,No,13,3,1,1,1,3,1,1,0,0,0,0.0,0.0,1.5,0.0,0.5,1.0,2.207792207792208,2.0,2.5,7.0,0.2,1.5999999999999999,2.0500000000000003,0.3258620689655172,39.0,0.0,20.0,0.0,53.84615384615385,0.0,8.0,Low Risk,2,High-Risk Stagnation,-2.538013617046332,-1.8761627505289262
33,0,Travel_Frequently,1146,Sales,25,3,Medical,2,Female,82,3,2,Sales Executive,3,Married,4539,4905,1,No,12,3,1,1,10,3,2,10,7,0,1,0.0,0.6363636363636364,0.2727272727272727,0.09090909090909091,0.18181818181818182,1.0,2.2683658170914542,2.6666666666666665,1.5,6.600000000000001,0.2924242424242425,2.1,2.05,0.5586206896551724,36.0,0.0,29.24242424242425,63.63636363636363,50.76923076923078,9.090909090909092,30.78787878787879,Low Risk,4,Career Explorers,-0.9825067162743605,-1.0259466096352652
36,0,Travel_Rarely,917,Research & Development,6,4,Life Sciences,3,Male,60,1,1,Laboratory Technician,3,Divorced,2741,6865,1,No,14,3,3,1,7,4,3,7,7,1,7,0.125,0.875,0.5,0.875,0.125,0.5,2.7382617382617385,2.3333333333333335,3.0,7.700000000000001,0.4291666666666667,1.0,3.0,0.21206896551724136,21.0,6.666666666666667,42.91666666666667,87.5,59.23076923076924,87.5,45.41666666666667,Medium Risk,4,Career Explorers,1.696523108999153,-0.3639034213839982
30,0,Travel_Rarely,853,Research & Development,7,4,Life Sciences,3,Male,49,3,2,Laboratory Technician,3,Divorced,3491,11309,1,No,13,3,1,3,10,4,2,10,7,8,9,0.7272727272727273,0.6363636363636364,0.36363636363636365,0.8181818181818182,0.18181818181818182,0.1111111111111111,1.7446276861569214,2.6666666666666665,2.0,7.300000000000001,0.5469696969696969,2.5,2.3,0.22241379310344828,4.333333333333333,53.333333333333336,54.69696969696969,63.63636363636363,56.15384615384615,81.81818181818183,56.96969696969697,Medium Risk,0,Fast-Track Performers,3.5386579865754237,-0.5647886926342853
44,0,Travel_Rarely,200,Research & Development,29,4,Other,4,Male,32,3,2,Research Scientist,4,Single,4541,7744,1,No,25,4,2,0,20,3,3,20,11,13,17,0.6190476190476191,0.5238095238095238,0.14285714285714285,0.8095238095238095,0.09523809523809523,0.07142857142857142,2.2693653173413293,3.3333333333333335,3.0,12.1,0.41428571428571426,1.9,3.3000000000000003,0.44999999999999996,7.142857142857143,86.66666666666667,41.42857142857142,52.38095238095239,93.07692307692308,80.95238095238095,58.285714285714285,Medium Risk,0,Fast-Track Performers,2.4713255849104603,1.43078638064936
20,0,Travel_Rarely,654,Sales,21,3,Marketing,3,Male,43,4,1,Sales Representative,4,Single,2678,5050,1,No,17,3,4,0,2,2,3,2,1,2,2,0.6666666666666666,0.3333333333333333,0.6666666666666666,0.6666666666666666,0.3333333333333333,0.3333333333333333,2.675324675324675,3.6666666666666665,3.5,8.3,0.35,1.7,3.5500000000000003,0.36724137931034484,17.0,13.333333333333334,35.0,33.33333333333333,63.846153846153854,66.66666666666666,28.0,Low Risk,0,Fast-Track Performers,1.2821375370552692,2.5171280986312454
46,0,Travel_Rarely,150,Research & Development,2,4,Technical Degree,4,Male,60,3,2,Manufacturing Director,4,Divorced,7379,17433,2,No,11,3,3,1,12,3,2,6,3,1,4,0.14285714285714285,0.23076923076923078,0.42857142857142855,0.5714285714285714,0.15384615384615385,0.5,3.687656171914043,3.0,3.5,6.200000000000001,0.2076923076923077,2.1,3.35,0.1706896551724138,16.5,6.666666666666667,20.76923076923077,23.076923076923077,47.6923076923077,57.14285714285714,17.23076923076923,Low Risk,3,Stable Contributors,-0.05030507074193144,1.4380425896354336
42,0,Non-Travel,179,Human Resources,2,5,Medical,4,Male,79,4,2,Human Resources,1,Married,6272,12858,7,No,16,3,1,1,10,3,4,4,3,0,3,0.0,0.2727272727272727,0.6,0.6,0.18181818181818182,1.0,3.134432783608196,3.0,2.5,8.200000000000001,0.16818181818181818,2.4000000000000004,2.35,0.020689655172413793,48.0,0.0,16.818181818181817,27.27272727272727,63.07692307692309,60.0,14.909090909090907,Low Risk,1,Promotion-Stalled,-1.7038998873998301,-0.34884594580463585
60,0,Travel_Rarely,696,Sales,7,4,Marketing,2,Male,52,4,2,Sales Executive,4,Divorced,5220,10893,0,Yes,18,3,2,1,12,3,3,11,7,1,9,0.08333333333333333,0.5384615384615384,0.25,0.75,0.15384615384615385,0.5,2.608695652173913,3.6666666666666665,2.0,9.0,0.19711538461538464,2.4000000000000004,2.8000000000000003,0.6224137931034484,27.0,6.666666666666667,19.711538461538463,53.84615384615385,69.23076923076923,75.0,26.03846153846154,Low Risk,3,Stable Contributors,-0.07113314446987189,1.51119507940364
32,0,Travel_Frequently,116,Research & Development,13,3,Other,3,Female,77,2,1,Laboratory Technician,2,Married,2743,7331,1,No,20,4,3,1,2,2,3,2,2,2,2,0.6666666666666666,0.6666666666666666,0.6666666666666666,0.6666666666666666,0.3333333333333333,0.3333333333333333,2.74025974025974,2.3333333333333335,3.0,9.799999999999999,0.5666666666666667,1.3,2.7,0.43448275862068964,26.666666666666668,13.333333333333334,56.666666666666664,66.66666666666666,75.38461538461537,66.66666666666666,46.666666666666664,Medium Risk,0,Fast-Track Performers,2.3484505347135634,-0.8852451501162876
32,0,Travel_Frequently,1316,Research & Development,2,2,Life Sciences,4,Female,38,3,2,Research Scientist,3,Single,4998,2338,4,Yes,14,3,4,0,10,2,3,8,7,0,7,0.0,0.6363636363636364,0.2222222222222222,0.7777777777777778,0.18181818181818182,1.0,2.497751124437781,3.0,4.0,7.1,0.2590909090909091,1.9,3.5,0.7206896551724138,42.0,0.0,25.90909090909091,63.63636363636363,54.61538461538461,77.77777777777779,29.454545454545453,Low Risk,3,Stable Contributors,-0.6910351325071533,1.3224118195936263
36,0,Travel_Rarely,363,Research & Development,1,3,Technical Degree,3,Female,77,1,3,Manufacturing Director,1,Divorced,10252,4235,2,Yes,21,4,3,1,17,2,3,7,7,7,7,0.875,0.3888888888888889,0.25,0.875,0.16666666666666666,0.125,3.4161946017994,1.6666666666666667,3.0,10.2,0.6368055555555555,2.0,2.4000000000000004,0.560344827586207,10.5,46.666666666666664,63.68055555555555,38.88888888888889,78.46153846153847,87.5,51.138888888888886,Medium Risk,0,Fast-Track Performers,3.6851623856943894,-2.128357544573577
33,0,Travel_Rarely,117,Research & Development,9,3,Medical,1,Male,60,3,1,Research Scientist,4,Married,2781,6311,0,No,13,3,2,1,15,5,3,14,10,4,10,0.26666666666666666,0.625,0.3333333333333333,0.6666666666666666,0.0625,0.2,2.7782217782217784,3.3333333333333335,1.5,7.6,0.31625,1.5999999999999999,2.55,0.24310344827586206,7.8,26.666666666666668,31.624999999999996,62.5,58.46153846153845,66.66666666666666,39.4,Medium Risk,0,Fast-Track Performers,1.6844288896244373,0.7985606974206736
40,0,Travel_Rarely,107,Sales,10,3,Technical Degree,2,Female,84,2,2,Sales Executive,2,Divorced,6852,11591,7,No,12,3,2,1,7,2,4,5,1,1,3,0.16666666666666666,0.125,0.3333333333333333,0.5,0.25,0.5,3.424287856071964,2.6666666666666665,2.0,6.300000000000001,0.22291666666666668,1.8,2.4000000000000004,0.253448275862069,18.0,6.666666666666667,22.291666666666668,12.5,48.46153846153847,50.0,14.666666666666668,Low Risk,4,Career Explorers,-0.22286134557665027,-0.22551798777303764
25,0,Travel_Rarely,1356,Sales,10,4,Life Sciences,3,Male,57,3,2,Sales Executive,4,Single,4950,20623,0,No,14,3,2,0,5,4,3,4,3,1,1,0.2,0.5,0.8,0.2,0.3333333333333333,0.5,2.47376311844078,3.3333333333333335,2.5,7.700000000000001,0.26166666666666666,1.9,3.0500000000000003,0.253448275862069,21.0,6.666666666666667,26.166666666666664,50.0,59.23076923076924,20.0,27.46666666666667,Low Risk,3,Stable Contributors,-0.24547399187445615,1.3697744165133912
30,0,Travel_Rarely,1465,Research & Development,1,3,Medical,4,Male,63,3,1,Research Scientist,2,Married,3579,9369,0,Yes,21,4,1,1,12,2,3,11,9,5,7,0.4166666666666667,0.6923076923076923,0.16666666666666666,0.5833333333333334,0.07692307692307693,0.16666666666666666,3.5754245754245755,2.6666666666666665,2.5,10.2,0.45224358974358975,1.5999999999999999,2.45,0.560344827586207,14.0,33.33333333333333,45.22435897435898,69.23076923076923,78.46153846153847,58.333333333333336,48.85897435897436,Medium Risk,0,Fast-Track Performers,2.235245674623313,-0.5750830212402215
42,0,Travel_Frequently,458,Research & Development,26,5,Medical,1,Female,60,3,3,Research Director,1,Married,13191,23281,3,Yes,17,3,3,0,20,6,3,1,0,0,0,0.0,0.0,3.0,0.0,0.14285714285714285,1.0,4.395534821726091,2.3333333333333335,2.0,9.500000000000002,0.16666666666666666,2.4,1.9000000000000001,0.9689655172413792,51.0,0.0,16.666666666666664,0.0,73.0769230769231,0.0,6.666666666666666,Low Risk,1,Promotion-Stalled,-2.6134754712943034,-1.7720347140636465
35,0,Non-Travel,1212,Sales,8,2,Marketing,3,Female,78,2,3,Sales Executive,4,Married,10377,13755,4,Yes,11,3,2,1,16,6,2,13,2,4,12,0.2857142857142857,0.11764705882352941,0.42857142857142855,0.8571428571428571,0.17647058823529413,0.2,3.457847384205265,2.6666666666666665,2.5,7.1,0.2627450980392157,2.3000000000000003,2.85,0.4827586206896552,6.6,26.666666666666668,26.27450980392157,11.76470588235294,54.61538461538461,85.71428571428571,22.03921568627451,Low Risk,0,Fast-Track Performers,1.0871034524037437,0.4665876703713585
27,0,Travel_Rarely,1103,Research & Development,14,3,Life Sciences,1,Male,42,3,1,Research Scientist,1,Married,2235,14377,1,Yes,14,3,4,2,9,3,2,9,7,6,8,0.6,0.7,0.3,0.8,0.1,0.14285714285714285,2.2327672327672325,2.0,2.5,7.4,0.585,1.7999999999999998,1.9500000000000002,0.6948275862068967,6.0,40.0,58.5,70.0,56.92307692307692,80.0,56.400000000000006,Medium Risk,0,Fast-Track Performers,3.6290794014537933,-1.9442223850969185
54,0,Travel_Frequently,966,Research & Development,1,4,Life Sciences,4,Female,53,3,3,Manufacturing Director,3,Divorced,10502,9659,7,No,17,3,1,1,33,2,1,5,4,1,4,0.16666666666666666,0.11764705882352941,0.3333333333333333,0.6666666666666666,0.08823529411764706,0.5,3.4995001666111296,2.3333333333333335,2.5,8.3,0.25441176470588234,2.6,2.35,0.3103448275862069,25.5,6.666666666666667,25.441176470588232,11.76470588235294,63.846153846153854,66.66666666666666,15.705882352941176,Low Risk,4,Career Explorers,0.03213004320226731,-1.0354716439023022
44,0,Travel_Rarely,1117,Research & Development,2,1,Life Sciences,1,Female,72,4,1,Research Scientist,4,Married,2011,19982,1,No,13,3,4,1,10,5,3,10,5,7,7,0.6363636363636364,0.45454545454545453,0.45454545454545453,0.6363636363636364,0.09090909090909091,0.125,2.008991008991009,3.6666666666666665,2.5,7.6,0.3696969696969697,1.9,3.0500000000000003,0.1706896551724138,4.875,46.666666666666664,36.96969696969697,45.45454545454545,58.46153846153845,63.63636363636363,42.42424242424242,Medium Risk,0,Fast-Track Performers,2.302413294043736,1.9246129515482708
19,1,Non-Travel,504,Research & Development,10,3,Medical,1,Female,96,2,1,Research Scientist,2,Single,1859,6148,1,Yes,25,4,2,0,1,2,4,1,1,0,0,0.0,0.5,1.0,0.0,0.5,1.0,1.8571428571428572,2.6666666666666665,1.5,11.799999999999999,0.25833333333333336,1.1,2.1500000000000004,0.503448275862069,100.0,0.0,25.833333333333336,50.0,90.76923076923076,0.0,25.333333333333336,Low Risk,1,Promotion-Stalled,-3.3013979055334635,-1.648516714000524
29,0,Travel_Rarely,1010,Research & Development,1,3,Life Sciences,1,Female,97,3,1,Research Scientist,4,Divorced,3760,5598,1,No,15,3,1,3,3,5,3,3,2,1,2,0.25,0.5,1.25,0.5,0.25,0.5,3.756243756243756,3.3333333333333335,1.0,8.4,0.2791666666666667,2.0,2.3,0.16034482758620688,22.5,6.666666666666667,27.916666666666668,50.0,64.61538461538461,50.0,28.166666666666668,Low Risk,3,Stable Contributors,0.2711272254630561,0.3026475387907008
54,0,Travel_Rarely,685,Research & Development,3,3,Life Sciences,4,Male,85,3,4,Research Director,4,Married,17779,23474,3,No,14,3,1,0,36,2,3,10,9,0,9,0.0,0.24324324324324326,0.18181818181818182,0.8181818181818182,0.10810810810810811,1.0,4.443639090227443,3.3333333333333335,2.5,7.1,0.12747747747747745,2.9,3.0500000000000003,0.1810344827586207,42.0,0.0,12.747747747747745,24.324324324324326,54.61538461538461,81.81818181818183,12.396396396396396,Low Risk,3,Stable Contributors,-1.473098819893869,1.224323680646435
31,0,Travel_Rarely,1332,Research & Development,11,2,Medical,3,Male,80,3,2,Healthcare Representative,1,Married,6833,17089,1,Yes,12,3,4,0,6,2,2,6,5,0,1,0.0,0.7142857142857143,0.2857142857142857,0.14285714285714285,0.2857142857142857,1.0,3.414792603698151,2.0,3.5,6.300000000000001,0.37857142857142856,1.9,2.4499999999999997,0.6637931034482759,36.0,0.0,37.857142857142854,71.42857142857143,48.46153846153847,14.285714285714285,36.57142857142857,Medium Risk,4,Career Explorers,-0.6049349164543812,-1.4812580461865335
31,0,Travel_Rarely,1062,Research & Development,24,3,Medical,3,Female,96,2,2,Healthcare Representative,1,Single,6812,17198,1,No,19,3,2,0,10,2,3,10,9,1,8,0.09090909090909091,0.8181818181818182,0.18181818181818182,0.7272727272727273,0.18181818181818182,0.5,3.4042978510744626,2.0,2.5,9.100000000000001,0.4363636363636364,1.6,2.1500000000000004,0.3982758620689655,28.5,6.666666666666667,43.63636363636364,81.81818181818183,70.0,72.72727272727273,44.0,Medium Risk,4,Career Explorers,1.2376638778729236,-2.034562459884726
59,0,Travel_Rarely,326,Sales,3,3,Life Sciences,3,Female,48,2,2,Sales Executive,4,Single,5171,16490,5,No,17,3,4,0,13,2,3,6,1,0,5,0.0,0.07142857142857142,0.2857142857142857,0.7142857142857143,0.14285714285714285,1.0,2.584207896051974,3.0,3.5,8.3,0.11785714285714285,1.6,3.5500000000000003,0.1810344827586207,51.0,0.0,11.785714285714285,7.142857142857142,63.846153846153854,71.42857142857143,6.857142857142858,Low Risk,3,Stable Contributors,-2.0820029936143776,1.2471669236160527
43,0,Travel_Rarely,920,Research & Development,3,3,Life Sciences,3,Male,96,1,5,Research Director,4,Married,19740,18625,3,No,14,3,2,1,25,2,3,8,7,0,7,0.0,0.2692307692307692,0.2222222222222222,0.7777777777777778,0.19230769230769232,1.0,3.9472105578884222,2.6666666666666665,2.5,7.1,0.20064102564102565,3.0,3.0500000000000003,0.1810344827586207,42.0,0.0,20.064102564102566,26.923076923076923,54.61538461538461,77.77777777777779,16.102564102564102,Low Risk,3,Stable Contributors,-1.2588070895305064,0.21489295837718725
49,0,Travel_Rarely,1098,Research & Development,4,2,Medical,1,Male,85,2,5,Manager,3,Married,18711,12124,2,No,13,3,3,1,23,2,4,1,0,0,0,0.0,0.0,1.0,0.0,0.20833333333333334,1.0,3.7414517096580684,3.0,2.0,6.699999999999999,0.1,3.3000000000000003,2.7,0.19137931034482758,39.0,0.0,10.0,0.0,51.53846153846153,0.0,4.0,Low Risk,2,High-Risk Stagnation,-2.6416353064372187,0.38914921976470024
36,0,Travel_Frequently,469,Research & Development,3,3,Technical Degree,3,Male,46,3,1,Research Scientist,2,Married,3692,9256,1,No,12,3,3,0,12,2,2,11,10,0,7,0.0,0.7692307692307693,0.16666666666666666,0.5833333333333334,0.07692307692307693,1.0,3.688311688311688,2.3333333333333335,3.0,6.300000000000001,0.358974358974359,1.4,2.5,0.3310344827586207,36.0,0.0,35.8974358974359,76.92307692307693,48.46153846153847,58.333333333333336,37.43589743589744,Medium Risk,4,Career Explorers,0.0558987367643547,-1.05002592949488
48,0,Travel_Rarely,969,Research & Development,2,2,Technical Degree,4,Male,76,4,1,Laboratory Technician,2,Single,2559,16620,5,No,11,3,3,0,7,4,2,1,0,0,0,0.0,0.0,2.0,0.0,0.125,1.0,2.5564435564435564,2.6666666666666665,3.5,6.5,0.13333333333333336,1.7,2.75,0.1706896551724138,33.0,0.0,13.333333333333336,0.0,50.0,0.0,5.333333333333335,Low Risk,2,High-Risk Stagnation,-2.253431754476946,-0.030688182166995957
27,0,Travel_Rarely,1167,Research & Development,4,2,Life Sciences,1,Male,76,3,1,Research Scientist,3,Divorced,2517,3208,1,No,11,3,2,3,5,2,3,5,3,0,3,0.0,0.5,0.3333333333333333,0.5,0.16666666666666666,1.0,2.5144855144855143,3.0,1.5,5.9,0.225,2.0,2.25,0.19137931034482758,33.0,0.0,22.5,50.0,45.38461538461539,50.0,24.0,Low Risk,4,Career Explorers,-0.8993517578901151,-0.22127502138510868
29,0,Travel_Rarely,1329,Research & Development,7,3,Life Sciences,3,Male,82,3,2,Healthcare Representative,4,Divorced,6623,4204,1,Yes,11,3,2,2,6,2,3,6,0,1,0,0.14285714285714285,0.0,0.2857142857142857,0.0,0.2857142857142857,0.5,3.3098450774612695,3.3333333333333335,2.5,5.9,0.11666666666666664,2.3,3.0500000000000003,0.6224137931034484,16.5,6.666666666666667,11.666666666666664,0.0,45.38461538461539,0.0,6.666666666666666,Low Risk,2,High-Risk Stagnation,-1.3796855363369966,1.795810115593845
48,0,Travel_Rarely,715,Research & Development,1,3,Life Sciences,4,Male,76,2,5,Research Director,4,Single,18265,8733,6,No,12,3,3,0,25,3,4,1,0,0,0,0.0,0.0,1.5,0.0,0.19230769230769232,1.0,3.652269546090782,3.3333333333333335,3.5,6.600000000000001,0.06666666666666665,3.1,3.75,0.16034482758620688,36.0,0.0,6.666666666666665,0.0,50.76923076923078,0.0,2.666666666666666,Low Risk,2,High-Risk Stagnation,-2.7656798321877307,2.2502052005227267
29,0,Travel_Rarely,694,Research & Development,1,3,Life Sciences,4,Female,87,2,4,Research Director,4,Divorced,16124,3423,3,No,14,3,2,2,9,2,2,7,7,1,7,0.125,0.7,0.25,0.875,0.4,0.5,4.029992501874531,2.6666666666666665,3.0,7.1,0.35208333333333336,3.0,3.1,0.16034482758620688,21.0,6.666666666666667,35.208333333333336,70.0,54.61538461538461,87.5,37.083333333333336,Medium Risk,3,Stable Contributors,0.8622022098935931,0.4439733018075971
34,0,Travel_Rarely,1320,Research & Development,20,3,Technical Degree,3,Female,89,4,1,Research Scientist,3,Married,2585,21643,0,No,17,3,4,0,2,5,2,1,0,0,0,0.0,0.0,2.5,0.0,0.3333333333333333,1.0,2.5824175824175826,3.0,3.5,9.200000000000001,0.1,1.7,3.05,0.3568965517241379,51.0,0.0,10.0,0.0,70.76923076923077,0.0,4.0,Low Risk,2,High-Risk Stagnation,-3.1967785838033453,0.6276186936936351
44,0,Travel_Rarely,1099,Sales,5,3,Marketing,2,Male,88,3,5,Manager,2,Married,18213,8751,7,No,11,3,3,1,26,5,3,22,9,3,10,0.13043478260869565,0.3333333333333333,0.21739130434782608,0.43478260869565216,0.18518518518518517,0.25,3.641871625674865,2.6666666666666665,2.5,6.800000000000001,0.26231884057971017,3.6,2.45,0.20172413793103447,8.25,20.0,26.231884057971016,33.33333333333333,52.307692307692314,43.47826086956522,26.492753623188406,Low Risk,4,Career Explorers,0.6048650464481549,-0.1605921688507758
33,0,Travel_Rarely,536,Sales,10,5,Marketing,4,Male,82,4,3,Sales Executive,3,Divorced,8380,21708,0,Yes,14,3,4,2,10,3,3,9,8,0,8,0.0,0.7272727272727273,0.3,0.8,0.2727272727272727,1.0,2.79240253248917,3.3333333333333335,4.0,7.4,0.24848484848484848,3.1,3.5,0.653448275862069,42.0,0.0,24.848484848484848,72.72727272727273,56.92307692307692,80.0,31.757575757575758,Low Risk,3,Stable Contributors,-0.7709461240495566,1.7901920796408965
19,0,Travel_Rarely,265,Research & Development,25,3,Life Sciences,2,Female,57,4,1,Research Scientist,4,Single,2994,21221,1,Yes,12,3,4,0,1,2,3,1,0,0,1,0.0,0.0,1.0,0.5,0.5,1.0,2.991008991008991,3.6666666666666665,3.0,6.300000000000001,0.03333333333333335,1.7,3.3000000000000003,0.8086206896551724,36.0,0.0,3.333333333333335,0.0,48.46153846153847,50.0,1.333333333333334,Low Risk,2,High-Risk Stagnation,-2.8023132739310377,2.5006095624508546
23,0,Travel_Rarely,373,Research & Development,1,2,Life Sciences,4,Male,47,3,1,Research Scientist,3,Married,1223,16901,1,No,22,4,4,1,1,2,3,1,0,0,1,0.0,0.0,1.0,0.5,0.5,1.0,1.2217782217782218,3.0,4.0,10.6,0.1,1.5999999999999999,3.5,0.16034482758620688,88.0,0.0,10.0,0.0,81.53846153846153,50.0,4.0,Low Risk,1,Promotion-Stalled,-3.744060909316132,0.8498877504451603
25,1,Travel_Frequently,599,Sales,24,1,Life Sciences,3,Male,73,1,1,Sales Representative,4,Single,1118,8040,1,Yes,14,3,4,0,1,4,3,1,0,1,0,0.5,0.0,2.0,0.0,0.5,0.5,1.1168831168831168,2.6666666666666665,3.5,7.700000000000001,0.30833333333333335,0.8,3.5500000000000003,0.9482758620689655,21.0,6.666666666666667,30.833333333333336,0.0,59.23076923076924,0.0,14.333333333333336,Low Risk,2,High-Risk Stagnation,-0.5482720869034402,1.2799063526969834
26,0,Travel_Rarely,583,Research & Development,4,2,Life Sciences,3,Male,53,3,1,Research Scientist,4,Single,2875,9973,1,Yes,20,4,2,0,8,2,2,8,5,2,2,0.2222222222222222,0.5555555555555556,0.2222222222222222,0.2222222222222222,0.1111111111111111,0.3333333333333333,2.872127872127872,3.0,2.5,9.799999999999999,0.31666666666666665,1.4,2.85,0.5913793103448276,26.666666666666668,13.333333333333334,31.666666666666664,55.55555555555556,75.38461538461537,22.22222222222222,33.33333333333333,Medium Risk,3,Stable Contributors,0.38612074349972964,0.44227457060742414
45,1,Travel_Rarely,1449,Sales,2,3,Marketing,1,Female,94,1,5,Manager,2,Single,18824,2493,2,Yes,16,3,1,0,26,2,3,24,10,1,11,0.04,0.37037037037037035,0.08,0.44,0.18518518518518517,0.5,3.7640471905618877,2.0,1.0,7.9,0.3065925925925926,2.8,1.7000000000000002,0.5706896551724139,24.0,6.666666666666667,30.659259259259258,37.03703703703704,60.769230769230774,44.0,25.374814814814815,Low Risk,4,Career Explorers,0.07187797267277188,-2.2890139838982817
55,0,Non-Travel,177,Research & Development,8,1,Medical,4,Male,37,2,4,Healthcare Representative,2,Divorced,13577,25592,1,Yes,15,3,4,1,34,3,3,33,9,15,0,0.4411764705882353,0.2571428571428571,0.08823529411764706,0.0,0.11428571428571428,0.0625,3.393401649587603,2.3333333333333335,4.0,7.800000000000001,0.38536414565826327,2.8000000000000003,3.2,0.4827586206896552,2.8125,100.0,38.53641456582633,25.71428571428571,60.00000000000001,0.0,53.128851540616246,Medium Risk,0,Fast-Track Performers,1.4074203104494545,0.2574851163318471
21,1,Travel_Frequently,251,Research & Development,10,2,Life Sciences,1,Female,45,2,1,Laboratory Technician,3,Single,2625,25308,1,No,20,4,3,0,2,2,1,2,2,2,2,0.6666666666666666,0.6666666666666666,0.6666666666666666,0.6666666666666666,0.3333333333333333,0.3333333333333333,2.6223776223776225,2.0,2.0,9.799999999999999,0.6,1.1,2.1,0.40344827586206894,26.666666666666668,13.333333333333334,60.0,66.66666666666666,75.38461538461537,66.66666666666666,48.0,Medium Risk,0,Fast-Track Performers,2.5352778574194867,-2.167108106540749
46,0,Travel_Rarely,168,Sales,4,2,Marketing,4,Female,33,2,5,Manager,2,Married,18789,9946,2,No,14,3,3,1,26,2,3,11,4,0,8,0.0,0.14814814814814814,0.16666666666666666,0.6666666666666666,0.18518518518518517,1.0,3.7570485902819435,2.3333333333333335,3.5,7.1,0.2037037037037037,3.3000000000000003,2.95,0.19137931034482758,42.0,0.0,20.37037037037037,14.814814814814813,54.61538461538461,66.66666666666666,12.592592592592592,Low Risk,3,Stable Contributors,-1.4444445698940627,-0.39022890979580377
34,0,Travel_Rarely,131,Sales,2,3,Marketing,3,Female,86,3,2,Sales Executive,1,Single,4538,6039,0,Yes,12,3,4,0,4,3,3,3,2,0,2,0.0,0.4,0.75,0.5,0.4,1.0,2.267866066966517,2.3333333333333335,3.5,6.600000000000001,0.26666666666666666,1.9,2.65,0.5706896551724139,36.0,0.0,26.666666666666668,40.0,50.76923076923078,50.0,22.666666666666668,Low Risk,4,Career Explorers,-1.2200959745984303,-0.6145953872650182
51,0,Travel_Frequently,237,Sales,9,3,Life Sciences,4,Male,83,3,5,Manager,2,Divorced,19847,19196,4,Yes,24,4,1,1,31,5,2,29,10,11,10,0.36666666666666664,0.3125,0.16666666666666666,0.3333333333333333,0.15625,0.08333333333333333,3.968606278744251,2.3333333333333335,2.5,12.3,0.373125,3.6,2.25,0.793103448275862,8.0,73.33333333333333,37.3125,31.25,94.61538461538463,33.33333333333333,46.3,Medium Risk,0,Fast-Track Performers,1.246568585973341,-1.2412078578113177
59,0,Travel_Rarely,1429,Research & Development,18,4,Medical,4,Male,67,3,3,Manufacturing Director,4,Single,10512,20002,6,No,12,3,4,0,25,6,2,9,7,5,4,0.5,0.2692307692307692,0.6,0.4,0.11538461538461539,0.16666666666666666,3.502832389203599,3.0,4.0,7.5,0.3423076923076923,2.4,3.6,0.33620689655172414,6.0,33.33333333333333,34.23076923076923,26.923076923076923,57.692307692307686,40.0,31.76923076923077,Low Risk,0,Fast-Track Performers,1.4804509390102034,1.7246710538587862
34,0,Travel_Frequently,135,Research & Development,19,3,Medical,3,Female,46,3,2,Laboratory Technician,2,Divorced,4444,22534,4,No,13,3,3,2,15,2,4,11,8,5,10,0.4166666666666667,0.5,0.16666666666666666,0.8333333333333334,0.125,0.16666666666666666,2.2208895552223886,3.0,3.0,6.699999999999999,0.37083333333333335,2.3,2.9000000000000004,0.496551724137931,6.5,33.33333333333333,37.083333333333336,50.0,51.53846153846153,83.33333333333334,39.833333333333336,Medium Risk,0,Fast-Track Performers,2.1892985340574205,0.9141854988440109
28,0,Travel_Frequently,791,Research & Development,1,4,Medical,4,Male,44,3,1,Laboratory Technician,3,Single,2154,6842,0,Yes,11,3,3,0,5,2,2,4,2,0,2,0.0,0.3333333333333333,0.4,0.4,0.16666666666666666,1.0,2.151848151848152,2.6666666666666665,3.5,5.9,0.21666666666666667,1.4,3.05,0.7103448275862069,33.0,0.0,21.666666666666668,33.33333333333333,45.38461538461539,40.0,18.666666666666664,Low Risk,3,Stable Contributors,-1.2351485649039788,0.4690080408621482
44,0,Travel_Rarely,1199,Research & Development,4,2,Life Sciences,3,Male,92,4,5,Manager,1,Divorced,19190,17477,1,No,14,3,4,2,26,4,2,25,9,14,13,0.5384615384615384,0.3333333333333333,0.15384615384615385,0.5,0.18518518518518517,0.06666666666666667,3.837232553489302,2.3333333333333335,3.5,7.700000000000001,0.43846153846153846,4.1000000000000005,2.4499999999999997,0.19137931034482758,2.8,93.33333333333333,43.84615384615385,33.33333333333333,59.23076923076924,50.0,55.53846153846153,Medium Risk,0,Fast-Track Performers,2.283528220838279,-0.7711364671674563
34,0,Travel_Frequently,648,Human Resources,11,3,Life Sciences,3,Male,56,2,2,Human Resources,2,Married,4490,21833,4,No,11,3,4,2,14,5,4,10,9,1,8,0.09090909090909091,0.6,0.45454545454545453,0.7272727272727273,0.13333333333333333,0.5,2.2438780609695153,2.6666666666666665,3.5,6.800000000000001,0.3151515151515152,2.0,3.1500000000000004,0.41379310344827586,16.5,6.666666666666667,31.51515151515152,60.0,52.307692307692314,72.72727272727273,32.60606060606061,Low Risk,3,Stable Contributors,0.8562915805508917,0.5876961958657683
35,0,Travel_Rarely,735,Research & Development,6,1,Life Sciences,3,Male,66,3,1,Research Scientist,3,Married,3506,6020,0,Yes,14,3,4,0,4,3,3,3,2,2,2,0.5,0.4,0.75,0.5,0.2,0.3333333333333333,3.5024975024975027,3.0,3.5,7.4,0.375,1.4,3.25,0.6120689655172414,14.0,13.333333333333334,37.5,40.0,56.92307692307692,50.0,31.0,Low Risk,0,Fast-Track Performers,1.3779351878543107,1.2501524322364368
42,0,Travel_Rarely,603,Research & Development,7,4,Medical,2,Female,78,4,2,Research Scientist,2,Married,2372,5628,6,Yes,16,3,4,0,18,2,3,1,0,0,0,0.0,0.0,1.0,0.0,0.10526315789473684,1.0,1.185407296351824,3.0,3.0,7.9,0.1,2.2,2.7,0.6224137931034484,48.0,0.0,10.0,0.0,60.769230769230774,0.0,4.0,Low Risk,2,High-Risk Stagnation,-2.7617429229461603,0.31473907618185143
43,0,Travel_Rarely,531,Sales,4,4,Marketing,4,Female,56,2,3,Sales Executive,4,Single,10231,20364,3,No,14,3,4,0,23,3,4,21,7,15,17,0.6818181818181818,0.2916666666666667,0.13636363636363635,0.7727272727272727,0.125,0.0625,3.409196934355215,3.3333333333333335,4.0,7.4,0.37821969696969693,2.1,4.0,0.19137931034482758,2.625,100.0,37.821969696969695,29.166666666666668,56.92307692307692,77.27272727272727,53.878787878787875,Medium Risk,0,Fast-Track Performers,2.431599572742021,2.728845820398067
36,0,Travel_Rarely,429,Research & Development,2,4,Life Sciences,3,Female,53,3,2,Manufacturing Director,2,Single,5410,2323,9,Yes,11,3,4,0,18,2,3,16,14,5,12,0.29411764705882354,0.7368421052631579,0.11764705882352941,0.7058823529411765,0.10526315789473684,0.16666666666666666,2.703648175912044,2.6666666666666665,3.5,5.9,0.42048503611971105,1.9,2.95,0.5706896551724139,5.5,33.33333333333333,42.04850361197111,73.68421052631578,45.38461538461539,70.58823529411765,48.92466460268317,Medium Risk,0,Fast-Track Performers,2.4351140428587956,0.5043658244203746
44,1,Travel_Rarely,621,Research & Development,15,3,Medical,1,Female,73,3,3,Healthcare Representative,4,Married,7978,14075,1,No,11,3,4,1,10,2,3,10,7,0,5,0.0,0.6363636363636364,0.18181818181818182,0.45454545454545453,0.2727272727272727,1.0,2.6584471842719095,3.3333333333333335,2.5,5.9,0.22575757575757574,2.6,3.0500000000000003,0.30517241379310345,33.0,0.0,22.575757575757574,63.63636363636363,45.38461538461539,45.45454545454545,28.121212121212118,Low Risk,3,Stable Contributors,-1.002468749351306,1.3215496446913182
28,0,Travel_Frequently,193,Research & Development,2,3,Life Sciences,4,Male,52,2,1,Laboratory Technician,4,Married,3867,14222,1,Yes,12,3,2,1,2,2,3,2,2,2,2,0.6666666666666666,0.6666666666666666,0.6666666666666666,0.6666666666666666,0.3333333333333333,0.3333333333333333,3.863136863136863,3.0,3.0,6.300000000000001,0.5,1.3,3.3000000000000003,0.7206896551724138,12.0,13.333333333333334,50.0,66.66666666666666,48.46153846153847,66.66666666666666,44.0,Medium Risk,0,Fast-Track Performers,2.4802807920581,1.3617732364056447
51,0,Travel_Frequently,968,Research & Development,6,2,Medical,2,Female,40,2,1,Laboratory Technician,3,Single,2838,4257,0,No,14,3,2,0,8,6,2,7,0,7,7,0.875,0.0,0.75,0.875,0.1111111111111111,0.125,2.8351648351648353,2.3333333333333335,2.0,8.3,0.47291666666666665,1.1,2.3,0.3620689655172414,5.25,46.666666666666664,47.291666666666664,0.0,63.846153846153854,87.5,32.916666666666664,Low Risk,0,Fast-Track Performers,2.874787404349514,-0.9870216299485923
30,0,Non-Travel,879,Research & Development,9,2,Medical,3,Female,72,3,2,Manufacturing Director,3,Single,4695,12858,7,Yes,18,3,3,0,10,3,3,8,4,1,7,0.1111111111111111,0.36363636363636365,0.3333333333333333,0.7777777777777778,0.18181818181818182,0.5,2.346326836581709,3.0,3.0,9.0,0.2297979797979798,1.9,3.0,0.4931034482758621,27.0,6.666666666666667,22.97979797979798,36.36363636363637,69.23076923076923,77.77777777777779,22.101010101010104,Low Risk,3,Stable Contributors,-0.05389666100472644,0.764539755677096
29,1,Travel_Rarely,806,Research & Development,7,3,Technical Degree,2,Female,39,3,1,Laboratory Technician,3,Divorced,3339,17285,3,Yes,13,3,1,2,10,2,3,7,7,7,7,0.875,0.6363636363636364,0.25,0.875,0.09090909090909091,0.125,3.335664335664336,3.0,1.5,6.699999999999999,0.5653409090909091,1.7999999999999998,2.25,0.6224137931034484,4.875,46.666666666666664,56.53409090909091,63.63636363636363,51.53846153846153,87.5,55.70454545454545,Medium Risk,0,Fast-Track Performers,3.974771429458982,-0.032803178570198425
28,0,Travel_Rarely,640,Research & Development,1,3,Technical Degree,4,Male,84,3,1,Research Scientist,1,Single,2080,4732,2,No,11,3,2,0,5,2,2,3,2,1,2,0.25,0.3333333333333333,0.5,0.5,0.16666666666666666,0.5,2.0779220779220777,2.0,3.0,5.9,0.37083333333333335,1.4,2.2,0.16034482758620688,16.5,6.666666666666667,37.083333333333336,33.33333333333333,45.38461538461539,50.0,26.833333333333336,Low Risk,4,Career Explorers,0.9179262097905129,-1.5976700927585388
25,0,Travel_Rarely,266,Research & Development,1,3,Medical,4,Female,40,3,1,Research Scientist,2,Single,2096,18830,1,No,18,3,4,0,2,3,2,2,2,2,1,0.6666666666666666,0.6666666666666666,1.0,0.3333333333333333,0.3333333333333333,0.3333333333333333,2.093906093906094,2.3333333333333335,4.0,9.0,0.5666666666666667,1.4,3.0,0.16034482758620688,18.0,13.333333333333334,56.666666666666664,66.66666666666666,69.23076923076923,33.33333333333333,46.666666666666664,Medium Risk,0,Fast-Track Performers,2.227358782066091,-0.4690419681097457
32,0,Travel_Rarely,604,Sales,8,3,Medical,3,Male,56,4,2,Sales Executive,4,Married,6209,11693,1,No,15,3,3,2,10,4,4,10,7,0,8,0.0,0.6363636363636364,0.36363636363636365,0.7272727272727273,0.18181818181818182,1.0,3.1029485257371316,4.0,3.0,8.1,0.1590909090909091,2.6,3.5,0.23275862068965517,45.0,0.0,15.909090909090908,63.63636363636363,62.30769230769231,72.72727272727273,25.454545454545453,Low Risk,3,Stable Contributors,-1.3061437006563694,2.6230098013717966
45,0,Travel_Frequently,364,Research & Development,25,3,Medical,2,Female,83,3,5,Manager,2,Single,18061,13035,3,No,22,4,3,0,22,4,3,0,0,0,0,0.0,0.0,4.0,0.0,0.21739130434782608,1.0,3.611477704459108,2.6666666666666665,2.5,11.2,0.13333333333333336,3.4,2.45,0.5586206896551724,88.0,0.0,13.333333333333336,0.0,86.15384615384615,0.0,5.333333333333335,Low Risk,1,Promotion-Stalled,-3.7021366742407076,-1.0437743236743275
39,0,Travel_Rarely,412,Research & Development,13,4,Medical,3,Female,94,2,4,Manager,2,Divorced,17123,17334,6,Yes,13,3,4,2,21,4,3,19,9,15,2,0.75,0.4090909090909091,0.2,0.1,0.18181818181818182,0.0625,4.279680079980005,2.3333333333333335,3.5,7.300000000000001,0.5314393939393939,3.0,2.95,0.6844827586206896,2.4375,100.0,53.14393939393939,40.909090909090914,56.15384615384615,10.0,63.53030303030303,Medium Risk,0,Fast-Track Performers,2.6504006348022218,-0.07207497143988276
58,0,Travel_Rarely,848,Research & Development,23,4,Life Sciences,1,Male,88,3,1,Research Scientist,3,Divorced,2372,26076,1,No,12,3,4,2,2,3,3,2,2,2,2,0.6666666666666666,0.6666666666666666,1.0,0.6666666666666666,0.3333333333333333,0.3333333333333333,2.3696303696303698,3.0,2.5,6.600000000000001,0.5,1.7999999999999998,2.75,0.3879310344827586,12.0,13.333333333333334,50.0,66.66666666666666,50.76923076923078,66.66666666666666,44.0,Medium Risk,0,Fast-Track Performers,2.5006475199118614,0.5503583420528397
32,1,Travel_Rarely,1089,Research & Development,7,2,Life Sciences,4,Male,79,3,2,Laboratory Technician,3,Married,4883,22845,1,No,18,3,1,1,10,3,3,10,4,1,1,0.09090909090909091,0.36363636363636365,0.2727272727272727,0.09090909090909091,0.18181818181818182,0.5,2.440279860069965,3.0,2.5,9.0,0.22272727272727272,2.1,2.75,0.22241379310344828,27.0,6.666666666666667,22.272727272727273,36.36363636363637,69.23076923076923,9.090909090909092,21.81818181818182,Low Risk,3,Stable Contributors,-0.7630947280102884,0.3462702969088076
39,1,Travel_Rarely,360,Research & Development,23,3,Medical,3,Male,93,3,1,Research Scientist,1,Single,3904,22154,0,No,13,3,1,0,6,2,3,5,2,0,3,0.0,0.2857142857142857,0.3333333333333333,0.5,0.14285714285714285,1.0,3.9000999000999,2.3333333333333335,2.0,6.699999999999999,0.23809523809523808,1.4,1.9000000000000001,0.3879310344827586,39.0,0.0,23.809523809523807,28.57142857142857,51.53846153846153,50.0,18.095238095238095,Low Risk,4,Career Explorers,-1.1424227991595137,-1.6820864023236974
30,0,Travel_Rarely,1138,Research & Development,6,3,Technical Degree,1,Female,48,2,2,Laboratory Technician,4,Married,4627,23631,0,No,12,3,1,1,10,6,3,9,2,6,7,0.6,0.18181818181818182,0.6,0.7,0.18181818181818182,0.14285714285714285,2.312343828085957,3.0,1.0,7.5,0.35545454545454547,1.8,2.3,0.21206896551724136,5.142857142857143,40.0,35.54545454545455,18.181818181818183,57.692307692307686,70.0,31.672727272727272,Low Risk,0,Fast-Track Performers,1.9149724989241104,0.08710916592008938
36,0,Travel_Rarely,325,Research & Development,10,4,Technical Degree,4,Female,63,3,3,Healthcare Representative,3,Married,7094,5747,3,No,12,3,1,0,10,0,3,7,7,1,7,0.125,0.6363636363636364,0.0,0.875,0.2727272727272727,0.5,2.363878707097634,3.0,2.5,5.700000000000001,0.3028409090909091,2.4,2.75,0.253448275862069,18.0,6.666666666666667,30.28409090909091,63.63636363636363,43.846153846153854,87.5,33.20454545454545,Medium Risk,3,Stable Contributors,0.8935410540702977,0.6540187865765157
46,0,Travel_Rarely,991,Human Resources,1,2,Life Sciences,4,Female,44,3,1,Human Resources,1,Single,3423,22957,6,No,12,3,3,0,10,3,4,7,6,5,7,0.625,0.5454545454545454,0.375,0.875,0.09090909090909091,0.16666666666666666,3.4195804195804196,2.6666666666666665,3.5,6.600000000000001,0.4884469696969697,1.4,2.8499999999999996,0.16034482758620688,6.0,33.33333333333333,48.84469696969697,54.54545454545454,50.76923076923078,87.5,45.90151515151515,Medium Risk,0,Fast-Track Performers,3.140545598971584,0.18148211289787736
28,0,Non-Travel,1476,Research & Development,1,3,Life Sciences,3,Female,55,1,2,Laboratory Technician,4,Married,6674,16392,0,No,11,3,1,3,10,6,3,9,8,7,5,0.7,0.7272727272727273,0.6,0.5,0.18181818181818182,0.125,3.3353323338330836,2.6666666666666665,2.0,7.1,0.5601515151515151,1.9000000000000001,2.8000000000000003,0.010344827586206896,4.125,46.666666666666664,56.01515151515151,72.72727272727273,54.61538461538461,50.0,58.224242424242426,Medium Risk,0,Fast-Track Performers,3.3102551901252264,-0.009483952147212567
50,0,Travel_Rarely,1322,Research & Development,28,3,Life Sciences,4,Female,43,3,4,Research Director,1,Married,16880,22422,4,Yes,11,3,2,0,25,2,3,3,2,1,2,0.25,0.07692307692307693,0.5,0.5,0.15384615384615385,0.5,4.218945263684079,2.3333333333333335,3.0,5.9,0.27339743589743587,2.9,2.4000000000000004,0.8396551724137932,16.5,6.666666666666667,27.339743589743588,7.6923076923076925,45.38461538461539,50.0,15.243589743589745,Low Risk,4,Career Explorers,0.23264415278585085,-0.5735432690297598
40,1,Travel_Rarely,299,Sales,25,4,Marketing,4,Male,57,2,3,Sales Executive,2,Single,9094,17235,2,Yes,12,3,3,0,9,2,3,5,4,1,0,0.16666666666666666,0.4,0.3333333333333333,0.0,0.3,0.5,3.0303232255914696,2.3333333333333335,3.5,6.300000000000001,0.32499999999999996,2.1,2.95,0.8086206896551724,18.0,6.666666666666667,32.49999999999999,40.0,48.46153846153847,0.0,27.0,Low Risk,4,Career Explorers,-0.10483448462661976,0.011381786991990857
52,1,Travel_Rarely,1030,Sales,5,3,Life Sciences,2,Male,64,3,3,Sales Executive,2,Single,8446,21534,9,Yes,19,3,3,0,10,2,2,8,7,7,7,0.7777777777777778,0.6363636363636364,0.2222222222222222,0.7777777777777778,0.2727272727272727,0.125,2.8143952015994667,2.3333333333333335,2.5,9.100000000000001,0.597979797979798,2.4,2.25,0.6017241379310345,7.125,46.666666666666664,59.79797979797979,63.63636363636363,70.0,77.77777777777779,57.01010101010101,Medium Risk,0,Fast-Track Performers,3.503254187176884,-1.1978879698176519
30,0,Travel_Rarely,634,Research & Development,17,4,Medical,2,Female,95,3,3,Manager,1,Married,11916,25927,1,Yes,23,4,4,2,9,2,3,9,1,0,8,0.0,0.1,0.2,0.8,0.3,1.0,3.970676441186271,2.3333333333333335,3.0,11.0,0.19166666666666665,2.8,2.4000000000000004,0.7258620689655173,92.0,0.0,19.166666666666664,10.0,84.61538461538461,80.0,10.666666666666666,Low Risk,1,Promotion-Stalled,-2.7378771855006963,-1.5538987955146404
39,0,Travel_Rarely,524,Research & Development,18,2,Life Sciences,1,Male,32,3,2,Manufacturing Director,3,Single,4534,13352,0,No,11,3,1,0,9,6,3,8,7,1,7,0.1111111111111111,0.7,0.6666666666666666,0.7777777777777778,0.2,0.5,2.265867066466767,3.0,1.0,7.1,0.3138888888888889,1.9,2.0,0.33620689655172414,16.5,6.666666666666667,31.38888888888889,70.0,54.61538461538461,77.77777777777779,35.55555555555556,Medium Risk,4,Career Explorers,0.9718391670490213,-0.42164741791510385
31,0,Non-Travel,587,Sales,2,4,Life Sciences,4,Female,57,3,3,Sales Executive,3,Divorced,9852,8935,1,Yes,19,3,1,1,10,5,2,10,8,9,6,0.8181818181818182,0.7272727272727273,0.45454545454545453,0.5454545454545454,0.2727272727272727,0.1,3.2829056981006333,2.6666666666666665,2.5,10.000000000000002,0.6015151515151516,2.6,2.55,0.4206896551724138,5.7,60.0,60.151515151515156,72.72727272727273,76.92307692307693,54.54545454545454,63.87878787878788,Medium Risk,0,Fast-Track Performers,3.421294354285401,-0.4615880255795141
41,0,Non-Travel,256,Sales,10,2,Medical,3,Male,40,1,2,Sales Executive,2,Single,6151,22074,1,No,13,3,1,0,19,4,3,19,2,11,9,0.55,0.1,0.2,0.45,0.1,0.08333333333333333,3.0739630184907547,2.0,2.0,7.300000000000001,0.4175,1.3,2.2,0.10344827586206896,3.25,73.33333333333333,41.75,10.0,56.15384615384615,45.0,41.699999999999996,Medium Risk,0,Fast-Track Performers,2.0644228911273497,-1.554931568480784
31,1,Travel_Frequently,1060,Sales,1,3,Life Sciences,4,Female,54,3,1,Sales Representative,2,Single,2302,8319,1,Yes,11,3,1,0,3,2,4,3,2,2,2,0.5,0.5,0.5,0.5,0.25,0.3333333333333333,2.2997002997002998,3.0,2.5,5.9,0.4,1.4,2.6500000000000004,0.7103448275862069,11.0,13.333333333333334,40.0,50.0,45.38461538461539,50.0,35.0,Medium Risk,0,Fast-Track Performers,1.6868135762955085,0.639546401626348
44,1,Travel_Rarely,935,Research & Development,3,3,Life Sciences,1,Male,89,3,1,Laboratory Technician,1,Married,2362,14669,4,No,12,3,3,0,10,4,4,3,2,1,2,0.25,0.18181818181818182,1.0,0.5,0.09090909090909091,0.5,2.3596403596403595,2.6666666666666665,2.0,6.9,0.2662878787878788,1.4,2.1,0.1810344827586207,18.0,6.666666666666667,26.62878787878788,18.181818181818183,53.07692307692308,50.0,18.10606060606061,Low Risk,4,Career Explorers,0.3190989248805814,-0.7610835864888471
42,0,Non-Travel,495,Research & Development,2,1,Life Sciences,3,Male,37,3,4,Manager,3,Married,17861,26582,0,Yes,13,3,4,0,21,3,2,20,8,2,10,0.09523809523809523,0.36363636363636365,0.14285714285714285,0.47619047619047616,0.18181818181818182,0.3333333333333333,4.464133966508373,2.6666666666666665,3.5,7.0,0.25757575757575757,2.9,3.05,0.4206896551724138,13.0,13.333333333333334,25.757575757575758,36.36363636363637,53.84615384615385,47.61904761904761,25.212121212121215,Low Risk,3,Stable Contributors,0.36130446794680754,0.5897163900574426
55,0,Travel_Rarely,282,Research & Development,2,2,Medical,4,Female,58,1,5,Manager,3,Married,19187,6992,4,No,14,3,4,1,23,5,3,19,9,9,11,0.45,0.375,0.25,0.55,0.20833333333333334,0.1,3.836632673465307,2.3333333333333335,4.0,8.0,0.4179166666666666,3.0,3.5,0.1706896551724138,4.2,60.0,41.79166666666666,37.5,61.53846153846154,55.00000000000001,45.96666666666667,Medium Risk,0,Fast-Track Performers,1.993034428007544,0.5342175157339134
56,0,Travel_Rarely,206,Human Resources,8,4,Life Sciences,4,Male,99,3,5,Manager,2,Single,19717,4022,6,No,14,3,1,0,36,4,3,7,3,7,7,0.875,0.08108108108108109,0.5,0.875,0.13513513513513514,0.125,3.942611477704459,2.6666666666666665,2.5,7.700000000000001,0.4598536036036036,3.4,2.45,0.23275862068965517,5.25,46.666666666666664,45.98536036036036,8.108108108108109,59.23076923076924,87.5,34.82657657657658,Medium Risk,0,Fast-Track Performers,2.881953256712846,-0.28941614626460527
40,0,Non-Travel,458,Research & Development,16,2,Life Sciences,3,Male,74,3,1,Research Scientist,3,Divorced,3544,8532,9,No,16,3,2,1,6,0,3,4,2,0,0,0.0,0.2857142857142857,0.0,0.0,0.14285714285714285,1.0,3.5404595404595405,3.0,2.5,7.300000000000001,0.17142857142857143,1.5999999999999999,2.75,0.16551724137931034,48.0,0.0,17.142857142857142,28.57142857142857,56.15384615384615,0.0,15.428571428571429,Low Risk,2,High-Risk Stagnation,-2.1889687106696383,0.22550290447026966
34,0,Travel_Rarely,943,Research & Development,9,3,Life Sciences,4,Male,86,3,3,Healthcare Representative,4,Divorced,8500,5494,0,No,11,3,4,1,10,0,2,9,7,1,6,0.1,0.6363636363636364,0.0,0.6,0.2727272727272727,0.5,2.8323892035988005,3.0,4.0,5.300000000000001,0.29409090909090907,2.6,3.6,0.24310344827586206,16.5,6.666666666666667,29.409090909090907,63.63636363636363,40.769230769230774,60.0,32.85454545454545,Low Risk,3,Stable Contributors,0.5604903565331373,1.7666871268631705
40,0,Travel_Rarely,523,Research & Development,2,3,Life Sciences,3,Male,98,3,2,Research Scientist,4,Single,4661,22455,1,No,13,3,3,0,9,4,3,9,8,8,8,0.8,0.8,0.4,0.8,0.2,0.1111111111111111,2.3293353323338333,3.3333333333333335,3.0,7.300000000000001,0.5466666666666666,1.9,3.3000000000000003,0.1706896551724138,4.333333333333333,53.333333333333336,54.666666666666664,80.0,56.15384615384615,80.0,61.86666666666667,Medium Risk,0,Fast-Track Performers,3.6766392272079966,1.647048721735146
41,0,Travel_Frequently,1018,Sales,1,3,Marketing,3,Female,66,3,2,Sales Executive,1,Divorced,4103,4297,0,No,17,3,4,1,10,2,3,9,3,1,7,0.1,0.2727272727272727,0.2,0.7,0.18181818181818182,0.5,2.0504747626186908,2.3333333333333335,3.5,8.3,0.26984848484848484,2.1,2.65,0.3103448275862069,25.5,6.666666666666667,26.984848484848484,27.27272727272727,63.846153846153854,70.0,20.975757575757576,Low Risk,4,Career Explorers,0.05348750626938127,-0.6567453806771185
35,0,Travel_Frequently,482,Research & Development,4,4,Life Sciences,3,Male,87,3,2,Research Scientist,3,Single,4249,2690,1,Yes,11,3,2,0,9,3,3,9,6,1,1,0.1,0.6,0.3,0.1,0.2,0.5,2.1234382808595704,3.0,2.5,6.200000000000001,0.28500000000000003,1.9,2.75,0.7413793103448275,16.5,6.666666666666667,28.500000000000004,60.0,47.6923076923077,10.0,31.400000000000002,Low Risk,3,Stable Contributors,0.07511293806028287,0.7126562084737272
51,0,Travel_Rarely,770,Human Resources,5,3,Life Sciences,3,Male,84,3,4,Manager,2,Divorced,14026,17588,1,Yes,11,3,2,1,33,2,3,33,9,0,10,0.0,0.2647058823529412,0.058823529411764705,0.29411764705882354,0.11764705882352941,1.0,3.5056235941014746,2.6666666666666665,2.5,5.9,0.19950980392156864,3.1,2.45,0.6017241379310345,33.0,0.0,19.950980392156865,26.47058823529412,45.38461538461539,29.411764705882355,15.92156862745098,Low Risk,3,Stable Contributors,-1.3808781315820435,-0.3194536043682979
38,0,Travel_Rarely,1009,Sales,2,2,Life Sciences,2,Female,31,3,2,Sales Executive,1,Divorced,6893,19461,3,No,15,3,4,1,11,3,3,7,7,1,7,0.125,0.5833333333333334,0.375,0.875,0.16666666666666666,0.5,3.444777611194403,2.3333333333333335,3.0,7.800000000000001,0.35624999999999996,2.1,2.4000000000000004,0.1706896551724138,22.5,6.666666666666667,35.62499999999999,58.333333333333336,60.00000000000001,87.5,33.75,Medium Risk,4,Career Explorers,1.0484590959830642,-1.0509959654196939
34,0,Travel_Rarely,507,Sales,15,2,Medical,3,Female,66,3,2,Sales Executive,1,Single,6125,23553,1,No,12,3,4,0,10,6,4,10,8,9,6,0.8181818181818182,0.7272727272727273,0.5454545454545454,0.5454545454545454,0.18181818181818182,0.1,3.0609695152423786,2.6666666666666665,3.5,7.5,0.6015151515151516,1.9,2.8499999999999996,0.30517241379310345,3.6,60.0,60.151515151515156,72.72727272727273,57.692307692307686,54.54545454545454,63.87878787878788,Medium Risk,0,Fast-Track Performers,3.70302044381651,0.07998105187028143
25,0,Travel_Rarely,882,Research & Development,19,1,Medical,4,Male,67,3,1,Laboratory Technician,4,Married,3669,9075,3,No,11,3,3,3,7,6,2,3,2,1,2,0.25,0.25,1.5,0.5,0.125,0.5,3.6653346653346652,3.0,3.5,7.1,0.25,2.0,3.35,0.346551724137931,16.5,6.666666666666667,25.0,25.0,54.61538461538461,50.0,19.5,Low Risk,3,Stable Contributors,0.20807690736803783,1.364343521021823
58,1,Travel_Rarely,601,Research & Development,7,4,Medical,3,Female,53,2,3,Manufacturing Director,1,Married,10008,12023,7,Yes,14,3,4,0,31,0,2,10,9,5,9,0.45454545454545453,0.28125,0.0,0.8181818181818182,0.09375,0.16666666666666666,3.3348883705431525,1.6666666666666667,3.5,6.5,0.4627367424242424,2.1,2.4499999999999997,0.6224137931034484,7.0,33.33333333333333,46.27367424242424,28.125,50.0,81.81818181818183,36.946969696969695,Medium Risk,0,Fast-Track Performers,2.51866376948375,-1.608483754499638
40,0,Travel_Rarely,329,Research & Development,1,4,Life Sciences,2,Male,88,3,1,Laboratory Technician,2,Married,2387,6762,3,No,22,4,3,1,7,3,3,4,2,0,3,0.0,0.25,0.6,0.6,0.125,1.0,2.3846153846153846,2.6666666666666665,2.5,10.9,0.19583333333333336,1.5999999999999999,2.45,0.16034482758620688,88.0,0.0,19.583333333333336,25.0,83.84615384615385,60.0,15.333333333333336,Low Risk,1,Promotion-Stalled,-2.4637956883720973,-1.2012592838431384
36,0,Travel_Frequently,607,Sales,7,3,Marketing,1,Female,83,4,2,Sales Executive,1,Married,4639,2261,2,No,16,3,4,1,17,2,2,15,7,6,13,0.375,0.3888888888888889,0.125,0.8125,0.1111111111111111,0.14285714285714285,2.3183408295852073,2.3333333333333335,2.5,7.9,0.3951388888888888,2.4000000000000004,1.9500000000000002,0.37241379310344824,6.857142857142857,40.0,39.51388888888888,38.88888888888889,60.769230769230774,81.25,39.472222222222214,Medium Risk,0,Fast-Track Performers,2.162815936831544,-1.4004860660557712
48,0,Travel_Rarely,855,Research & Development,4,3,Life Sciences,4,Male,54,3,3,Manufacturing Director,4,Single,7898,18706,1,No,11,3,3,0,11,2,3,10,9,0,8,0.0,0.75,0.18181818181818182,0.7272727272727273,0.25,1.0,2.631789403532156,3.3333333333333335,3.5,5.9,0.25416666666666665,2.4,3.5500000000000003,0.19137931034482758,33.0,0.0,25.416666666666664,75.0,45.38461538461539,72.72727272727273,32.666666666666664,Low Risk,3,Stable Contributors,-0.4996459807244338,1.8972773909101786
27,0,Travel_Rarely,1291,Sales,11,3,Medical,3,Female,98,4,1,Sales Representative,4,Married,2534,6527,8,No,14,3,2,1,5,4,3,1,0,0,0,0.0,0.0,2.0,0.0,0.16666666666666666,1.0,2.5314685314685317,3.6666666666666665,2.5,7.700000000000001,0.03333333333333335,1.9,3.0500000000000003,0.26379310344827583,42.0,0.0,3.333333333333335,0.0,59.23076923076924,0.0,1.333333333333334,Low Risk,2,High-Risk Stagnation,-3.0309587562358655,1.7623584227415516
51,0,Travel_Rarely,1405,Research & Development,11,2,Technical Degree,4,Female,82,2,4,Manufacturing Director,2,Single,13142,24439,3,No,16,3,2,0,29,1,2,5,2,0,3,0.0,0.06666666666666667,0.16666666666666666,0.5,0.13333333333333333,1.0,3.284678830292427,2.0,3.0,7.6,0.21666666666666667,2.6,2.5,0.26379310344827583,48.0,0.0,21.666666666666668,6.666666666666667,58.46153846153845,50.0,10.666666666666668,Low Risk,4,Career Explorers,-1.6747203660796952,-1.5335136384304402
18,0,Non-Travel,1124,Research & Development,1,3,Life Sciences,4,Female,97,3,1,Laboratory Technician,4,Single,1611,19305,1,No,15,3,3,0,0,5,4,0,0,0,0,0.0,0.0,5.0,0.0,1.0,1.0,1.6093906093906094,3.6666666666666665,3.5,8.4,0.03333333333333335,1.4,3.75,0.010344827586206896,45.0,0.0,3.333333333333335,0.0,64.61538461538461,0.0,1.333333333333334,Low Risk,2,High-Risk Stagnation,-4.229348230133658,2.745175737876368
35,0,Travel_Rarely,817,Research & Development,1,3,Medical,4,Female,60,2,2,Laboratory Technician,4,Married,5363,10846,0,No,12,3,2,1,10,0,3,9,7,0,0,0.0,0.6363636363636364,0.0,0.0,0.18181818181818182,1.0,2.68015992003998,3.0,3.0,5.700000000000001,0.2590909090909091,1.8,3.3000000000000003,0.16034482758620688,36.0,0.0,25.90909090909091,63.63636363636363,43.846153846153854,0.0,29.454545454545453,Low Risk,3,Stable Contributors,-1.2328766623602145,1.0355155743794815
27,0,Travel_Frequently,793,Sales,2,1,Life Sciences,4,Male,43,1,2,Sales Executive,4,Single,5071,20392,3,No,20,4,2,0,8,3,3,6,2,0,0,0.0,0.2222222222222222,0.42857142857142855,0.0,0.2222222222222222,1.0,2.534232883558221,2.6666666666666665,3.0,10.1,0.1888888888888889,1.3,3.3000000000000003,0.32068965517241377,80.0,0.0,18.888888888888893,22.22222222222222,77.6923076923077,0.0,14.222222222222223,Low Risk,1,Promotion-Stalled,-3.0790073527092354,0.04786335140034806
55,1,Travel_Rarely,267,Sales,13,4,Marketing,1,Male,85,4,4,Sales Executive,3,Single,13695,9277,6,Yes,17,3,3,0,24,2,2,19,7,3,8,0.15,0.28,0.1,0.4,0.16,0.25,3.4228942764308923,3.0,2.0,8.3,0.2225,3.2,2.3,0.6844827586206896,12.75,20.0,22.25,28.000000000000004,63.846153846153854,40.0,23.3,Low Risk,3,Stable Contributors,0.22220704845395794,0.13882994588678033
56,0,Travel_Rarely,1369,Research & Development,23,3,Life Sciences,4,Male,68,3,4,Manufacturing Director,2,Married,13402,18235,4,Yes,12,3,1,1,33,0,3,19,16,15,9,0.75,0.47058823529411764,0.0,0.45,0.11764705882352941,0.0625,3.3496625843539114,2.6666666666666665,2.5,5.700000000000001,0.5134803921568627,3.1,2.45,0.7879310344827587,2.25,100.0,51.34803921568627,47.05882352941176,43.846153846153854,45.0,64.65686274509804,Medium Risk,0,Fast-Track Performers,3.160073854437865,-0.057065492370700494
34,0,Non-Travel,999,Research & Development,26,1,Technical Degree,1,Female,92,2,1,Research Scientist,3,Divorced,2029,15891,1,No,20,4,3,3,5,2,3,5,4,0,0,0.0,0.6666666666666666,0.3333333333333333,0.0,0.16666666666666666,1.0,2.026973026973027,2.6666666666666665,2.0,9.799999999999999,0.30000000000000004,1.7000000000000002,2.5,0.2689655172413793,80.0,0.0,30.000000000000004,66.66666666666666,75.38461538461537,0.0,32.0,Low Risk,1,Promotion-Stalled,-2.0457303207596307,-1.1142179090522877
40,0,Travel_Rarely,1202,Research & Development,2,1,Medical,2,Female,89,4,2,Healthcare Representative,3,Divorced,6377,13888,5,No,20,4,2,3,15,0,3,12,11,11,8,0.8461538461538461,0.6875,0.0,0.6153846153846154,0.125,0.08333333333333333,3.186906546726637,3.3333333333333335,2.0,9.2,0.5346955128205129,2.8000000000000003,2.5,0.1706896551724138,6.666666666666667,73.33333333333333,53.469551282051285,68.75,70.76923076923076,61.53846153846154,64.01282051282051,Medium Risk,0,Fast-Track Performers,3.4242972233378204,0.4603277755536425
34,0,Travel_Rarely,285,Research & Development,29,3,Medical,2,Male,86,3,2,Laboratory Technician,3,Married,5429,17491,4,No,13,3,1,2,10,1,3,8,7,7,7,0.7777777777777778,0.6363636363636364,0.1111111111111111,0.7777777777777778,0.18181818181818182,0.125,2.713143428285857,3.0,1.5,6.4,0.5313131313131313,2.3,2.25,0.44999999999999996,4.875,46.666666666666664,53.13131313131313,63.63636363636363,49.23076923076923,77.77777777777779,54.34343434343434,Medium Risk,0,Fast-Track Performers,3.506299986865746,-0.006333128224212224
31,1,Travel_Frequently,703,Sales,2,3,Life Sciences,3,Female,90,2,1,Sales Representative,4,Single,2785,11882,7,No,14,3,3,0,3,3,4,1,0,0,0,0.0,0.0,1.5,0.0,0.25,1.0,2.7822177822177823,3.3333333333333335,3.0,7.4,0.06666666666666665,1.1,3.5,0.32068965517241377,42.0,0.0,6.666666666666665,0.0,56.92307692307692,0.0,2.666666666666666,Low Risk,2,High-Risk Stagnation,-2.991988863681172,1.8855456135512716
35,1,Travel_Frequently,662,Sales,18,4,Marketing,4,Female,67,3,2,Sales Executive,3,Married,4614,23288,0,Yes,18,3,3,1,5,0,2,4,2,3,2,0.6,0.3333333333333333,0.0,0.4,0.3333333333333333,0.25,2.305847076461769,2.6666666666666665,3.5,8.1,0.4266666666666667,2.1,3.05,0.8862068965517241,13.5,20.0,42.66666666666667,33.33333333333333,62.30769230769231,40.0,33.06666666666667,Medium Risk,0,Fast-Track Performers,1.4974747701905005,0.5530081032507644
38,0,Travel_Frequently,693,Research & Development,7,3,Life Sciences,4,Male,57,4,1,Research Scientist,3,Divorced,2610,15748,1,No,11,3,4,3,4,2,3,4,2,0,3,0.0,0.4,0.4,0.6,0.2,1.0,2.6073926073926073,3.3333333333333335,4.0,5.9,0.16666666666666666,2.3,3.5,0.37241379310344824,33.0,0.0,16.666666666666664,40.0,45.38461538461539,60.0,18.666666666666664,Low Risk,3,Stable Contributors,-1.2719864279017592,1.972198589217729
34,0,Travel_Rarely,404,Research & Development,2,4,Technical Degree,3,Female,98,3,2,Healthcare Representative,4,Single,6687,6163,1,No,11,3,4,0,14,2,4,14,11,4,11,0.26666666666666666,0.7333333333333333,0.13333333333333333,0.7333333333333333,0.13333333333333333,0.2,3.341829085457271,3.6666666666666665,3.5,5.9,0.30999999999999994,1.9,3.75,0.1706896551724138,6.6,26.666666666666668,30.999999999999993,73.33333333333333,45.38461538461539,73.33333333333333,42.39999999999999,Medium Risk,3,Stable Contributors,1.7791670908344315,2.9504021103432185
28,0,Travel_Rarely,736,Sales,26,3,Life Sciences,3,Male,48,2,2,Sales Executive,1,Married,4724,24232,1,No,11,3,3,1,5,0,3,5,3,0,4,0.0,0.5,0.0,0.6666666666666666,0.3333333333333333,1.0,2.3608195902048976,2.0,3.0,5.300000000000001,0.325,1.8,2.4000000000000004,0.4189655172413793,33.0,0.0,32.5,50.0,40.769230769230774,66.66666666666666,28.0,Low Risk,4,Career Explorers,-0.4672933912166115,-1.400357382261084
31,1,Travel_Rarely,330,Research & Development,22,4,Medical,4,Male,98,3,2,Manufacturing Director,3,Married,6179,21057,1,Yes,15,3,4,2,10,3,2,10,2,6,7,0.5454545454545454,0.18181818181818182,0.2727272727272727,0.6363636363636364,0.18181818181818182,0.14285714285714285,3.0879560219890054,2.6666666666666665,4.0,7.800000000000001,0.3696969696969697,2.3,3.3,0.7775862068965518,6.428571428571429,40.0,36.96969696969697,18.181818181818183,60.00000000000001,63.63636363636363,32.24242424242424,Low Risk,0,Fast-Track Performers,1.7442918483035197,0.9745852948599348
39,0,Travel_Rarely,1498,Sales,21,4,Life Sciences,1,Male,44,2,2,Sales Executive,4,Married,6120,3567,3,Yes,12,3,4,2,8,2,4,5,4,1,4,0.16666666666666666,0.4444444444444444,0.3333333333333333,0.6666666666666666,0.2222222222222222,0.5,3.058470764617691,3.3333333333333335,2.5,6.300000000000001,0.23611111111111108,2.0,3.25,0.7672413793103449,18.0,6.666666666666667,23.611111111111107,44.44444444444444,48.46153846153847,66.66666666666666,24.777777777777775,Low Risk,3,Stable Contributors,0.25818271867810894,1.913200375038272
51,0,Travel_Frequently,541,Sales,2,3,Marketing,2,Male,52,3,3,Sales Executive,2,Married,10596,15395,2,No,11,3,2,0,14,5,3,4,2,3,2,0.6,0.13333333333333333,1.0,0.4,0.2,0.25,3.53082305898034,2.6666666666666665,2.0,6.800000000000001,0.3766666666666667,2.4,2.2,0.32068965517241377,8.25,20.0,37.66666666666667,13.333333333333334,52.307692307692314,40.0,25.06666666666667,Low Risk,0,Fast-Track Performers,1.494928534558089,-0.5100559720842893
41,0,Travel_Frequently,1200,Research & Development,22,3,Life Sciences,4,Female,75,3,2,Research Scientist,4,Divorced,5467,13953,3,Yes,14,3,1,2,12,4,2,6,2,3,3,0.42857142857142855,0.15384615384615385,0.5714285714285714,0.42857142857142855,0.15384615384615385,0.25,2.732133933033483,3.0,2.5,7.700000000000001,0.28846153846153844,2.3,2.85,0.9275862068965517,10.5,20.0,28.846153846153843,15.384615384615385,59.23076923076924,42.857142857142854,22.153846153846153,Low Risk,0,Fast-Track Performers,0.838502783966431,0.9290516622225901
37,0,Travel_Rarely,1439,Research & Development,4,1,Life Sciences,3,Male,54,3,1,Research Scientist,3,Married,2996,5182,7,Yes,15,3,4,0,8,2,3,6,4,1,3,0.14285714285714285,0.4444444444444444,0.2857142857142857,0.42857142857142855,0.1111111111111111,0.5,2.993006993006993,3.0,3.5,7.5,0.26111111111111107,1.4,3.25,0.5913793103448276,22.5,6.666666666666667,26.111111111111107,44.44444444444444,57.692307692307686,42.857142857142854,25.777777777777775,Low Risk,3,Stable Contributors,0.10518633836951116,1.1889992635019637
33,0,Travel_Frequently,1111,Sales,5,1,Life Sciences,2,Male,61,3,2,Sales Executive,4,Married,9998,19293,6,No,13,3,1,0,8,2,4,5,4,1,2,0.16666666666666666,0.4444444444444444,0.3333333333333333,0.3333333333333333,0.2222222222222222,0.5,4.9965017491254375,3.6666666666666665,1.5,6.699999999999999,0.20277777777777778,1.9,2.75,0.35172413793103446,19.5,6.666666666666667,20.27777777777778,44.44444444444444,51.53846153846153,33.33333333333333,23.444444444444443,Low Risk,3,Stable Contributors,-0.23731446377173432,1.6197746859111328
32,0,Travel_Rarely,499,Sales,2,1,Marketing,3,Male,36,3,2,Sales Executive,2,Married,4078,20497,0,Yes,13,3,1,3,4,3,2,3,2,1,2,0.25,0.4,0.75,0.5,0.4,0.5,2.0379810094952524,2.3333333333333335,2.0,7.0,0.35416666666666663,2.5,2.0,0.5706896551724139,19.5,6.666666666666667,35.416666666666664,40.0,53.84615384615385,50.0,28.166666666666664,Low Risk,4,Career Explorers,0.4806603220094202,-1.2949404316259723
39,0,Non-Travel,1485,Research & Development,25,2,Life Sciences,3,Male,71,3,3,Healthcare Representative,3,Married,10920,3449,3,No,21,4,2,1,13,2,3,6,4,0,5,0.0,0.2857142857142857,0.2857142857142857,0.7142857142857143,0.21428571428571427,1.0,3.638787070976341,3.0,2.5,10.2,0.17142857142857143,2.6,2.75,0.2586206896551724,84.0,0.0,17.142857142857142,28.57142857142857,78.46153846153847,71.42857142857143,15.428571428571429,Low Risk,1,Promotion-Stalled,-2.450191514293609,-0.17797877214126168
25,0,Travel_Rarely,1372,Sales,18,1,Life Sciences,1,Male,93,4,2,Sales Executive,3,Married,6232,12477,2,No,11,3,2,0,6,3,2,3,2,1,2,0.25,0.2857142857142857,0.75,0.5,0.2857142857142857,0.5,3.1144427786106945,3.0,1.5,6.200000000000001,0.2589285714285714,2.2,2.05,0.33620689655172414,16.5,6.666666666666667,25.89285714285714,28.57142857142857,47.6923076923077,50.0,20.928571428571427,Low Risk,4,Career Explorers,0.1918600423330671,-0.18145129382498598
52,0,Travel_Frequently,322,Research & Development,28,2,Medical,4,Female,59,4,4,Manufacturing Director,3,Married,13247,9731,2,Yes,11,3,2,1,24,3,2,5,3,0,2,0.0,0.12,0.5,0.3333333333333333,0.16,1.0,3.3109222694326417,3.0,3.0,6.200000000000001,0.13,3.4000000000000004,2.8,0.9896551724137931,33.0,0.0,13.0,12.0,47.6923076923077,33.33333333333333,8.8,Low Risk,3,Stable Contributors,-1.8893139235500644,0.7755902552764959
43,0,Travel_Rarely,930,Research & Development,6,3,Medical,1,Female,73,2,2,Research Scientist,3,Single,4081,20003,1,Yes,14,3,1,0,20,3,1,20,7,1,8,0.047619047619047616,0.3333333333333333,0.14285714285714285,0.38095238095238093,0.09523809523809523,0.5,2.0394802598700648,2.0,1.0,7.4,0.3,1.6,1.5999999999999999,0.6120689655172414,21.0,6.666666666666667,30.0,33.33333333333333,56.92307692307692,38.095238095238095,24.0,Low Risk,4,Career Explorers,0.16675755059148917,-2.362755074072272
27,0,Travel_Rarely,205,Sales,10,3,Marketing,4,Female,98,2,2,Sales Executive,4,Married,5769,7100,1,Yes,11,3,4,0,6,3,3,6,2,4,4,0.5714285714285714,0.2857142857142857,0.42857142857142855,0.5714285714285714,0.2857142857142857,0.2,2.8830584707646176,3.0,4.0,6.200000000000001,0.37142857142857144,1.6,3.8000000000000003,0.653448275862069,6.6,26.666666666666668,37.142857142857146,28.57142857142857,47.6923076923077,57.14285714285714,31.42857142857143,Low Risk,0,Fast-Track Performers,1.6641113348984113,2.188147389593737
27,1,Travel_Rarely,135,Research & Development,17,4,Life Sciences,4,Female,51,3,1,Research Scientist,3,Single,2394,25681,1,Yes,13,3,4,0,8,2,3,8,2,7,7,0.7777777777777778,0.2222222222222222,0.2222222222222222,0.7777777777777778,0.1111111111111111,0.125,2.3916083916083917,3.0,4.0,6.699999999999999,0.4277777777777777,1.4,3.5,0.7258620689655173,4.875,46.666666666666664,42.77777777777777,22.22222222222222,51.53846153846153,77.77777777777779,37.77777777777777,Medium Risk,0,Fast-Track Performers,2.6677885948170568,1.741087712584324
26,0,Travel_Rarely,683,Research & Development,2,1,Medical,1,Male,36,2,1,Research Scientist,4,Single,3904,4050,0,No,12,3,4,0,5,2,3,4,3,1,1,0.2,0.5,0.4,0.2,0.16666666666666666,0.5,3.9000999000999,3.0,2.5,6.300000000000001,0.29500000000000004,1.1,3.0500000000000003,0.1706896551724138,18.0,6.666666666666667,29.500000000000004,50.0,48.46153846153847,20.0,28.800000000000004,Low Risk,3,Stable Contributors,0.26062936968779066,0.9226594130549839
42,0,Travel_Rarely,1147,Human Resources,10,3,Human Resources,3,Female,31,3,4,Manager,1,Married,16799,16616,0,No,14,3,3,1,21,5,3,20,7,0,9,0.0,0.3181818181818182,0.23809523809523808,0.42857142857142855,0.18181818181818182,1.0,4.198700324918771,2.3333333333333335,3.0,8.0,0.24621212121212122,3.1,2.4000000000000004,0.253448275862069,42.0,0.0,24.62121212121212,31.818181818181817,61.53846153846154,42.857142857142854,19.393939393939394,Low Risk,4,Career Explorers,-1.349399987216981,-1.2119030919878129
52,0,Travel_Rarely,258,Research & Development,8,4,Other,3,Female,54,3,1,Laboratory Technician,1,Married,2950,17363,9,No,13,3,3,0,12,2,1,5,4,0,4,0.0,0.3076923076923077,0.3333333333333333,0.6666666666666666,0.07692307692307693,1.0,2.947052947052947,1.6666666666666667,3.0,6.699999999999999,0.31025641025641026,1.4,2.0,0.23275862068965517,39.0,0.0,31.025641025641026,30.76923076923077,51.53846153846153,66.66666666666666,21.641025641025642,Low Risk,4,Career Explorers,-0.5426484257194844,-2.637304361605631
37,0,Travel_Rarely,1462,Research & Development,11,3,Medical,1,Female,94,3,1,Laboratory Technician,3,Single,3629,19106,4,No,18,3,1,0,8,6,3,3,2,0,2,0.0,0.2222222222222222,1.5,0.5,0.1111111111111111,1.0,3.6253746253746253,3.0,1.0,9.9,0.15555555555555556,1.4,2.0,0.26379310344827583,54.0,0.0,15.555555555555555,22.22222222222222,76.15384615384616,50.0,12.88888888888889,Low Risk,1,Promotion-Stalled,-2.011451820740024,-0.9173089739336503
35,0,Travel_Frequently,200,Research & Development,18,2,Life Sciences,3,Male,60,3,3,Manufacturing Director,4,Single,9362,19944,2,No,11,3,3,0,10,2,3,2,2,2,2,0.6666666666666666,0.18181818181818182,0.6666666666666666,0.6666666666666666,0.2727272727272727,0.3333333333333333,3.1196267910696434,3.3333333333333335,3.0,5.9,0.3454545454545454,2.4,3.3000000000000003,0.4862068965517241,11.0,13.333333333333334,34.54545454545454,18.181818181818183,45.38461538461539,66.66666666666666,23.272727272727273,Low Risk,0,Fast-Track Performers,1.4663218911246847,1.9866007407126454
25,0,Travel_Rarely,949,Research & Development,1,3,Technical Degree,1,Male,81,3,1,Laboratory Technician,4,Married,3229,4910,4,No,11,3,2,1,7,2,2,3,2,0,2,0.0,0.25,0.5,0.5,0.125,1.0,3.225774225774226,3.0,1.5,5.9,0.1625,1.5999999999999999,2.35,0.16034482758620688,33.0,0.0,16.25,25.0,45.38461538461539,50.0,14.0,Low Risk,3,Stable Contributors,-1.357868954664356,-0.035293574002427275
26,0,Travel_Rarely,652,Research & Development,7,3,Other,3,Male,100,4,1,Laboratory Technician,1,Single,3578,23577,0,No,12,3,4,0,8,2,3,7,7,0,7,0.0,0.7777777777777778,0.25,0.875,0.1111111111111111,1.0,3.5744255744255744,2.6666666666666665,3.5,6.300000000000001,0.32777777777777783,1.7,2.65,0.22241379310344828,36.0,0.0,32.777777777777786,77.77777777777779,48.46153846153847,87.5,36.44444444444445,Medium Risk,4,Career Explorers,0.15443949589209888,-0.35515863820118654
29,0,Travel_Rarely,332,Human Resources,17,3,Other,2,Male,51,2,3,Human Resources,1,Single,7988,9769,1,No,13,3,1,0,10,3,2,10,9,0,9,0.0,0.8181818181818182,0.2727272727272727,0.8181818181818182,0.2727272727272727,1.0,2.6617794068643787,1.6666666666666667,1.5,7.0,0.43787878787878787,2.1,1.4500000000000002,0.3258620689655172,39.0,0.0,43.78787878787879,81.81818181818183,53.84615384615385,81.81818181818183,42.06060606060606,Medium Risk,4,Career Explorers,0.40048275143306034,-3.4333233740787445
49,1,Travel_Frequently,1475,Research & Development,28,2,Life Sciences,1,Male,97,2,2,Laboratory Technician,1,Single,4284,22710,3,No,20,4,1,0,20,2,3,4,3,1,3,0.2,0.14285714285714285,0.4,0.6,0.09523809523809523,0.5,2.1409295352323836,2.0,1.0,9.799999999999999,0.3057142857142857,1.6,1.4000000000000001,0.5896551724137931,40.0,6.666666666666667,30.571428571428573,14.285714285714285,75.38461538461537,60.0,18.514285714285716,Low Risk,4,Career Explorers,-0.06458814756942312,-2.9196924789336602
29,1,Travel_Frequently,337,Research & Development,14,1,Other,3,Female,84,3,3,Healthcare Representative,4,Single,7553,22930,0,Yes,12,3,1,0,9,1,3,8,7,7,7,0.7777777777777778,0.7,0.1111111111111111,0.7777777777777778,0.3,0.125,2.516827724091969,3.3333333333333335,2.0,6.0,0.5138888888888888,2.4,2.8000000000000003,0.8448275862068966,4.5,46.666666666666664,51.388888888888886,70.0,46.15384615384615,77.77777777777779,55.55555555555556,Medium Risk,0,Fast-Track Performers,3.3200776720150573,1.3577141548936262
54,0,Travel_Rarely,971,Research & Development,1,3,Medical,4,Female,54,3,4,Research Director,4,Single,17328,5652,6,No,19,3,4,0,29,3,2,20,7,12,7,0.5714285714285714,0.23333333333333334,0.14285714285714285,0.3333333333333333,0.13333333333333333,0.07692307692307693,4.330917270682329,3.0,4.0,9.4,0.3583333333333333,2.9,3.6,0.16034482758620688,4.384615384615385,80.0,35.83333333333333,23.333333333333332,72.3076923076923,33.33333333333333,45.33333333333333,Medium Risk,0,Fast-Track Performers,1.571990631197624,1.552042891060813
58,0,Travel_Rarely,1055,Research & Development,1,3,Medical,4,Female,76,3,5,Research Director,1,Married,19701,22456,3,Yes,21,4,3,1,32,3,3,9,8,1,5,0.1,0.24242424242424243,0.3,0.5,0.15151515151515152,0.5,3.939412117576485,2.3333333333333335,3.5,10.5,0.26227272727272727,3.6,2.65,0.560344827586207,42.0,6.666666666666667,26.227272727272727,24.242424242424242,80.76923076923077,50.0,19.763636363636365,Low Risk,1,Promotion-Stalled,-0.6146400160501143,-0.8919300139601077
55,0,Travel_Rarely,1136,Research & Development,1,4,Medical,2,Male,81,4,4,Research Director,4,Divorced,14732,12414,2,No,13,3,4,2,31,4,4,7,7,0,0,0.0,0.21875,0.5,0.0,0.125,1.0,3.6820794801299677,4.0,3.0,7.300000000000001,0.0546875,3.6,3.5,0.16034482758620688,39.0,0.0,5.46875,21.875,56.15384615384615,0.0,8.75,Low Risk,3,Stable Contributors,-2.6283482531338254,2.789884633761197
36,0,Travel_Rarely,1174,Sales,3,4,Marketing,1,Female,99,3,2,Sales Executive,2,Single,9278,20763,3,Yes,16,3,4,0,15,3,3,5,4,0,1,0.0,0.25,0.5,0.16666666666666666,0.125,1.0,4.6366816591704145,2.6666666666666665,2.5,8.200000000000001,0.19583333333333336,1.9,2.45,0.5810344827586207,48.0,0.0,19.583333333333336,25.0,63.07692307692309,16.666666666666664,15.333333333333336,Low Risk,1,Promotion-Stalled,-1.964429633601462,-0.6149960782086913
31,1,Travel_Frequently,667,Sales,1,4,Life Sciences,2,Female,50,1,1,Sales Representative,3,Single,1359,16154,1,No,12,3,2,0,1,3,3,1,0,0,0,0.0,0.0,1.5,0.0,0.5,1.0,1.3576423576423577,2.3333333333333335,2.0,6.600000000000001,0.16666666666666666,0.8,2.5,0.3103448275862069,36.0,0.0,16.666666666666664,0.0,50.76923076923078,0.0,6.666666666666666,Low Risk,2,High-Risk Stagnation,-2.635100357524867,-0.7439637331218751
30,0,Travel_Rarely,855,Sales,7,4,Marketing,4,Female,73,3,2,Sales Executive,1,Divorced,4779,12761,7,No,14,3,2,2,8,3,3,3,2,0,2,0.0,0.2222222222222222,0.75,0.5,0.2222222222222222,1.0,2.3883058470764618,2.3333333333333335,3.0,7.4,0.2222222222222222,2.3,2.4000000000000004,0.22241379310344828,42.0,0.0,22.22222222222222,22.22222222222222,56.92307692307692,50.0,15.555555555555555,Low Risk,4,Career Explorers,-1.4927626488106853,-1.1259173255880168
31,0,Travel_Rarely,182,Research & Development,8,5,Life Sciences,1,Female,93,3,4,Research Director,2,Single,16422,8847,3,No,11,3,3,0,9,3,4,3,2,1,0,0.25,0.2,0.75,0.0,0.4,0.5,4.104473881529618,3.0,2.0,6.200000000000001,0.23750000000000002,2.9,2.4000000000000004,0.23275862068965517,16.5,6.666666666666667,23.75,20.0,47.6923076923077,0.0,17.5,Low Risk,2,High-Risk Stagnation,-0.6334377202098394,0.2704360651890085
34,0,Travel_Frequently,560,Research & Development,1,4,Other,4,Male,91,3,1,Research Scientist,1,Divorced,2996,20284,5,No,14,3,3,2,10,2,3,4,3,1,3,0.2,0.2727272727272727,0.4,0.6,0.09090909090909091,0.5,2.993006993006993,2.3333333333333335,3.5,7.1,0.3048484848484848,1.7999999999999998,2.65,0.3103448275862069,21.0,6.666666666666667,30.48484848484848,27.27272727272727,54.61538461538461,60.0,22.375757575757575,Low Risk,4,Career Explorers,0.5116278565290745,-0.5868687768972431
31,1,Travel_Rarely,202,Research & Development,8,3,Life Sciences,1,Female,34,2,1,Research Scientist,2,Single,1261,22262,1,No,12,3,3,0,1,3,4,1,0,0,0,0.0,0.0,1.5,0.0,0.5,1.0,1.2597402597402598,2.6666666666666665,2.0,6.600000000000001,0.13333333333333336,1.1,2.4000000000000004,0.23275862068965517,36.0,0.0,13.333333333333336,0.0,50.76923076923078,0.0,5.333333333333335,Low Risk,2,High-Risk Stagnation,-2.782595728865442,-0.3799539599062735
27,0,Travel_Rarely,1377,Research & Development,11,1,Life Sciences,2,Male,91,3,1,Laboratory Technician,1,Married,2099,7679,0,No,14,3,2,0,6,3,4,5,0,1,4,0.16666666666666666,0.0,0.5,0.6666666666666666,0.14285714285714285,0.5,2.096903096903097,2.6666666666666665,2.0,7.4,0.19166666666666668,1.4,2.1,0.26379310344827583,21.0,6.666666666666667,19.166666666666668,0.0,56.92307692307692,66.66666666666666,9.666666666666668,Low Risk,4,Career Explorers,-0.27967976199986644,-0.6965668426594387
36,0,Travel_Rarely,172,Research & Development,4,4,Life Sciences,1,Male,37,2,2,Laboratory Technician,4,Single,5810,22604,1,No,16,3,3,0,10,2,2,10,4,1,8,0.09090909090909091,0.36363636363636365,0.18181818181818182,0.7272727272727273,0.18181818181818182,0.5,2.9035482258870564,2.6666666666666665,2.0,7.9,0.2560606060606061,1.6,2.6,0.19137931034482758,24.0,6.666666666666667,25.60606060606061,36.36363636363637,60.769230769230774,72.72727272727273,23.151515151515156,Low Risk,4,Career Explorers,0.14095241454961932,-0.22235310274654846
36,0,Travel_Rarely,329,Sales,16,4,Marketing,3,Female,98,2,2,Sales Executive,1,Married,5647,13494,4,No,13,3,1,2,11,3,2,3,2,0,2,0.0,0.16666666666666666,0.75,0.5,0.16666666666666666,1.0,2.822088955522239,1.6666666666666667,2.0,7.0,0.27499999999999997,2.0,1.7000000000000002,0.31551724137931036,39.0,0.0,27.499999999999996,16.666666666666664,53.84615384615385,50.0,16.0,Low Risk,4,Career Explorers,-1.109702047412656,-2.958481234708568
47,0,Travel_Rarely,465,Research & Development,1,3,Technical Degree,1,Male,74,3,1,Research Scientist,4,Married,3420,10205,7,No,12,3,3,1,17,2,2,6,5,1,2,0.14285714285714285,0.2777777777777778,0.2857142857142857,0.2857142857142857,0.05555555555555555,0.5,3.416583416583417,3.0,2.0,6.300000000000001,0.21944444444444444,1.5999999999999999,2.6,0.16034482758620688,18.0,6.666666666666667,21.944444444444443,27.77777777777778,48.46153846153847,28.57142857142857,19.11111111111111,Low Risk,3,Stable Contributors,-0.10307187660516846,0.407040084455368
25,1,Travel_Rarely,383,Sales,9,2,Life Sciences,1,Male,68,2,1,Sales Representative,1,Married,4400,15182,3,No,12,3,1,0,6,2,3,3,2,2,2,0.5,0.2857142857142857,0.5,0.5,0.14285714285714285,0.3333333333333333,4.395604395604396,2.0,1.0,6.300000000000001,0.4464285714285714,1.1,1.4000000000000001,0.24310344827586206,12.0,13.333333333333334,44.64285714285714,28.57142857142857,48.46153846153847,50.0,30.42857142857143,Low Risk,4,Career Explorers,1.888401120265047,-2.609465117184044
37,0,Non-Travel,1413,Research & Development,5,2,Technical Degree,3,Male,84,4,1,Laboratory Technician,3,Single,3500,25470,0,No,14,3,1,0,7,2,1,6,5,1,3,0.14285714285714285,0.625,0.2857142857142857,0.42857142857142855,0.125,0.5,3.4965034965034967,2.6666666666666665,2.0,7.1,0.33958333333333335,1.7,2.1,0.05172413793103448,21.0,6.666666666666667,33.958333333333336,62.5,54.61538461538461,42.857142857142854,34.333333333333336,Medium Risk,4,Career Explorers,0.7329879634003665,-0.9371476637666635
56,0,Travel_Rarely,1255,Research & Development,1,2,Life Sciences,1,Female,90,3,1,Research Scientist,1,Married,2066,10494,2,No,22,4,4,1,5,3,4,3,2,1,0,0.25,0.3333333333333333,0.75,0.0,0.16666666666666666,0.5,2.063936063936064,2.6666666666666665,2.5,10.9,0.3041666666666667,1.5999999999999999,2.35,0.16034482758620688,44.0,6.666666666666667,30.41666666666667,33.33333333333333,83.84615384615385,0.0,24.166666666666668,Low Risk,1,Promotion-Stalled,-0.7009086185579511,-1.0048630221185715
47,0,Travel_Rarely,359,Research & Development,2,4,Medical,1,Female,82,3,4,Research Director,3,Married,17169,26703,3,No,19,3,2,2,26,2,4,20,17,5,6,0.23809523809523808,0.6296296296296297,0.09523809523809523,0.2857142857142857,0.14814814814814814,0.16666666666666666,4.291177205698576,3.3333333333333335,1.5,9.100000000000001,0.3074074074074074,3.3,2.45,0.1706896551724138,9.5,33.33333333333333,30.74074074074074,62.96296296296296,70.0,28.57142857142857,41.18518518518519,Medium Risk,0,Fast-Track Performers,1.0651274286542338,0.5395710523678939
24,0,Travel_Rarely,1476,Sales,4,1,Medical,4,Female,42,3,2,Sales Executive,3,Married,4162,15211,1,Yes,12,3,3,2,5,3,3,5,4,0,3,0.0,0.6666666666666666,0.5,0.5,0.3333333333333333,1.0,2.079960019990005,3.0,3.5,6.600000000000001,0.26666666666666666,2.3,3.25,0.5913793103448276,36.0,0.0,26.666666666666668,66.66666666666666,50.76923076923078,50.0,30.666666666666664,Low Risk,3,Stable Contributors,-0.9342641536133969,1.072571583853862
32,0,Travel_Rarely,601,Sales,7,5,Marketing,4,Male,97,3,2,Sales Executive,4,Married,9204,23343,4,No,12,3,3,1,7,3,2,4,3,0,3,0.0,0.375,0.6,0.6,0.25,1.0,4.599700149925037,3.0,3.5,6.600000000000001,0.19375,2.1,3.35,0.22241379310344828,36.0,0.0,19.375,37.5,50.76923076923078,60.0,19.0,Low Risk,3,Stable Contributors,-1.3181136379397993,1.1747927319524414
34,0,Travel_Rarely,401,Research & Development,1,3,Life Sciences,4,Female,86,2,1,Laboratory Technician,2,Married,3294,3708,5,No,17,3,1,1,7,2,2,5,4,0,2,0.0,0.5,0.3333333333333333,0.3333333333333333,0.125,1.0,3.2907092907092905,2.0,2.5,8.3,0.325,1.3,2.25,0.16034482758620688,51.0,0.0,32.5,50.0,63.846153846153854,33.33333333333333,28.0,Low Risk,4,Career Explorers,-1.0287412782191174,-2.1041029988327695
41,0,Travel_Rarely,1283,Research & Development,5,5,Medical,2,Male,90,4,1,Research Scientist,3,Married,2127,5561,2,Yes,12,3,1,0,7,5,2,4,2,0,3,0.0,0.25,1.0,0.6,0.125,1.0,2.1248751248751248,3.0,1.5,7.200000000000001,0.1625,1.7,2.05,0.6017241379310345,36.0,0.0,16.25,25.0,55.38461538461539,60.0,14.0,Low Risk,3,Stable Contributors,-1.3848668539626035,-0.41998106809822305
40,0,Non-Travel,663,Research & Development,9,4,Other,3,Male,81,3,2,Laboratory Technician,3,Divorced,3975,23099,3,No,11,3,3,2,11,2,4,8,7,0,7,0.0,0.5833333333333334,0.2222222222222222,0.7777777777777778,0.16666666666666666,1.0,1.9865067466266866,3.3333333333333335,3.0,5.9,0.2125,2.3,3.2,0.09310344827586207,33.0,0.0,21.25,58.333333333333336,45.38461538461539,77.77777777777779,26.0,Low Risk,3,Stable Contributors,-0.6608906523303866,1.4580692250397207
31,0,Travel_Rarely,326,Sales,8,2,Life Sciences,1,Male,31,3,3,Sales Executive,4,Divorced,10793,8386,1,No,18,3,1,1,13,5,3,13,7,9,9,0.6428571428571429,0.5,0.35714285714285715,0.6428571428571429,0.21428571428571427,0.1,3.5964678440519826,3.3333333333333335,1.0,9.6,0.41666666666666663,2.6,2.3,0.23275862068965517,5.4,60.0,41.666666666666664,50.0,73.84615384615384,64.28571428571429,49.66666666666667,Medium Risk,0,Fast-Track Performers,2.3664542557231374,0.33723296774999206
46,1,Travel_Rarely,377,Sales,9,3,Marketing,1,Male,52,3,3,Sales Executive,4,Divorced,10096,15986,4,No,11,3,1,1,28,1,4,7,7,4,3,0.5,0.2413793103448276,0.125,0.375,0.10344827586206896,0.2,3.364211929356881,3.6666666666666665,1.0,5.6,0.2686781609195402,2.6,2.5,0.24310344827586206,6.6,26.666666666666668,26.867816091954023,24.137931034482758,43.07692307692307,37.5,25.98850574712644,Low Risk,0,Fast-Track Performers,1.2142937833943264,1.4717094002885092
39,1,Non-Travel,592,Research & Development,2,3,Life Sciences,1,Female,54,2,1,Laboratory Technician,1,Single,3646,17181,2,Yes,23,4,2,0,11,2,4,1,0,0,0,0.0,0.0,1.0,0.0,0.08333333333333333,1.0,3.6423576423576423,2.3333333333333335,1.5,11.0,0.16666666666666666,1.1,1.85,0.4206896551724138,92.0,0.0,16.666666666666664,0.0,84.61538461538461,0.0,6.666666666666666,Low Risk,1,Promotion-Stalled,-3.4081341519061317,-2.403986786854282
31,1,Travel_Frequently,1445,Research & Development,1,5,Life Sciences,3,Female,100,4,3,Manufacturing Director,2,Single,7446,8931,1,No,11,3,1,0,10,2,3,10,8,4,7,0.36363636363636365,0.7272727272727273,0.18181818181818182,0.6363636363636364,0.2727272727272727,0.2,2.4811729423525493,3.0,2.0,5.9,0.40909090909090906,2.7,2.2,0.3103448275862069,6.6,26.666666666666668,40.90909090909091,72.72727272727273,45.38461538461539,63.63636363636363,46.18181818181819,Medium Risk,0,Fast-Track Performers,2.1567695824523403,0.006240166317394032
45,0,Travel_Rarely,1038,Research & Development,20,3,Medical,2,Male,95,1,3,Healthcare Representative,1,Divorced,10851,19863,2,Yes,18,3,2,1,24,2,3,7,7,0,7,0.0,0.28,0.25,0.875,0.12,1.0,3.6157947350883037,1.6666666666666667,2.0,8.7,0.30333333333333334,2.0,1.9000000000000001,0.756896551724138,54.0,0.0,30.333333333333336,28.000000000000004,66.92307692307692,87.5,20.533333333333335,Low Risk,4,Career Explorers,-0.8616249769646975,-2.859264507827405
31,0,Travel_Rarely,1398,Human Resources,8,2,Medical,4,Female,96,4,1,Human Resources,2,Single,2109,24609,9,No,18,3,4,0,8,3,3,3,2,0,2,0.0,0.2222222222222222,0.75,0.5,0.1111111111111111,1.0,2.1068931068931067,3.0,4.0,9.0,0.15555555555555556,1.7,3.2,0.23275862068965517,54.0,0.0,15.555555555555555,22.22222222222222,69.23076923076923,50.0,12.88888888888889,Low Risk,1,Promotion-Stalled,-2.0244961453576362,0.6713420639417195
31,1,Travel_Frequently,523,Research & Development,2,3,Life Sciences,2,Male,94,3,1,Laboratory Technician,4,Married,3722,21081,6,Yes,13,3,3,1,7,2,1,2,2,2,2,0.6666666666666666,0.25,0.6666666666666666,0.6666666666666666,0.125,0.3333333333333333,3.7182817182817183,2.6666666666666665,2.5,6.699999999999999,0.42916666666666664,1.5999999999999999,2.6500000000000004,0.7206896551724138,13.0,13.333333333333334,42.916666666666664,25.0,51.53846153846153,66.66666666666666,28.666666666666668,Low Risk,0,Fast-Track Performers,2.049233096512362,0.057567587703794575
45,0,Travel_Rarely,1448,Research & Development,29,3,Technical Degree,2,Male,55,3,3,Manufacturing Director,4,Married,9380,14720,4,Yes,18,3,4,2,10,4,4,3,1,1,2,0.25,0.09090909090909091,1.0,0.5,0.2727272727272727,0.5,3.125624791736088,3.6666666666666665,3.0,9.3,0.14356060606060608,2.8,3.5,0.8500000000000001,27.0,6.666666666666667,14.356060606060609,9.090909090909092,71.53846153846153,50.0,10.469696969696972,Low Risk,3,Stable Contributors,-0.9600770445521106,2.553810503496421
48,0,Travel_Rarely,1221,Sales,7,3,Marketing,3,Male,96,3,2,Sales Executive,1,Divorced,5486,24795,4,No,11,3,1,3,15,3,3,2,2,2,2,0.6666666666666666,0.125,1.0,0.6666666666666666,0.125,0.3333333333333333,2.7416291854072963,2.3333333333333335,2.0,6.200000000000001,0.4312499999999999,2.5,1.9000000000000001,0.22241379310344828,11.0,13.333333333333334,43.12499999999999,12.5,47.6923076923077,66.66666666666666,24.999999999999996,Low Risk,0,Fast-Track Performers,2.0678638236106814,-1.445202255588576
34,1,Travel_Rarely,1107,Human Resources,9,4,Technical Degree,1,Female,52,3,1,Human Resources,3,Married,2742,3072,1,No,15,3,4,0,2,0,3,2,2,2,2,0.6666666666666666,0.6666666666666666,0.0,0.6666666666666666,0.3333333333333333,0.3333333333333333,2.739260739260739,3.0,2.5,6.9,0.5,1.4,2.75,0.24310344827586206,15.0,13.333333333333334,50.0,66.66666666666666,53.07692307692308,66.66666666666666,44.0,Medium Risk,0,Fast-Track Performers,2.4287943217525094,0.46668380477291305
40,0,Non-Travel,218,Research & Development,8,1,Medical,4,Male,55,2,3,Research Director,2,Divorced,13757,25178,2,No,11,3,3,1,16,5,3,9,8,4,8,0.4,0.47058823529411764,0.5,0.8,0.17647058823529413,0.2,4.584138620459846,2.3333333333333335,3.5,6.800000000000001,0.4243137254901961,2.3000000000000003,2.95,0.08275862068965517,6.6,26.666666666666668,42.431372549019606,47.05882352941176,52.307692307692314,80.0,39.09019607843137,Medium Risk,0,Fast-Track Performers,2.2488611915235874,-0.1464749631116049
28,0,Travel_Rarely,866,Sales,5,3,Medical,4,Male,84,3,2,Sales Executive,1,Single,8463,23490,0,No,18,3,4,0,6,4,3,5,4,1,3,0.16666666666666666,0.5714285714285714,0.6666666666666666,0.5,0.2857142857142857,0.5,4.229385307346327,2.3333333333333335,4.0,9.3,0.3678571428571428,1.9,2.9,0.20172413793103447,27.0,6.666666666666667,36.785714285714285,57.14285714285714,71.53846153846153,50.0,33.85714285714286,Medium Risk,4,Career Explorers,0.42638931365810046,-0.5529595084860561
44,0,Non-Travel,981,Research & Development,5,3,Life Sciences,3,Male,90,2,1,Laboratory Technician,3,Single,3162,7973,3,No,14,3,4,0,7,5,3,5,2,0,3,0.0,0.25,0.8333333333333334,0.5,0.125,1.0,3.1588411588411587,2.6666666666666665,3.5,8.0,0.19583333333333336,1.1,3.25,0.05172413793103448,42.0,0.0,19.583333333333336,25.0,61.53846153846154,50.0,15.333333333333336,Low Risk,3,Stable Contributors,-1.5394649930120532,0.33431359280872086
53,0,Travel_Rarely,447,Research & Development,2,3,Medical,4,Male,39,4,4,Research Director,2,Single,16598,19764,4,No,12,3,2,0,35,2,2,9,8,8,8,0.8,0.2222222222222222,0.2,0.8,0.1111111111111111,0.1111111111111111,4.14846288427893,2.6666666666666665,3.0,6.300000000000001,0.46888888888888886,3.2,2.5,0.1706896551724138,4.0,53.333333333333336,46.888888888888886,22.22222222222222,48.46153846153847,80.0,41.422222222222224,Medium Risk,0,Fast-Track Performers,3.030289523915332,-0.15115490509598542
49,0,Travel_Rarely,1495,Research & Development,5,4,Technical Degree,1,Male,96,3,2,Healthcare Representative,3,Married,6651,21534,2,No,14,3,2,1,20,0,2,3,2,1,2,0.25,0.09523809523809523,0.0,0.5,0.09523809523809523,0.5,3.3238380809595203,2.6666666666666665,1.5,6.5,0.24464285714285716,2.1,2.05,0.20172413793103447,21.0,6.666666666666667,24.464285714285715,9.523809523809524,50.0,50.0,14.642857142857144,Low Risk,4,Career Explorers,0.10290193644188719,-0.778682428752754
40,0,Travel_Rarely,896,Research & Development,2,3,Medical,3,Male,68,3,1,Research Scientist,3,Divorced,2345,8045,2,No,14,3,3,1,8,3,4,3,1,1,2,0.25,0.1111111111111111,0.75,0.5,0.1111111111111111,0.5,2.3426573426573425,3.3333333333333335,3.0,7.4,0.1819444444444444,1.5999999999999999,3.2,0.1706896551724138,21.0,6.666666666666667,18.19444444444444,11.11111111111111,56.92307692307692,50.0,12.611111111111107,Low Risk,3,Stable Contributors,-0.3033101775052707,1.6232271126471376
44,0,Travel_Rarely,1467,Research & Development,20,3,Life Sciences,4,Male,49,3,1,Research Scientist,2,Single,3420,21158,1,No,13,3,3,0,6,3,2,5,2,1,3,0.16666666666666666,0.2857142857142857,0.5,0.5,0.14285714285714285,0.5,3.416583416583417,2.3333333333333335,3.5,7.0,0.2964285714285714,1.4,2.75,0.3568965517241379,19.5,6.666666666666667,29.64285714285714,28.57142857142857,53.84615384615385,50.0,22.428571428571427,Low Risk,4,Career Explorers,0.3070668278054097,-0.41400031250338903
33,0,Travel_Frequently,430,Sales,7,3,Medical,4,Male,54,3,2,Sales Executive,1,Married,4373,17456,0,No,14,3,1,2,5,2,3,4,3,0,3,0.0,0.5,0.4,0.6,0.3333333333333333,1.0,2.185407296351824,2.3333333333333335,2.5,7.1,0.29166666666666663,2.3,2.1500000000000004,0.37241379310344824,42.0,0.0,29.166666666666664,50.0,54.61538461538461,60.0,26.666666666666664,Low Risk,4,Career Explorers,-0.9478875985297419,-1.4302451687685047
34,0,Travel_Rarely,1326,Sales,3,3,Other,4,Male,81,1,2,Sales Executive,1,Single,4759,15891,3,No,18,3,4,0,15,2,3,13,9,3,12,0.21428571428571427,0.5625,0.14285714285714285,0.8571428571428571,0.125,0.25,2.3783108445777112,1.6666666666666667,4.0,8.7,0.44895833333333335,1.3,2.9,0.1810344827586207,13.5,20.0,44.895833333333336,56.25,66.92307692307692,85.71428571428571,40.833333333333336,Medium Risk,4,Career Explorers,2.0328373248886358,-1.4120911130468106
30,0,Travel_Rarely,1358,Sales,16,1,Life Sciences,4,Male,96,3,2,Sales Executive,3,Married,5301,2939,8,No,15,3,3,2,4,2,2,2,1,2,2,0.6666666666666666,0.2,0.6666666666666666,0.6666666666666666,0.4,0.3333333333333333,2.649175412293853,2.6666666666666665,3.5,7.5,0.4166666666666667,2.3,3.05,0.31551724137931036,15.0,13.333333333333334,41.66666666666667,20.0,57.692307692307686,66.66666666666666,26.666666666666668,Low Risk,0,Fast-Track Performers,1.5000711329495022,0.473544694646124
42,0,Travel_Frequently,748,Research & Development,9,2,Medical,1,Female,74,3,1,Laboratory Technician,4,Single,3673,16458,1,No,13,3,3,0,12,3,3,12,9,5,8,0.38461538461538464,0.6923076923076923,0.23076923076923078,0.6153846153846154,0.07692307692307693,0.16666666666666666,3.6693306693306695,3.3333333333333335,2.0,7.0,0.37435897435897436,1.4,2.8000000000000003,0.3931034482758621,6.5,33.33333333333333,37.43589743589744,69.23076923076923,53.84615384615385,61.53846153846154,45.74358974358974,Medium Risk,0,Fast-Track Performers,2.173828425382605,1.1702107731202054
44,0,Travel_Frequently,383,Sales,1,5,Marketing,1,Female,79,3,2,Sales Executive,3,Married,4768,9282,7,No,12,3,3,1,11,4,2,1,0,0,0,0.0,0.0,2.0,0.0,0.16666666666666666,1.0,2.3828085957021488,2.6666666666666665,2.0,6.9,0.13333333333333336,2.1,2.3,0.3103448275862069,36.0,0.0,13.333333333333336,0.0,53.07692307692308,0.0,5.333333333333335,Low Risk,2,High-Risk Stagnation,-2.3674024983250446,-0.6062136908245848
30,0,Non-Travel,990,Research & Development,7,3,Technical Degree,3,Male,64,3,1,Research Scientist,3,Divorced,1274,7152,1,No,13,3,2,2,1,2,2,1,0,0,0,0.0,0.0,1.0,0.0,0.5,1.0,1.2727272727272727,2.6666666666666665,2.5,6.699999999999999,0.13333333333333336,1.7999999999999998,2.55,0.07241379310344828,39.0,0.0,13.333333333333336,0.0,51.53846153846153,0.0,5.333333333333335,Low Risk,2,High-Risk Stagnation,-2.851017391242412,-0.2610448600893229
57,0,Travel_Rarely,405,Research & Development,1,2,Life Sciences,2,Male,93,4,2,Research Scientist,3,Married,4900,2721,0,No,24,4,1,1,13,2,2,12,9,2,8,0.15384615384615385,0.6428571428571429,0.15384615384615385,0.6153846153846154,0.14285714285714285,0.3333333333333333,2.448775612193903,3.0,1.5,11.4,0.31456043956043955,2.4000000000000004,2.05,0.16034482758620688,32.0,13.333333333333334,31.456043956043956,64.28571428571429,87.6923076923077,61.53846153846154,35.86813186813187,Medium Risk,4,Career Explorers,0.5718295368331195,-0.8352654390756942
49,0,Travel_Rarely,1490,Research & Development,7,4,Life Sciences,3,Male,35,3,3,Healthcare Representative,2,Divorced,10466,20948,3,No,14,3,2,2,29,3,3,8,7,0,7,0.0,0.23333333333333334,0.3333333333333333,0.7777777777777778,0.1,1.0,3.4875041652782404,2.6666666666666665,2.5,7.4,0.1916666666666667,2.8,2.45,0.22241379310344828,42.0,0.0,19.16666666666667,23.333333333333332,56.92307692307692,77.77777777777779,14.666666666666668,Low Risk,4,Career Explorers,-1.1989936061724003,-0.5754665526656733
34,0,Travel_Frequently,829,Research & Development,15,3,Medical,2,Male,71,3,4,Research Director,1,Divorced,17007,11929,7,No,14,3,4,2,16,3,2,14,8,6,9,0.4,0.47058823529411764,0.2,0.6,0.23529411764705882,0.14285714285714285,4.250687328167958,2.0,3.0,7.4,0.4576470588235294,3.3,2.2,0.45517241379310347,6.0,40.0,45.76470588235294,47.05882352941176,56.92307692307692,60.0,44.423529411764704,Medium Risk,0,Fast-Track Performers,2.2164613897360494,-1.5338990499957448
28,1,Travel_Frequently,1496,Sales,1,3,Technical Degree,1,Male,92,3,1,Sales Representative,3,Married,2909,15747,3,No,15,3,4,1,5,3,4,3,2,1,2,0.25,0.3333333333333333,0.75,0.5,0.16666666666666666,0.5,2.906093906093906,3.3333333333333335,2.5,7.800000000000001,0.2375,1.5999999999999999,2.95,0.3103448275862069,22.5,6.666666666666667,23.75,33.33333333333333,60.00000000000001,50.0,21.5,Low Risk,3,Stable Contributors,0.03495266409850901,1.2456332281244586
29,1,Travel_Frequently,115,Sales,13,3,Technical Degree,1,Female,51,3,2,Sales Executive,2,Single,5765,17485,5,No,11,3,1,0,7,4,1,5,3,0,0,0.0,0.375,0.6666666666666666,0.0,0.25,1.0,2.8810594702648675,2.0,1.0,6.5,0.29375,1.9,1.3,0.43448275862068964,33.0,0.0,29.375,37.5,50.0,0.0,23.0,Low Risk,4,Career Explorers,-1.273665622580904,-2.908062565089944
34,1,Travel_Rarely,790,Sales,24,4,Medical,1,Female,40,2,2,Sales Executive,2,Single,4599,7815,0,Yes,23,4,3,0,16,2,4,15,9,10,10,0.625,0.5294117647058824,0.125,0.625,0.11764705882352941,0.09090909090909091,2.2983508245877062,2.6666666666666665,2.0,11.0,0.4844362745098039,1.6,2.4000000000000004,0.7982758620689656,8.363636363636363,66.66666666666666,48.443627450980394,52.94117647058824,84.61538461538461,62.5,55.259803921568626,Medium Risk,0,Fast-Track Performers,2.6495544291312187,-0.5732039809125813
35,0,Travel_Rarely,660,Sales,7,1,Life Sciences,4,Male,76,3,1,Sales Representative,3,Married,2404,16192,1,No,13,3,1,1,1,3,3,1,0,0,0,0.0,0.0,1.5,0.0,0.5,1.0,2.4015984015984015,3.0,2.5,7.0,0.1,1.5999999999999999,2.75,0.22241379310344828,39.0,0.0,10.0,0.0,53.84615384615385,0.0,4.0,Low Risk,2,High-Risk Stagnation,-3.0360744585423833,0.5201973922932548
24,1,Travel_Frequently,381,Research & Development,9,3,Medical,2,Male,89,3,1,Laboratory Technician,1,Single,3172,16998,2,Yes,11,3,3,0,4,2,2,0,0,0,0,0.0,0.0,2.0,0.0,0.2,1.0,3.168831168831169,2.0,2.5,5.9,0.2,1.4,1.9500000000000002,0.793103448275862,33.0,0.0,20.0,0.0,45.38461538461539,0.0,8.0,Low Risk,2,High-Risk Stagnation,-1.9805499233023556,-1.8339499156334378
24,0,Non-Travel,830,Sales,13,2,Life Sciences,4,Female,78,3,1,Sales Representative,2,Married,2033,7103,1,No,13,3,3,1,1,2,3,1,0,0,0,0.0,0.0,1.0,0.0,0.5,1.0,2.030969030969031,2.6666666666666665,3.5,6.699999999999999,0.13333333333333336,1.5999999999999999,2.95,0.13448275862068965,39.0,0.0,13.333333333333336,0.0,51.53846153846153,0.0,5.333333333333335,Low Risk,2,High-Risk Stagnation,-2.8734927920226108,0.26344267317288256
44,0,Travel_Frequently,1193,Research & Development,2,1,Medical,2,Male,86,3,3,Manufacturing Director,3,Single,10209,19719,5,Yes,18,3,2,0,16,2,2,2,2,2,2,0.6666666666666666,0.11764705882352941,0.6666666666666666,0.6666666666666666,0.17647058823529413,0.3333333333333333,3.4018660446517828,2.6666666666666665,2.0,8.7,0.396078431372549,2.4,2.3,0.7206896551724138,18.0,13.333333333333334,39.6078431372549,11.76470588235294,66.92307692307692,66.66666666666666,23.372549019607842,Low Risk,0,Fast-Track Performers,1.5252737592758248,-0.527117664005953
29,0,Travel_Rarely,1246,Sales,19,3,Life Sciences,3,Male,77,2,2,Sales Executive,3,Divorced,8620,23757,1,No,14,3,3,2,10,3,3,10,7,0,4,0.0,0.6363636363636364,0.2727272727272727,0.36363636363636365,0.18181818181818182,1.0,4.307846076961519,2.6666666666666665,3.0,7.4,0.2924242424242425,2.0,3.0,0.346551724137931,42.0,0.0,29.24242424242425,63.63636363636363,56.92307692307692,36.36363636363637,30.78787878787879,Low Risk,3,Stable Contributors,-0.9223882097307866,0.031141347132197104
30,0,Travel_Rarely,330,Human Resources,1,3,Life Sciences,3,Male,46,3,1,Human Resources,3,Divorced,2064,15428,0,No,21,4,1,1,6,3,4,5,3,1,3,0.16666666666666666,0.42857142857142855,0.5,0.5,0.14285714285714285,0.5,2.061938061938062,3.3333333333333335,2.0,10.5,0.23214285714285712,1.5999999999999999,2.7,0.16034482758620688,42.0,6.666666666666667,23.21428571428571,42.857142857142854,80.76923076923077,50.0,24.14285714285714,Low Risk,3,Stable Contributors,-0.4924366735556623,0.5201664704401869
55,0,Travel_Rarely,1229,Research & Development,4,4,Life Sciences,4,Male,30,3,2,Healthcare Representative,3,Married,4035,16143,0,Yes,16,3,2,0,4,2,3,3,2,1,2,0.25,0.4,0.5,0.5,0.4,0.5,2.0164917541229386,3.0,3.0,7.9,0.2875,1.9,3.0,0.5913793103448276,24.0,6.666666666666667,28.749999999999996,40.0,60.769230769230774,50.0,25.5,Low Risk,3,Stable Contributors,-0.01905970212229714,0.8996101275520977
33,0,Travel_Rarely,1099,Research & Development,4,4,Medical,1,Female,82,2,1,Laboratory Technician,2,Married,3838,8192,8,No,11,3,4,0,8,5,3,5,4,0,2,0.0,0.4444444444444444,0.8333333333333334,0.3333333333333333,0.1111111111111111,1.0,3.8341658341658342,2.3333333333333335,2.5,6.800000000000001,0.2777777777777778,1.1,2.45,0.19137931034482758,33.0,0.0,27.77777777777778,44.44444444444444,52.307692307692314,33.33333333333333,24.444444444444443,Low Risk,4,Career Explorers,-0.8541754376521329,-1.070316861378352
47,0,Travel_Rarely,571,Sales,14,3,Medical,3,Female,78,3,2,Sales Executive,3,Married,4591,24200,3,Yes,17,3,3,1,11,4,2,5,4,1,2,0.16666666666666666,0.3333333333333333,0.6666666666666666,0.3333333333333333,0.16666666666666666,0.5,2.294352823588206,2.6666666666666665,3.0,8.9,0.275,2.1,2.8,0.6948275862068967,25.5,6.666666666666667,27.500000000000004,33.33333333333333,68.46153846153847,33.33333333333333,23.0,Low Risk,3,Stable Contributors,-0.17661673019511928,0.03886736768796324
28,1,Travel_Frequently,289,Research & Development,2,2,Medical,3,Male,38,2,1,Laboratory Technician,1,Single,2561,5355,7,No,11,3,3,0,8,2,2,0,0,0,0,0.0,0.0,2.0,0.0,0.1111111111111111,1.0,2.5584415584415585,1.6666666666666667,3.0,5.9,0.2333333333333333,1.1,2.2,0.32068965517241377,33.0,0.0,23.333333333333332,0.0,45.38461538461539,0.0,9.333333333333334,Low Risk,4,Career Explorers,-1.7136927750323996,-2.179450536539569
28,0,Travel_Rarely,1423,Research & Development,1,3,Life Sciences,1,Male,72,2,1,Research Scientist,3,Divorced,1563,12530,1,No,14,3,4,1,1,2,1,1,0,0,0,0.0,0.0,1.0,0.0,0.5,1.0,1.5614385614385615,2.0,2.5,7.1,0.2,1.3,2.35,0.16034482758620688,42.0,0.0,20.0,0.0,54.61538461538461,0.0,8.0,Low Risk,2,High-Risk Stagnation,-2.614188402792089,-1.5681476367167988
28,0,Travel_Frequently,467,Sales,7,3,Life Sciences,3,Male,55,3,2,Sales Executive,1,Single,4898,11827,0,No,14,3,4,0,5,5,3,4,2,1,3,0.2,0.3333333333333333,1.0,0.6,0.3333333333333333,0.5,2.447776111944028,2.3333333333333335,3.5,8.0,0.31999999999999995,1.9,2.65,0.37241379310344824,21.0,6.666666666666667,31.999999999999996,33.33333333333333,61.53846153846154,60.0,24.799999999999997,Low Risk,4,Career Explorers,0.2725526619533071,-0.5930700830415682
49,0,Travel_Rarely,271,Research & Development,3,2,Medical,3,Female,43,2,2,Laboratory Technician,1,Married,4789,23070,4,No,25,4,1,1,10,3,3,3,2,1,2,0.25,0.18181818181818182,0.75,0.5,0.18181818181818182,0.5,2.393303348325837,2.0,2.0,12.1,0.33295454545454545,1.8,1.9000000000000001,0.1810344827586207,50.0,6.666666666666667,33.29545454545455,18.181818181818183,93.07692307692308,50.0,20.772727272727273,Low Risk,1,Promotion-Stalled,-0.3904935714546626,-2.6557316174020515
29,0,Travel_Frequently,410,Research & Development,2,1,Life Sciences,4,Female,97,3,1,Laboratory Technician,2,Married,3180,4668,0,No,13,3,3,3,4,3,3,3,2,0,2,0.0,0.4,0.75,0.5,0.2,1.0,3.1768231768231767,2.6666666666666665,3.5,7.0,0.23333333333333336,2.0,2.95,0.32068965517241377,39.0,0.0,23.333333333333336,40.0,53.84615384615385,50.0,21.333333333333336,Low Risk,3,Stable Contributors,-1.208346152541145,0.10088126805380723
28,0,Travel_Rarely,1083,Research & Development,29,1,Life Sciences,3,Male,96,1,2,Manufacturing Director,2,Married,6549,3173,1,No,14,3,2,2,8,2,2,8,6,1,7,0.1111111111111111,0.6666666666666666,0.2222222222222222,0.7777777777777778,0.2222222222222222,0.5,3.272863568215892,1.6666666666666667,2.5,7.1,0.4388888888888889,1.7000000000000002,2.25,0.44999999999999996,21.0,6.666666666666667,43.888888888888886,66.66666666666666,54.61538461538461,77.77777777777779,39.55555555555555,Medium Risk,4,Career Explorers,1.3898223234570601,-2.134714479231811
33,0,Travel_Rarely,516,Research & Development,8,5,Life Sciences,4,Male,69,3,2,Healthcare Representative,3,Single,6388,22049,2,Yes,17,3,1,0,14,6,3,0,0,0,0,0.0,0.0,6.0,0.0,0.13333333333333333,1.0,3.1924037981009494,3.0,2.5,9.500000000000002,0.1,1.9,2.75,0.6327586206896552,51.0,0.0,10.0,0.0,73.0769230769231,0.0,4.0,Low Risk,1,Promotion-Stalled,-2.9470668635618105,0.23842306179101228
32,0,Travel_Rarely,495,Research & Development,10,3,Medical,3,Male,64,3,3,Manager,4,Single,11244,21072,2,No,25,4,2,0,10,5,4,5,2,0,0,0.0,0.18181818181818182,0.8333333333333334,0.0,0.2727272727272727,1.0,3.7467510829723425,3.6666666666666665,2.5,12.7,0.0787878787878788,2.4,3.25,0.253448275862069,100.0,0.0,7.87878787878788,18.181818181818183,97.6923076923077,0.0,8.606060606060607,Low Risk,1,Promotion-Stalled,-4.220203386464142,1.179355909820819
54,0,Travel_Frequently,1050,Research & Development,11,4,Medical,2,Female,87,3,4,Manager,4,Divorced,16032,24456,3,No,20,4,1,1,26,2,3,14,9,1,12,0.06666666666666667,0.3333333333333333,0.13333333333333333,0.8,0.14814814814814814,0.5,4.00699825043739,3.3333333333333335,1.5,9.799999999999999,0.1733333333333333,3.1,2.55,0.41379310344827586,40.0,6.666666666666667,17.333333333333332,33.33333333333333,75.38461538461537,80.0,18.93333333333333,Low Risk,3,Stable Contributors,-0.6051549608413265,0.5420868445788993
29,1,Travel_Rarely,224,Research & Development,1,4,Technical Degree,1,Male,100,2,1,Research Scientist,1,Single,2362,7568,6,No,13,3,3,0,11,2,1,9,7,0,7,0.0,0.5833333333333334,0.2,0.7,0.08333333333333333,1.0,2.3596403596403595,1.3333333333333333,2.0,6.699999999999999,0.4125000000000001,1.1,1.5,0.16034482758620688,39.0,0.0,41.25000000000001,58.333333333333336,51.53846153846153,70.0,34.0,Medium Risk,4,Career Explorers,0.22382768109870674,-3.8870273516265503
44,0,Travel_Rarely,136,Research & Development,28,3,Life Sciences,4,Male,32,3,4,Research Director,1,Married,16328,22074,3,No,13,3,3,1,24,1,4,20,6,14,17,0.6666666666666666,0.24,0.047619047619047616,0.8095238095238095,0.16,0.06666666666666667,4.080979755061235,2.6666666666666665,3.5,6.4,0.4266666666666667,3.1,2.8499999999999996,0.43965517241379315,2.6,93.33333333333333,42.66666666666667,24.0,49.23076923076923,80.95238095238095,52.266666666666666,Medium Risk,0,Fast-Track Performers,2.687923866114734,0.4239266935916756
39,0,Travel_Rarely,1089,Research & Development,6,3,Life Sciences,2,Female,32,3,3,Manufacturing Director,2,Single,8376,9150,4,No,18,3,4,0,9,3,3,2,0,2,2,0.6666666666666666,0.0,1.0,0.6666666666666666,0.3,0.3333333333333333,2.7910696434521824,2.6666666666666665,3.0,9.0,0.3666666666666667,2.4,2.7,0.21206896551724136,18.0,13.333333333333334,36.66666666666667,0.0,69.23076923076923,66.66666666666666,18.66666666666667,Low Risk,0,Fast-Track Performers,1.1024140747378774,-0.1062784628272843
46,0,Travel_Rarely,228,Sales,3,3,Life Sciences,3,Female,51,3,4,Manager,2,Married,16606,11380,8,No,12,3,4,1,23,2,4,13,12,5,1,0.35714285714285715,0.5,0.14285714285714285,0.07142857142857142,0.16666666666666666,0.16666666666666666,4.150462384403899,3.0,3.5,6.300000000000001,0.35,3.1,3.1500000000000004,0.1810344827586207,6.0,33.33333333333333,35.0,50.0,48.46153846153847,7.142857142857142,39.0,Medium Risk,0,Fast-Track Performers,1.2476481362962932,1.173899258040713
35,0,Travel_Rarely,1029,Research & Development,16,3,Life Sciences,4,Female,91,2,3,Healthcare Representative,2,Single,8606,21195,1,No,19,3,4,0,11,3,1,11,8,3,3,0.25,0.6666666666666666,0.25,0.25,0.25,0.25,2.8677107630789735,1.6666666666666667,4.0,9.4,0.48749999999999993,2.1,2.8000000000000003,0.31551724137931036,14.25,20.0,48.74999999999999,66.66666666666666,72.3076923076923,25.0,45.5,Medium Risk,0,Fast-Track Performers,1.541364505356368,-1.6025747177368215
23,0,Travel_Rarely,507,Research & Development,20,1,Life Sciences,1,Male,97,3,2,Laboratory Technician,3,Single,2272,24812,0,No,14,3,2,0,5,2,3,4,3,1,2,0.2,0.5,0.4,0.4,0.3333333333333333,0.5,1.135432283858071,3.0,1.5,7.1,0.29500000000000004,1.9,2.25,0.3568965517241379,21.0,6.666666666666667,29.500000000000004,50.0,54.61538461538461,40.0,28.800000000000004,Low Risk,4,Career Explorers,0.17690334384904818,-0.07157019255024986
40,1,Travel_Rarely,676,Research & Development,9,4,Life Sciences,4,Male,86,3,1,Laboratory Technician,1,Single,2018,21831,3,No,14,3,2,0,15,3,1,5,4,1,0,0.16666666666666666,0.25,0.5,0.0,0.0625,0.5,2.015984015984016,1.6666666666666667,3.0,7.4,0.35416666666666663,1.4,2.0,0.24310344827586206,21.0,6.666666666666667,35.416666666666664,25.0,56.92307692307692,0.0,23.666666666666664,Low Risk,4,Career Explorers,0.1491658645666423,-2.499571947208376
34,0,Travel_Rarely,971,Sales,1,3,Technical Degree,4,Male,64,2,3,Sales Executive,3,Married,7083,12288,1,Yes,14,3,4,0,10,3,3,10,9,8,6,0.7272727272727273,0.8181818181818182,0.2727272727272727,0.5454545454545454,0.2727272727272727,0.1111111111111111,2.360213262245918,2.6666666666666665,4.0,7.4,0.5924242424242425,2.1,3.5,0.560344827586207,4.666666666666667,53.333333333333336,59.24242424242425,81.81818181818183,56.92307692307692,54.54545454545454,64.24242424242425,Medium Risk,0,Fast-Track Performers,3.441463945523876,0.9935160069476633
31,1,Travel_Frequently,561,Research & Development,3,3,Life Sciences,4,Female,33,3,1,Research Scientist,3,Single,4084,4156,1,No,12,3,1,0,7,2,1,7,2,7,7,0.875,0.25,0.25,0.875,0.125,0.125,4.07992007992008,2.3333333333333335,2.5,6.300000000000001,0.5354166666666667,1.4,2.35,0.3310344827586207,4.5,46.666666666666664,53.541666666666664,25.0,48.46153846153847,87.5,42.916666666666664,Medium Risk,0,Fast-Track Performers,3.4866964023808054,-0.8394997577414253
50,0,Travel_Frequently,333,Research & Development,22,5,Medical,3,Male,88,1,4,Research Director,4,Single,14411,24450,1,Yes,13,3,4,0,32,2,3,32,6,13,9,0.3939393939393939,0.18181818181818182,0.06060606060606061,0.2727272727272727,0.12121212121212122,0.07142857142857142,3.601849537615596,2.6666666666666665,3.5,6.699999999999999,0.31666666666666665,2.3,3.5500000000000003,0.9275862068965517,2.7857142857142856,86.66666666666667,31.666666666666664,18.181818181818183,51.53846153846153,27.27272727272727,44.12121212121212,Medium Risk,0,Fast-Track Performers,1.2429408451483668,1.4716785804169261
34,0,Travel_Rarely,1440,Sales,7,2,Technical Degree,2,Male,55,3,1,Sales Representative,3,Married,2308,4944,0,Yes,25,4,2,1,12,4,3,11,10,5,7,0.4166666666666667,0.7692307692307693,0.3333333333333333,0.5833333333333334,0.07692307692307693,0.16666666666666666,2.305694305694306,3.0,2.0,12.399999999999999,0.43814102564102564,1.5999999999999999,2.5,0.6224137931034484,16.666666666666668,33.33333333333333,43.81410256410256,76.92307692307693,95.38461538461537,58.333333333333336,50.6025641025641,Medium Risk,0,Fast-Track Performers,2.0600524136911007,-0.204773217062524
42,0,Travel_Rarely,1210,Research & Development,2,3,Medical,3,Male,68,2,1,Laboratory Technician,2,Married,4841,24052,4,No,14,3,2,1,4,3,3,1,0,0,0,0.0,0.0,1.5,0.0,0.2,1.0,4.836163836163836,2.3333333333333335,2.5,7.4,0.16666666666666666,1.3,2.45,0.1706896551724138,42.0,0.0,16.666666666666664,0.0,56.92307692307692,0.0,6.666666666666666,Low Risk,2,High-Risk Stagnation,-2.4053070791608375,-1.0371166141559827
37,0,Travel_Rarely,674,Research & Development,13,3,Medical,1,Male,47,3,2,Research Scientist,4,Married,4285,3031,1,No,17,3,1,0,10,2,3,10,8,3,7,0.2727272727272727,0.7272727272727273,0.18181818181818182,0.6363636363636364,0.18181818181818182,0.25,2.1414292853573214,3.3333333333333335,1.0,8.3,0.34393939393939393,1.9,2.3,0.2844827586206896,12.75,20.0,34.39393939393939,72.72727272727273,63.846153846153854,63.63636363636363,41.57575757575758,Medium Risk,0,Fast-Track Performers,1.5379660065395229,0.3864421793132495
29,0,Travel_Rarely,441,Research & Development,8,1,Other,3,Female,39,1,2,Healthcare Representative,1,Married,9715,7288,3,No,13,3,3,1,9,3,3,7,7,0,7,0.0,0.7,0.375,0.875,0.2,1.0,4.855072463768116,1.6666666666666667,3.0,7.0,0.4083333333333333,1.5,2.4000000000000004,0.23275862068965517,39.0,0.0,40.833333333333336,70.0,53.84615384615385,87.5,37.333333333333336,Medium Risk,4,Career Explorers,0.2618315791898479,-2.2323007359305818
33,0,Travel_Rarely,575,Research & Development,25,3,Life Sciences,4,Male,44,2,2,Manufacturing Director,2,Single,4320,24152,1,No,13,3,4,0,5,2,3,5,3,0,2,0.0,0.5,0.3333333333333333,0.3333333333333333,0.3333333333333333,1.0,2.158920539730135,2.3333333333333335,4.0,6.699999999999999,0.29166666666666663,1.6,3.2,0.4086206896551724,39.0,0.0,29.166666666666664,50.0,51.53846153846153,33.33333333333333,26.666666666666664,Low Risk,3,Stable Contributors,-1.1836821489954361,-0.04730570637022128
45,0,Travel_Rarely,950,Research & Development,28,3,Technical Degree,4,Male,97,3,1,Research Scientist,4,Married,2132,4585,4,No,20,4,4,1,8,3,3,5,4,0,3,0.0,0.4444444444444444,0.5,0.5,0.1111111111111111,1.0,2.1298701298701297,3.3333333333333335,4.0,10.1,0.17777777777777776,1.5999999999999999,3.8000000000000003,0.43965517241379315,80.0,0.0,17.777777777777775,44.44444444444444,77.6923076923077,50.0,20.444444444444443,Low Risk,1,Promotion-Stalled,-2.334834439855163,1.6605029750284657
42,0,Travel_Frequently,288,Research & Development,2,3,Life Sciences,4,Male,40,3,3,Healthcare Representative,4,Married,10124,18611,2,Yes,14,3,3,1,24,3,1,20,8,13,9,0.6190476190476191,0.32,0.14285714285714285,0.42857142857142855,0.12,0.07142857142857142,3.3735421526157947,2.6666666666666665,3.5,7.4,0.43000000000000005,2.6,3.1500000000000004,0.7206896551724138,3.0,86.66666666666667,43.00000000000001,32.0,56.92307692307692,42.857142857142854,52.800000000000004,Medium Risk,0,Fast-Track Performers,2.3025361059381595,0.7518633648211431
40,0,Travel_Rarely,1342,Sales,9,2,Medical,1,Male,47,3,2,Sales Executive,1,Married,5473,19345,0,No,12,3,4,0,9,5,4,8,4,7,1,0.7777777777777778,0.4,0.5555555555555556,0.1111111111111111,0.2,0.125,2.7351324337831087,2.6666666666666665,2.5,7.200000000000001,0.5055555555555555,1.9,2.35,0.24310344827586206,4.5,46.666666666666664,50.55555555555556,40.0,55.38461538461539,11.11111111111111,46.22222222222222,Medium Risk,0,Fast-Track Performers,2.4695405218139803,-0.461616582935874
33,0,Travel_Rarely,589,Research & Development,28,4,Life Sciences,2,Male,79,3,2,Laboratory Technician,3,Married,5207,22949,1,Yes,12,3,2,1,15,3,3,15,14,5,7,0.3125,0.875,0.1875,0.4375,0.125,0.16666666666666666,2.602198900549725,3.0,2.0,6.600000000000001,0.428125,2.1,2.5,0.8396551724137932,6.0,33.33333333333333,42.8125,87.5,50.76923076923078,43.75,53.375,Medium Risk,0,Fast-Track Performers,2.2949629198103376,0.3993628836303853
40,0,Travel_Rarely,898,Human Resources,6,2,Medical,3,Male,38,3,4,Manager,4,Single,16437,17381,1,Yes,21,4,4,0,21,2,3,21,7,7,7,0.3181818181818182,0.3181818181818182,0.09090909090909091,0.3181818181818182,0.18181818181818182,0.125,4.108222944263934,3.3333333333333335,3.5,10.2,0.25757575757575757,2.9,3.5500000000000003,0.6120689655172414,10.5,46.666666666666664,25.757575757575758,31.818181818181817,78.46153846153847,31.818181818181817,33.84848484848485,Medium Risk,3,Stable Contributors,0.5559642719375365,2.0566941212384613
24,0,Travel_Rarely,350,Research & Development,21,2,Technical Degree,3,Male,57,2,1,Laboratory Technician,1,Divorced,2296,10036,0,No,14,3,2,3,2,3,3,1,1,0,0,0.0,0.3333333333333333,1.5,0.0,0.3333333333333333,1.0,2.2937062937062938,2.0,2.5,7.4,0.2833333333333333,1.7000000000000002,2.1500000000000004,0.36724137931034484,42.0,0.0,28.333333333333332,33.33333333333333,56.92307692307692,0.0,21.333333333333332,Low Risk,2,High-Risk Stagnation,-1.7342068357750053,-1.9447718901401911
40,0,Non-Travel,1142,Research & Development,8,2,Life Sciences,4,Male,72,3,2,Healthcare Representative,4,Divorced,4069,8841,3,Yes,18,3,3,0,8,2,3,2,2,2,2,0.6666666666666666,0.2222222222222222,0.6666666666666666,0.6666666666666666,0.2222222222222222,0.3333333333333333,2.0334832583708145,3.3333333333333335,3.5,8.7,0.3555555555555555,1.9,3.5500000000000003,0.4827586206896552,18.0,13.333333333333334,35.55555555555555,22.22222222222222,66.92307692307692,66.66666666666666,24.888888888888886,Low Risk,0,Fast-Track Performers,1.309641029857825,2.0001894528323496
45,0,Travel_Rarely,538,Research & Development,1,4,Technical Degree,1,Male,66,3,3,Healthcare Representative,2,Divorced,7441,20933,1,No,12,3,1,3,10,4,3,10,8,7,7,0.6363636363636364,0.7272727272727273,0.36363636363636365,0.6363636363636364,0.2727272727272727,0.125,2.4795068310563146,2.6666666666666665,1.0,6.9,0.5378787878787878,3.0,1.7000000000000002,0.16034482758620688,4.5,46.666666666666664,53.78787878787878,72.72727272727273,53.07692307692308,63.63636363636363,57.333333333333336,Medium Risk,0,Fast-Track Performers,3.2030571887865094,-1.3023436961993495
35,0,Travel_Rarely,1402,Sales,28,4,Life Sciences,2,Female,98,2,1,Sales Representative,3,Married,2430,26204,0,No,23,4,1,2,6,5,3,5,3,4,2,0.6666666666666666,0.42857142857142855,0.8333333333333334,0.3333333333333333,0.14285714285714285,0.2,2.4275724275724277,2.6666666666666665,1.5,11.9,0.4738095238095238,1.5,2.25,0.43965517241379315,18.4,26.666666666666668,47.38095238095238,42.857142857142854,91.53846153846155,33.33333333333333,39.80952380952381,Medium Risk,0,Fast-Track Performers,1.8742078884588358,-1.0174324216837207
32,0,Travel_Rarely,824,Research & Development,5,2,Life Sciences,4,Female,67,2,2,Research Scientist,2,Married,5878,15624,3,No,12,3,1,1,12,2,3,7,1,2,5,0.25,0.07692307692307693,0.25,0.625,0.15384615384615385,0.3333333333333333,2.9375312343828086,2.3333333333333335,2.5,6.300000000000001,0.27339743589743587,1.8,2.45,0.20172413793103447,12.0,13.333333333333334,27.339743589743588,7.6923076923076925,48.46153846153847,62.5,17.243589743589745,Low Risk,4,Career Explorers,0.6510321771727545,-0.6309234443571174
36,0,Travel_Rarely,1157,Sales,2,4,Life Sciences,3,Male,70,3,1,Sales Representative,4,Single,2644,17001,3,Yes,21,4,4,0,7,3,2,3,2,1,2,0.25,0.25,0.75,0.5,0.125,0.5,2.641358641358641,3.0,3.5,10.5,0.25,1.4,3.35,0.5706896551724139,42.0,6.666666666666667,25.0,25.0,80.76923076923077,50.0,19.5,Low Risk,3,Stable Contributors,-0.4837017056286533,0.9716858005429956
48,0,Travel_Rarely,492,Sales,16,4,Life Sciences,3,Female,96,3,2,Sales Executive,3,Divorced,6439,13693,8,No,14,3,3,1,18,2,3,8,7,7,7,0.7777777777777778,0.3684210526315789,0.2222222222222222,0.7777777777777778,0.10526315789473684,0.125,3.2178910544727635,3.0,3.0,7.1,0.4643274853801169,2.1,3.0,0.31551724137931036,5.25,46.666666666666664,46.432748538011694,36.84210526315789,54.61538461538461,77.77777777777779,43.625730994152036,Medium Risk,0,Fast-Track Performers,2.978853277835728,0.9137965275074714
29,0,Travel_Rarely,598,Research & Development,9,3,Life Sciences,3,Male,91,4,1,Research Scientist,3,Married,2451,22376,6,No,18,3,1,2,5,2,2,1,0,0,0,0.0,0.0,1.0,0.0,0.16666666666666666,1.0,2.4485514485514486,3.0,2.0,8.7,0.1,2.1,2.3,0.24310344827586206,54.0,0.0,10.0,0.0,66.92307692307692,0.0,4.0,Low Risk,2,High-Risk Stagnation,-2.972135976320895,-0.38306972463643396
33,0,Travel_Rarely,1242,Sales,8,4,Life Sciences,1,Male,46,3,2,Sales Executive,1,Married,6392,10589,2,No,13,3,4,1,8,6,1,2,2,2,2,0.6666666666666666,0.2222222222222222,2.0,0.6666666666666666,0.2222222222222222,0.3333333333333333,3.1944027986006995,1.6666666666666667,2.5,7.9,0.5222222222222221,2.1,1.75,0.23275862068965517,13.0,13.333333333333334,52.222222222222214,22.22222222222222,60.769230769230774,66.66666666666666,31.55555555555555,Low Risk,0,Fast-Track Performers,2.324913739772135,-2.8109937283282513
30,1,Travel_Rarely,740,Sales,1,3,Life Sciences,2,Male,64,2,2,Sales Executive,1,Married,9714,5323,1,No,11,3,4,1,10,4,3,10,8,6,7,0.5454545454545454,0.7272727272727273,0.36363636363636365,0.6363636363636364,0.18181818181818182,0.14285714285714285,4.854572713643178,2.0,3.0,6.5,0.5727272727272728,1.8,2.4000000000000004,0.16034482758620688,4.714285714285714,40.0,57.27272727272727,72.72727272727273,50.0,63.63636363636363,56.72727272727273,Medium Risk,0,Fast-Track Performers,3.3274536671533954,-1.41147753178614
38,0,Travel_Frequently,888,Human Resources,10,4,Human Resources,3,Male,71,3,2,Human Resources,3,Married,6077,14814,3,No,11,3,3,0,10,2,3,6,3,1,2,0.14285714285714285,0.2727272727272727,0.2857142857142857,0.2857142857142857,0.18181818181818182,0.5,3.0369815092453774,3.0,3.0,5.9,0.21818181818181817,1.9,3.0,0.40344827586206894,16.5,6.666666666666667,21.818181818181817,27.27272727272727,45.38461538461539,28.57142857142857,18.909090909090907,Low Risk,3,Stable Contributors,-0.25097187140646005,1.060392293789623
35,0,Travel_Rarely,992,Research & Development,1,3,Medical,4,Male,68,2,1,Laboratory Technician,1,Single,2450,21731,1,No,19,3,2,0,3,3,3,3,0,1,2,0.25,0.0,0.75,0.5,0.25,0.5,2.4475524475524475,2.0,3.0,9.4,0.2875,1.1,2.4000000000000004,0.16034482758620688,28.5,6.666666666666667,28.749999999999996,0.0,72.3076923076923,50.0,13.5,Low Risk,4,Career Explorers,-0.3032876625035202,-1.581271598000183
30,0,Travel_Rarely,1288,Sales,29,4,Technical Degree,3,Male,33,3,3,Sales Executive,2,Married,9250,17799,3,No,12,3,2,1,9,3,3,4,2,1,3,0.2,0.2,0.6,0.6,0.3,0.5,3.082305898033989,2.6666666666666665,2.5,6.600000000000001,0.25333333333333335,2.6,2.45,0.44999999999999996,18.0,6.666666666666667,25.333333333333336,20.0,50.76923076923078,60.0,18.133333333333333,Low Risk,4,Career Explorers,0.03421896738547117,-0.1476543545454183
35,1,Travel_Rarely,104,Research & Development,2,3,Life Sciences,1,Female,69,3,1,Laboratory Technician,1,Divorced,2074,26619,1,Yes,12,3,4,1,1,2,3,1,0,0,0,0.0,0.0,1.0,0.0,0.5,1.0,2.0719280719280717,2.3333333333333335,2.5,6.300000000000001,0.16666666666666666,1.5999999999999999,2.1500000000000004,0.5706896551724139,36.0,0.0,16.666666666666664,0.0,48.46153846153847,0.0,6.666666666666666,Low Risk,2,High-Risk Stagnation,-2.606493247261225,-1.0947369626606767
53,1,Travel_Rarely,607,Research & Development,2,5,Technical Degree,3,Female,78,2,3,Manufacturing Director,4,Married,10169,14618,0,No,16,3,2,1,34,4,3,33,7,1,9,0.029411764705882353,0.2,0.11764705882352941,0.2647058823529412,0.08571428571428572,0.5,3.388537154281906,3.0,2.5,8.5,0.16029411764705884,2.3000000000000003,3.0500000000000003,0.1706896551724138,24.0,6.666666666666667,16.029411764705884,20.0,65.38461538461539,26.47058823529412,14.411764705882355,Low Risk,3,Stable Contributors,-0.9056545932992759,0.8247215914463228
38,1,Travel_Rarely,903,Research & Development,2,3,Medical,3,Male,81,3,2,Manufacturing Director,2,Married,4855,7653,4,No,11,3,1,2,7,2,3,5,2,1,4,0.16666666666666666,0.25,0.3333333333333333,0.6666666666666666,0.25,0.5,2.426286856571714,2.6666666666666665,2.0,5.9,0.25416666666666665,2.3,2.2,0.1706896551724138,16.5,6.666666666666667,25.416666666666664,25.0,45.38461538461539,66.66666666666666,19.666666666666664,Low Risk,4,Career Explorers,0.2575391393397899,-0.48998200696650346
32,0,Non-Travel,1200,Research & Development,1,4,Technical Degree,4,Male,62,3,2,Research Scientist,1,Married,4087,25174,4,No,14,3,2,1,9,3,2,6,5,1,2,0.14285714285714285,0.5,0.42857142857142855,0.2857142857142857,0.2,0.5,2.0424787606196904,2.0,3.0,7.4,0.375,2.1,2.2,0.010344827586206896,21.0,6.666666666666667,37.5,50.0,56.92307692307692,28.57142857142857,32.0,Low Risk,4,Career Explorers,0.5317904118760118,-1.8148734330523966
48,0,Travel_Rarely,1108,Research & Development,15,4,Other,3,Female,65,3,1,Research Scientist,1,Married,2367,16530,8,No,12,3,4,1,10,3,2,8,2,7,6,0.7777777777777778,0.18181818181818182,0.3333333333333333,0.6666666666666666,0.09090909090909091,0.125,2.364635364635365,2.0,3.5,6.600000000000001,0.5176767676767677,1.5999999999999999,2.4499999999999997,0.30517241379310345,4.5,46.666666666666664,51.767676767676775,18.181818181818183,50.76923076923078,66.66666666666666,40.161616161616166,Medium Risk,0,Fast-Track Performers,3.0448535491813815,-1.2271574450643608
34,0,Travel_Rarely,479,Research & Development,7,4,Medical,1,Male,35,3,1,Research Scientist,4,Single,2972,22061,1,No,13,3,3,0,1,4,1,1,0,0,0,0.0,0.0,2.0,0.0,0.5,1.0,2.969030969030969,2.6666666666666665,2.0,7.300000000000001,0.13333333333333336,1.4,2.4000000000000004,0.22241379310344828,39.0,0.0,13.333333333333336,0.0,56.15384615384615,0.0,5.333333333333335,Low Risk,2,High-Risk Stagnation,-2.879518853022282,-0.46027649947700194
55,0,Travel_Rarely,685,Sales,26,5,Marketing,3,Male,60,2,5,Manager,4,Married,19586,23037,1,No,21,4,3,1,36,3,3,36,6,2,13,0.05405405405405406,0.16216216216216217,0.08108108108108109,0.35135135135135137,0.13513513513513514,0.3333333333333333,3.9164167166566686,3.0,3.0,10.5,0.15945945945945947,3.3000000000000003,3.3000000000000003,0.4189655172413793,28.0,13.333333333333334,15.945945945945947,16.216216216216218,80.76923076923077,35.13513513513514,15.243243243243244,Low Risk,3,Stable Contributors,-0.8806620399972752,1.0861344261713148
34,0,Travel_Rarely,1351,Research & Development,1,4,Life Sciences,2,Male,45,3,2,Research Scientist,4,Married,5484,13008,9,No,17,3,2,1,9,3,2,2,2,2,1,0.6666666666666666,0.2,1.0,0.3333333333333333,0.2,0.3333333333333333,2.7406296851574212,3.0,2.0,8.600000000000001,0.3833333333333333,2.1,2.6,0.16034482758620688,17.0,13.333333333333334,38.33333333333333,20.0,66.15384615384616,33.33333333333333,25.333333333333332,Low Risk,0,Fast-Track Performers,1.2045849855586384,0.19532794396182399
26,0,Travel_Rarely,474,Research & Development,3,3,Life Sciences,1,Female,89,3,1,Research Scientist,4,Married,2061,11133,1,No,21,4,1,0,1,5,3,1,0,0,0,0.0,0.0,2.5,0.0,0.5,1.0,2.058941058941059,3.3333333333333335,1.0,11.1,0.06666666666666665,1.4,2.3,0.1810344827586207,84.0,0.0,6.666666666666665,0.0,85.38461538461539,0.0,2.666666666666666,Low Risk,2,High-Risk Stagnation,-4.273528794534135,-0.1946709578450219
38,0,Travel_Rarely,1245,Sales,14,3,Life Sciences,3,Male,80,3,2,Sales Executive,2,Married,9924,12355,0,No,11,3,4,1,10,3,3,9,8,7,7,0.7,0.7272727272727273,0.3,0.7,0.18181818181818182,0.125,4.95952023988006,2.6666666666666665,3.5,6.200000000000001,0.5601515151515151,2.1,2.95,0.29482758620689653,4.125,46.666666666666664,56.01515151515151,72.72727272727273,47.6923076923077,70.0,58.224242424242426,Medium Risk,0,Fast-Track Performers,3.5402769859393497,0.3397958643851756
38,0,Travel_Rarely,437,Sales,16,3,Life Sciences,2,Female,90,3,2,Sales Executive,2,Single,4198,16379,2,No,12,3,2,0,8,5,4,3,2,1,2,0.25,0.2222222222222222,1.25,0.5,0.2222222222222222,0.5,2.097951024487756,3.0,2.0,7.200000000000001,0.24305555555555555,1.9,2.4000000000000004,0.31551724137931036,18.0,6.666666666666667,24.305555555555554,22.22222222222222,55.38461538461539,50.0,18.388888888888886,Low Risk,3,Stable Contributors,0.04250216935957305,0.1678688127326217
36,0,Travel_Rarely,884,Sales,1,4,Life Sciences,2,Female,73,3,2,Sales Executive,3,Single,6815,21447,6,No,13,3,1,0,15,5,3,1,0,0,0,0.0,0.0,2.5,0.0,0.125,1.0,3.4057971014492754,3.0,1.5,7.6,0.1,1.9,2.25,0.16034482758620688,39.0,0.0,10.0,0.0,58.46153846153845,0.0,4.0,Low Risk,2,High-Risk Stagnation,-2.559449141271746,-0.28751132282963104
29,0,Travel_Rarely,1370,Research & Development,3,1,Medical,2,Male,87,3,1,Laboratory Technician,1,Single,4723,16213,1,Yes,18,3,4,0,10,3,3,10,9,1,5,0.09090909090909091,0.8181818181818182,0.2727272727272727,0.45454545454545453,0.09090909090909091,0.5,4.718281718281719,2.3333333333333335,3.0,9.0,0.40303030303030307,1.4,2.4000000000000004,0.5810344827586207,27.0,6.666666666666667,40.303030303030305,81.81818181818183,69.23076923076923,45.45454545454545,42.66666666666667,Medium Risk,4,Career Explorers,0.9508170616994432,-1.1779373326558211
35,0,Travel_Rarely,670,Research & Development,10,4,Medical,1,Female,51,3,2,Healthcare Representative,3,Single,6142,4223,3,Yes,16,3,3,0,10,4,3,5,2,0,4,0.0,0.18181818181818182,0.6666666666666666,0.6666666666666666,0.18181818181818182,1.0,3.0694652673663168,3.0,2.0,8.5,0.14545454545454545,1.9,2.5,0.653448275862069,48.0,0.0,14.545454545454545,18.181818181818183,65.38461538461539,66.66666666666666,11.272727272727273,Low Risk,3,Stable Contributors,-1.862615853502639,0.017944104209275166
39,0,Travel_Rarely,1462,Sales,6,3,Medical,4,Male,38,4,3,Sales Executive,3,Married,8237,4658,2,No,11,3,1,1,11,3,3,7,6,7,6,0.875,0.5,0.375,0.75,0.25,0.125,2.744751749416861,3.3333333333333335,2.5,6.200000000000001,0.4979166666666666,2.9000000000000004,2.75,0.21206896551724136,4.125,46.666666666666664,49.791666666666664,50.0,47.6923076923077,75.0,48.916666666666664,Medium Risk,0,Fast-Track Performers,3.2424009374425538,1.1328714639186253
29,0,Travel_Frequently,995,Research & Development,2,1,Life Sciences,1,Male,87,3,2,Healthcare Representative,4,Divorced,8853,24483,1,No,19,3,4,1,6,0,4,6,4,1,3,0.14285714285714285,0.5714285714285714,0.0,0.42857142857142855,0.2857142857142857,0.5,4.424287856071964,3.6666666666666665,2.5,8.5,0.2261904761904762,2.1,3.25,0.32068965517241377,28.5,6.666666666666667,22.61904761904762,57.14285714285714,65.38461538461539,42.857142857142854,28.19047619047619,Low Risk,3,Stable Contributors,-0.33652282140135603,2.027398366831181
50,0,Travel_Rarely,264,Sales,9,3,Marketing,3,Male,59,3,5,Manager,3,Married,19331,19519,4,Yes,16,3,3,1,27,2,3,1,0,0,0,0.0,0.0,1.0,0.0,0.17857142857142858,1.0,3.8654269146170765,3.0,3.0,7.9,0.1,3.6,3.0,0.6431034482758621,48.0,0.0,10.0,0.0,60.769230769230774,0.0,4.0,Low Risk,2,High-Risk Stagnation,-2.8721558964659875,0.7222383267088991
23,0,Travel_Rarely,977,Research & Development,10,3,Technical Degree,4,Male,45,4,1,Research Scientist,3,Married,2073,12826,2,No,16,3,4,1,4,2,3,2,2,2,2,0.6666666666666666,0.4,0.6666666666666666,0.6666666666666666,0.2,0.3333333333333333,2.070929070929071,3.3333333333333335,4.0,7.9,0.39999999999999997,1.9,3.5,0.253448275862069,16.0,13.333333333333334,40.0,40.0,60.769230769230774,66.66666666666666,32.0,Low Risk,0,Fast-Track Performers,1.7901738911531622,1.89169074954815
36,0,Travel_Frequently,1302,Research & Development,6,4,Life Sciences,1,Male,80,4,2,Laboratory Technician,1,Married,5562,19711,3,Yes,13,3,4,1,9,3,3,3,2,0,2,0.0,0.2,0.75,0.5,0.2,1.0,2.7796101949025487,2.6666666666666665,2.5,7.0,0.18333333333333335,2.4000000000000004,2.1500000000000004,0.7620689655172413,39.0,0.0,18.333333333333336,20.0,53.84615384615385,50.0,13.333333333333336,Low Risk,4,Career Explorers,-1.5828383346187889,-0.7341110503241227
42,0,Travel_Rarely,1059,Research & Development,9,2,Other,4,Male,93,2,5,Manager,4,Single,19613,26362,8,No,22,4,4,0,24,2,3,1,0,0,1,0.0,0.0,1.0,0.5,0.2,1.0,3.9218156368726254,3.0,4.0,10.6,0.1,3.1,3.8000000000000003,0.24310344827586206,88.0,0.0,10.0,0.0,81.53846153846153,50.0,4.0,Low Risk,1,Promotion-Stalled,-3.376403320917369,1.1668697157624501
35,0,Travel_Rarely,750,Research & Development,28,3,Life Sciences,2,Male,46,4,2,Laboratory Technician,3,Married,3407,25348,1,No,17,3,4,2,10,3,2,10,9,6,8,0.5454545454545454,0.8181818181818182,0.2727272727272727,0.7272727272727273,0.18181818181818182,0.14285714285714285,1.7026486756621688,3.0,3.0,8.600000000000001,0.4954545454545455,2.6,2.8,0.43965517241379315,7.285714285714286,40.0,49.54545454545455,81.81818181818183,66.15384615384616,72.72727272727273,56.36363636363637,Medium Risk,0,Fast-Track Performers,2.9441137005483506,0.49335972633744846
34,0,Travel_Frequently,653,Research & Development,10,4,Technical Degree,4,Male,92,2,2,Healthcare Representative,3,Married,5063,15332,1,No,14,3,2,1,8,3,2,8,2,7,7,0.7777777777777778,0.2222222222222222,0.3333333333333333,0.7777777777777778,0.2222222222222222,0.125,2.5302348825587204,2.3333333333333335,3.0,7.4,0.49444444444444435,1.8,2.8,0.40344827586206894,5.25,46.666666666666664,49.444444444444436,22.22222222222222,56.92307692307692,77.77777777777779,40.444444444444436,Medium Risk,0,Fast-Track Performers,2.832990854081529,-0.28457924971904663
40,0,Travel_Rarely,118,Sales,14,2,Life Sciences,4,Female,84,3,2,Sales Executive,1,Married,4639,11262,1,No,15,3,3,1,5,2,3,5,4,1,2,0.16666666666666666,0.6666666666666666,0.3333333333333333,0.3333333333333333,0.3333333333333333,0.5,2.3183408295852073,2.3333333333333335,3.5,7.5,0.3916666666666666,2.1,2.65,0.29482758620689653,22.5,6.666666666666667,39.16666666666666,66.66666666666666,57.692307692307686,33.33333333333333,37.66666666666666,Medium Risk,4,Career Explorers,0.5934017536367344,-0.6932469478176411
43,0,Travel_Rarely,990,Research & Development,27,3,Technical Degree,4,Male,87,4,1,Laboratory Technician,2,Divorced,4876,5855,5,No,12,3,3,1,8,0,3,6,4,0,2,0.0,0.4444444444444444,0.0,0.2857142857142857,0.1111111111111111,1.0,4.871128871128871,3.0,3.5,5.700000000000001,0.2111111111111111,1.9,2.95,0.42931034482758623,36.0,0.0,21.11111111111111,44.44444444444444,43.846153846153854,28.57142857142857,21.77777777777778,Low Risk,3,Stable Contributors,-1.2404952313977353,0.7174758080136288
35,0,Travel_Rarely,1349,Research & Development,7,2,Life Sciences,3,Male,63,2,1,Laboratory Technician,4,Married,2690,7713,1,No,18,3,4,1,1,5,2,1,0,0,1,0.0,0.0,2.5,0.5,0.5,1.0,2.687312687312687,2.6666666666666665,3.5,9.6,0.13333333333333336,1.3,3.35,0.22241379310344828,54.0,0.0,13.333333333333336,0.0,73.84615384615384,50.0,5.333333333333335,Low Risk,2,High-Risk Stagnation,-2.861050135951233,0.48063094189757677
46,0,Travel_Rarely,563,Sales,1,4,Life Sciences,4,Male,56,4,4,Manager,1,Single,17567,3156,1,No,15,3,2,0,27,5,1,26,0,0,12,0.0,0.0,0.18518518518518517,0.4444444444444444,0.14285714285714285,1.0,4.390652336915771,2.0,3.0,8.4,0.2,3.2,2.0,0.16034482758620688,45.0,0.0,20.0,0.0,64.61538461538461,44.44444444444444,8.0,Low Risk,4,Career Explorers,-1.8327461702880796,-2.21910960133125
28,1,Travel_Rarely,329,Research & Development,24,3,Medical,3,Male,51,3,1,Laboratory Technician,2,Married,2408,7324,1,Yes,17,3,3,3,1,3,3,1,1,0,0,0.0,0.5,1.5,0.0,0.5,1.0,2.4055944055944054,2.6666666666666665,3.0,8.600000000000001,0.25833333333333336,2.0,2.7,0.7982758620689656,51.0,0.0,25.833333333333336,50.0,66.15384615384616,0.0,25.333333333333336,Low Risk,2,High-Risk Stagnation,-2.2005137824059715,-0.2728717091671555
22,0,Non-Travel,457,Research & Development,26,2,Other,2,Female,85,2,1,Research Scientist,3,Married,2814,10293,1,Yes,14,3,2,0,4,2,2,4,2,1,3,0.2,0.4,0.4,0.6,0.2,0.5,2.8111888111888113,2.3333333333333335,2.0,7.1,0.33666666666666667,1.1,2.3,0.6689655172413793,21.0,6.666666666666667,33.666666666666664,40.0,54.61538461538461,60.0,27.46666666666667,Low Risk,4,Career Explorers,0.6397356069523532,-0.9448574377878796
50,0,Travel_Frequently,1234,Research & Development,20,5,Medical,2,Male,41,3,4,Healthcare Representative,3,Married,11245,20689,2,Yes,15,3,3,1,32,3,3,30,8,12,13,0.3870967741935484,0.24242424242424243,0.0967741935483871,0.41935483870967744,0.12121212121212122,0.07692307692307693,2.8105473631592104,3.0,2.5,7.800000000000001,0.29608993157380253,3.1,2.75,0.9068965517241379,3.4615384615384617,80.0,29.608993157380255,24.242424242424242,60.00000000000001,41.935483870967744,43.116324535679375,Medium Risk,0,Fast-Track Performers,1.2970555972548539,0.8565114656478698
32,0,Travel_Rarely,634,Research & Development,5,4,Other,2,Female,35,4,1,Research Scientist,4,Married,3312,18783,3,No,17,3,4,2,6,3,3,3,2,0,2,0.0,0.2857142857142857,0.75,0.5,0.14285714285714285,1.0,3.3086913086913086,3.6666666666666665,3.0,8.600000000000001,0.10476190476190478,2.1,3.3000000000000003,0.20172413793103447,51.0,0.0,10.476190476190478,28.57142857142857,66.15384615384616,50.0,12.761904761904763,Low Risk,3,Stable Contributors,-2.1693093048417706,1.8555969099450178
44,0,Travel_Rarely,1313,Research & Development,7,3,Medical,2,Female,31,3,5,Research Director,4,Divorced,19049,3549,0,Yes,14,3,4,1,23,4,2,22,7,1,10,0.043478260869565216,0.2916666666666667,0.17391304347826086,0.43478260869565216,0.20833333333333334,0.5,3.8090381923615277,3.0,3.0,7.700000000000001,0.1881340579710145,3.6,3.1,0.6224137931034484,21.0,6.666666666666667,18.813405797101453,29.166666666666668,59.23076923076924,43.47826086956522,18.275362318840582,Low Risk,3,Stable Contributors,-0.5814925054147486,1.1049361669190145
30,0,Travel_Rarely,241,Research & Development,7,3,Medical,2,Male,48,2,1,Research Scientist,2,Married,2141,5348,1,No,12,3,2,1,6,3,2,6,4,1,1,0.14285714285714285,0.5714285714285714,0.42857142857142855,0.14285714285714285,0.14285714285714285,0.5,2.138861138861139,2.0,2.0,6.600000000000001,0.39285714285714285,1.3,2.0,0.22241379310344828,18.0,6.666666666666667,39.285714285714285,57.14285714285714,50.76923076923078,14.285714285714285,34.85714285714286,Medium Risk,4,Career Explorers,0.7187212093083472,-1.9728313996651017
45,0,Travel_Rarely,1015,Research & Development,5,5,Medical,3,Female,50,1,2,Laboratory Technician,1,Single,5769,23447,1,Yes,14,3,1,0,10,3,3,10,7,1,4,0.09090909090909091,0.6363636363636364,0.2727272727272727,0.36363636363636365,0.18181818181818182,0.5,2.8830584707646176,1.6666666666666667,2.0,7.4,0.4242424242424242,1.3,1.9000000000000001,0.6017241379310345,21.0,6.666666666666667,42.42424242424242,63.63636363636363,56.92307692307692,36.36363636363637,38.06060606060606,Medium Risk,4,Career Explorers,0.9163107655631362,-2.580193866422684
45,0,Non-Travel,336,Sales,26,3,Marketing,1,Male,52,2,2,Sales Executive,1,Married,4385,24162,1,No,15,3,1,1,10,2,3,10,7,4,5,0.36363636363636365,0.6363636363636364,0.18181818181818182,0.45454545454545453,0.18181818181818182,0.2,2.1914042978510744,2.0,1.0,7.5,0.4863636363636364,1.8,1.4000000000000001,0.2689655172413793,9.0,26.666666666666668,48.63636363636364,63.63636363636363,57.692307692307686,45.45454545454545,46.54545454545455,Medium Risk,4,Career Explorers,2.2834668405796816,-2.708486057933205
31,0,Travel_Frequently,715,Sales,2,4,Other,4,Male,54,3,2,Sales Executive,1,Single,5332,21602,7,No,13,3,4,0,10,3,3,5,2,0,3,0.0,0.18181818181818182,0.5,0.5,0.18181818181818182,1.0,2.6646676661669164,2.3333333333333335,4.0,7.0,0.2121212121212121,1.9,2.9,0.32068965517241377,39.0,0.0,21.21212121212121,18.181818181818183,53.84615384615385,50.0,13.93939393939394,Low Risk,3,Stable Contributors,-1.4707104672906581,-0.41036452443562826
36,0,Travel_Rarely,559,Research & Development,12,4,Life Sciences,3,Female,76,3,2,Manufacturing Director,3,Married,4663,12421,9,Yes,12,3,2,2,7,2,3,3,2,1,1,0.25,0.25,0.5,0.25,0.25,0.5,2.3303348325837083,3.0,2.5,6.300000000000001,0.25,2.3,2.75,0.6741379310344828,18.0,6.666666666666667,25.0,25.0,48.46153846153847,25.0,19.5,Low Risk,3,Stable Contributors,-0.15872930060250598,0.7675813515085809
34,0,Travel_Frequently,426,Research & Development,10,4,Life Sciences,3,Male,42,4,2,Manufacturing Director,4,Divorced,4724,17000,1,No,13,3,1,1,9,3,3,9,7,7,2,0.7,0.7,0.3,0.2,0.2,0.125,2.3608195902048976,3.6666666666666665,2.0,7.0,0.45333333333333325,2.4000000000000004,2.8000000000000003,0.40344827586206894,4.875,46.666666666666664,45.33333333333333,70.0,53.84615384615385,20.0,53.13333333333333,Medium Risk,0,Fast-Track Performers,2.456056045697936,1.6320146147952956
49,0,Travel_Rarely,722,Research & Development,25,4,Life Sciences,3,Female,84,3,1,Laboratory Technician,1,Married,3211,22102,1,No,14,3,4,1,10,3,2,9,6,1,4,0.1,0.5454545454545454,0.3,0.4,0.09090909090909091,0.5,3.207792207792208,2.0,3.5,7.4,0.37136363636363634,1.5999999999999999,2.4499999999999997,0.4086206896551724,21.0,6.666666666666667,37.13636363636363,54.54545454545454,56.92307692307692,40.0,33.21818181818181,Medium Risk,4,Career Explorers,0.7311035629307598,-1.419481627862206
39,0,Travel_Rarely,1387,Research & Development,10,5,Medical,2,Male,76,3,2,Manufacturing Director,1,Married,5377,3835,2,No,13,3,4,3,10,3,3,7,7,7,7,0.875,0.6363636363636364,0.375,0.875,0.18181818181818182,0.125,2.6871564217891053,2.3333333333333335,3.0,7.0,0.6320075757575757,2.5,2.4000000000000004,0.253448275862069,4.875,46.666666666666664,63.20075757575757,63.63636363636363,53.84615384615385,87.5,58.371212121212125,Medium Risk,0,Fast-Track Performers,4.151638078343384,-0.9621947494178829
27,0,Travel_Rarely,1302,Research & Development,19,3,Other,4,Male,67,2,1,Laboratory Technician,1,Divorced,4066,16290,1,No,11,3,1,2,7,3,3,7,7,0,7,0.0,0.875,0.375,0.875,0.125,1.0,4.061938061938062,2.0,2.5,6.200000000000001,0.41875,1.5,2.1500000000000004,0.346551724137931,33.0,0.0,41.875,87.5,47.6923076923077,87.5,43.0,Medium Risk,4,Career Explorers,0.7308023896539979,-1.9783181533023737
35,0,Travel_Rarely,819,Research & Development,18,5,Life Sciences,2,Male,48,4,2,Research Scientist,1,Married,5208,26312,1,No,11,3,4,0,16,2,3,16,15,1,10,0.058823529411764705,0.8823529411764706,0.11764705882352941,0.5882352941176471,0.11764705882352941,0.5,2.6026986506746628,2.6666666666666665,3.0,5.9,0.37450980392156863,2.2,2.4000000000000004,0.33620689655172414,16.5,6.666666666666667,37.450980392156865,88.23529411764706,45.38461538461539,58.82352941176471,43.450980392156865,Medium Risk,4,Career Explorers,1.3127596971665145,-0.4043784950148219
28,0,Travel_Rarely,580,Research & Development,27,3,Medical,2,Female,39,1,2,Manufacturing Director,1,Divorced,4877,20460,0,No,21,4,2,1,6,5,2,5,3,0,0,0.0,0.42857142857142855,0.8333333333333334,0.0,0.2857142857142857,1.0,2.4372813593203397,1.3333333333333333,2.0,11.1,0.37380952380952387,1.5,1.7000000000000002,0.42931034482758623,84.0,0.0,37.38095238095239,42.857142857142854,85.38461538461539,0.0,27.80952380952381,Low Risk,1,Promotion-Stalled,-2.175080428687359,-4.157687586290014
21,0,Travel_Rarely,546,Research & Development,5,1,Medical,3,Male,97,3,1,Research Scientist,4,Single,3117,26009,1,No,18,3,3,0,3,2,3,2,2,2,2,0.6666666666666666,0.5,0.6666666666666666,0.6666666666666666,0.25,0.3333333333333333,3.113886113886114,3.3333333333333335,3.0,8.7,0.42499999999999993,1.4,3.3000000000000003,0.20172413793103447,18.0,13.333333333333334,42.49999999999999,50.0,66.92307692307692,66.66666666666666,36.0,Medium Risk,0,Fast-Track Performers,1.8576735932292847,1.5278256575340745
18,1,Travel_Frequently,544,Sales,3,2,Medical,2,Female,70,3,1,Sales Representative,4,Single,1569,18420,1,Yes,12,3,3,0,0,2,4,0,0,0,0,0.0,0.0,2.0,0.0,1.0,1.0,1.5674325674325675,3.6666666666666665,2.5,6.300000000000001,0.03333333333333335,1.4,3.25,0.7310344827586206,36.0,0.0,3.333333333333335,0.0,48.46153846153847,0.0,1.333333333333334,Low Risk,2,High-Risk Stagnation,-3.928693249480964,2.5348782360881805
47,0,Travel_Rarely,1176,Human Resources,26,4,Life Sciences,4,Female,98,3,5,Manager,3,Married,19658,5220,3,No,11,3,3,1,27,2,3,5,2,1,0,0.16666666666666666,0.07142857142857142,0.3333333333333333,0.0,0.17857142857142858,0.5,3.9308138372325536,3.0,3.5,5.9,0.17619047619047618,3.6,3.25,0.4189655172413793,16.5,6.666666666666667,17.619047619047617,7.142857142857142,45.38461538461539,0.0,11.19047619047619,Low Risk,3,Stable Contributors,-0.880245465435738,1.424016420514145
39,0,Travel_Rarely,170,Research & Development,3,2,Medical,3,Male,76,2,2,Laboratory Technician,3,Divorced,3069,10302,0,No,15,3,4,1,11,3,3,10,8,0,7,0.0,0.6666666666666666,0.2727272727272727,0.6363636363636364,0.16666666666666666,1.0,1.5337331334332833,2.6666666666666665,3.5,7.800000000000001,0.30000000000000004,1.8,3.25,0.1810344827586207,45.0,0.0,30.000000000000004,66.66666666666666,60.00000000000001,63.63636363636363,32.0,Low Risk,3,Stable Contributors,-0.6648787327863764,0.2509767356943039
40,0,Travel_Rarely,884,Research & Development,15,3,Life Sciences,1,Female,80,2,3,Manufacturing Director,3,Married,10435,25800,1,No,13,3,4,2,18,2,3,18,15,14,12,0.7368421052631579,0.7894736842105263,0.10526315789473684,0.631578947368421,0.15789473684210525,0.06666666666666667,3.477174275241586,2.6666666666666665,2.5,6.699999999999999,0.5885964912280701,2.5,2.75,0.30517241379310345,2.6,93.33333333333333,58.859649122807014,78.94736842105263,51.53846153846153,63.1578947368421,75.2280701754386,High Risk,0,Fast-Track Performers,3.824361045531736,0.033838983476430634
35,0,Non-Travel,208,Research & Development,8,4,Life Sciences,3,Female,52,3,2,Healthcare Representative,3,Married,4148,12250,1,No,12,3,4,1,15,5,3,14,11,2,9,0.13333333333333333,0.6875,0.3333333333333333,0.6,0.125,0.3333333333333333,2.0729635182408797,3.0,3.5,7.200000000000001,0.31854166666666667,2.1,3.25,0.08275862068965517,12.0,13.333333333333334,31.854166666666668,68.75,55.38461538461539,60.0,37.36666666666667,Medium Risk,3,Stable Contributors,1.1729811901185876,1.132805609158421
37,0,Travel_Rarely,671,Research & Development,19,3,Life Sciences,3,Male,85,3,2,Manufacturing Director,3,Married,5768,26493,3,No,17,3,1,3,9,2,2,4,3,0,2,0.0,0.3,0.4,0.4,0.2,1.0,2.8825587206396803,2.6666666666666665,2.0,8.3,0.20833333333333337,2.5,2.3,0.346551724137931,51.0,0.0,20.833333333333336,30.0,63.846153846153854,40.0,17.333333333333336,Low Risk,1,Promotion-Stalled,-1.7821844382665393,-0.8794905831679459
39,0,Travel_Frequently,711,Research & Development,4,3,Medical,1,Female,81,3,2,Manufacturing Director,3,Single,5042,3140,0,No,13,3,4,0,10,2,1,9,2,3,8,0.3,0.18181818181818182,0.2,0.8,0.18181818181818182,0.25,2.5197401299350326,2.3333333333333335,2.5,6.699999999999999,0.31712121212121214,1.9,2.35,0.3413793103448276,9.75,20.0,31.712121212121215,18.181818181818183,51.53846153846153,80.0,24.13939393939394,Low Risk,4,Career Explorers,1.2744650482998088,-0.7458286092936567
45,0,Travel_Rarely,1329,Research & Development,2,2,Other,4,Female,59,2,2,Manufacturing Director,4,Divorced,5770,5388,1,No,19,3,1,2,10,3,3,10,7,3,9,0.2727272727272727,0.6363636363636364,0.2727272727272727,0.8181818181818182,0.18181818181818182,0.25,2.8835582208895554,3.0,2.5,9.4,0.3545454545454545,2.0,3.0500000000000003,0.1706896551724138,14.25,20.0,35.45454545454545,63.63636363636363,72.3076923076923,81.81818181818183,39.272727272727266,Medium Risk,0,Fast-Track Performers,1.5593703127652099,0.7351086689321438
38,0,Travel_Rarely,397,Research & Development,2,2,Medical,4,Female,54,2,3,Manufacturing Director,3,Married,7756,14199,3,Yes,19,3,4,1,10,6,4,5,4,0,2,0.0,0.36363636363636365,1.0,0.3333333333333333,0.2727272727272727,1.0,2.584471842719094,3.0,4.0,10.3,0.19090909090909092,2.3000000000000003,3.7,0.5706896551724139,57.0,0.0,19.090909090909093,36.36363636363637,79.23076923076924,33.33333333333333,18.545454545454547,Low Risk,1,Promotion-Stalled,-2.2721301289507454,1.263248961455951
35,1,Travel_Rarely,737,Sales,10,3,Medical,4,Male,55,2,3,Sales Executive,1,Married,10306,21530,9,No,17,3,3,0,15,3,3,13,12,6,0,0.42857142857142855,0.75,0.21428571428571427,0.0,0.1875,0.14285714285714285,3.434188603798734,2.0,3.5,8.600000000000001,0.5375000000000001,2.1,2.65,0.253448275862069,7.285714285714286,40.0,53.75000000000001,75.0,66.15384615384616,0.0,56.0,Medium Risk,0,Fast-Track Performers,2.23057519774705,-1.2625193317943824
37,0,Travel_Rarely,1470,Research & Development,10,3,Medical,2,Female,71,3,1,Research Scientist,2,Married,3936,9953,1,No,11,3,1,1,8,2,1,8,4,7,7,0.7777777777777778,0.4444444444444444,0.2222222222222222,0.7777777777777778,0.1111111111111111,0.125,3.932067932067932,2.0,1.5,5.9,0.5833333333333333,1.5999999999999999,1.55,0.253448275862069,4.125,46.666666666666664,58.33333333333333,44.44444444444444,45.38461538461539,77.77777777777779,50.66666666666666,Medium Risk,0,Fast-Track Performers,3.7547607801540357,-2.396294978175345
40,0,Travel_Rarely,448,Research & Development,16,3,Life Sciences,3,Female,84,3,3,Manufacturing Director,4,Single,7945,19948,6,Yes,15,3,4,0,18,2,2,4,2,3,3,0.6,0.10526315789473684,0.4,0.6,0.15789473684210525,0.25,2.647450849716761,3.0,3.5,7.5,0.33631578947368423,2.4,3.35,0.7155172413793104,11.25,20.0,33.631578947368425,10.526315789473683,57.692307692307686,60.0,22.610526315789475,Low Risk,0,Fast-Track Performers,1.3659456026022492,1.496370656103419
44,0,Travel_Frequently,602,Human Resources,1,5,Human Resources,1,Male,37,3,2,Human Resources,4,Married,5743,10503,4,Yes,11,3,3,0,14,3,3,10,7,0,2,0.0,0.4666666666666667,0.2727272727272727,0.18181818181818182,0.13333333333333333,1.0,2.870064967516242,3.3333333333333335,2.0,6.200000000000001,0.18333333333333332,1.9,2.8000000000000003,0.7103448275862069,33.0,0.0,18.333333333333332,46.666666666666664,47.6923076923077,18.181818181818183,21.333333333333332,Low Risk,3,Stable Contributors,-1.4472936790313,1.087822361875538
48,0,Travel_Frequently,365,Research & Development,4,5,Medical,3,Male,89,2,4,Manager,4,Married,15202,5602,2,No,25,4,2,1,23,3,3,2,2,2,2,0.6666666666666666,0.08333333333333333,1.0,0.6666666666666666,0.16666666666666666,0.3333333333333333,3.799550112471882,3.0,2.5,12.1,0.35416666666666663,2.8000000000000003,3.0500000000000003,0.3413793103448276,33.333333333333336,13.333333333333334,35.416666666666664,8.333333333333332,93.07692307692308,66.66666666666666,20.666666666666664,Low Risk,0,Fast-Track Performers,0.7963264199378329,0.46197315645995674
35,1,Travel_Rarely,763,Sales,15,2,Medical,1,Male,59,1,2,Sales Executive,4,Divorced,5440,22098,6,Yes,14,3,4,2,7,2,2,2,2,2,2,0.6666666666666666,0.25,0.6666666666666666,0.6666666666666666,0.25,0.3333333333333333,2.71864067966017,2.3333333333333335,2.5,7.1,0.4624999999999999,1.7000000000000002,2.85,0.7051724137931035,14.0,13.333333333333334,46.24999999999999,25.0,54.61538461538461,66.66666666666666,29.999999999999996,Low Risk,0,Fast-Track Performers,1.9916097083203905,-0.20778853746653544
24,0,Travel_Frequently,567,Research & Development,2,1,Technical Degree,1,Female,32,3,1,Research Scientist,4,Single,3760,17218,1,Yes,13,3,3,0,6,2,3,6,3,1,3,0.14285714285714285,0.42857142857142855,0.2857142857142857,0.42857142857142855,0.14285714285714285,0.5,3.756243756243756,3.3333333333333335,2.0,6.699999999999999,0.2238095238095238,1.4,2.8000000000000003,0.7206896551724138,19.5,6.666666666666667,22.38095238095238,42.857142857142854,51.53846153846153,42.857142857142854,23.80952380952381,Low Risk,3,Stable Contributors,0.0007918217680494038,1.2634674332430593
27,0,Travel_Rarely,486,Research & Development,8,3,Medical,2,Female,86,4,1,Research Scientist,3,Married,3517,22490,7,No,17,3,1,0,5,0,3,3,2,0,2,0.0,0.3333333333333333,0.0,0.5,0.16666666666666666,1.0,3.5134865134865136,3.3333333333333335,1.5,7.700000000000001,0.14999999999999997,1.7,2.25,0.23275862068965517,51.0,0.0,14.999999999999996,33.33333333333333,59.23076923076924,50.0,15.999999999999996,Low Risk,3,Stable Contributors,-1.845014573485135,0.08360269498141723
27,0,Travel_Frequently,591,Research & Development,2,3,Medical,4,Male,87,3,1,Research Scientist,4,Single,2580,6297,2,No,13,3,3,0,6,0,2,4,2,1,2,0.2,0.2857142857142857,0.0,0.4,0.14285714285714285,0.5,2.5774225774225776,3.0,3.5,6.1,0.2414285714285714,1.4,3.35,0.32068965517241377,19.5,6.666666666666667,24.142857142857142,28.57142857142857,46.92307692307692,40.0,20.228571428571428,Low Risk,3,Stable Contributors,0.01380094088154004,1.4204775431800152
40,1,Travel_Rarely,1329,Research & Development,7,3,Life Sciences,1,Male,73,3,1,Laboratory Technician,1,Single,2166,3339,3,Yes,14,3,2,0,10,3,1,4,2,0,3,0.0,0.18181818181818182,0.6,0.6,0.09090909090909091,1.0,2.1638361638361636,1.6666666666666667,1.5,7.4,0.27878787878787875,1.4,1.25,0.6224137931034484,42.0,0.0,27.878787878787875,18.181818181818183,56.92307692307692,60.0,16.606060606060606,Low Risk,4,Career Explorers,-0.9483305221339375,-3.522946612542044
29,0,Travel_Rarely,469,Sales,10,3,Medical,3,Male,42,2,2,Sales Executive,3,Single,5869,23413,9,No,11,3,3,0,8,2,3,5,2,1,4,0.16666666666666666,0.2222222222222222,0.3333333333333333,0.6666666666666666,0.2222222222222222,0.5,2.9330334832583707,2.6666666666666665,3.0,5.9,0.24722222222222223,1.6,3.0,0.253448275862069,16.5,6.666666666666667,24.72222222222222,22.22222222222222,45.38461538461539,66.66666666666666,18.555555555555557,Low Risk,3,Stable Contributors,0.19286118718310857,0.5488074747257703
36,0,Travel_Rarely,711,Research & Development,5,4,Life Sciences,2,Female,42,3,3,Healthcare Representative,1,Married,8008,22792,4,No,12,3,3,2,9,6,3,3,2,0,2,0.0,0.2,1.5,0.5,0.3,1.0,2.6684438520493168,2.3333333333333335,2.5,7.5,0.21666666666666667,2.8,2.1500000000000004,0.20172413793103447,36.0,0.0,21.666666666666668,20.0,57.692307692307686,50.0,14.666666666666668,Low Risk,4,Career Explorers,-1.5118766773237187,-1.3861681411605686
25,0,Travel_Frequently,772,Research & Development,2,1,Life Sciences,4,Male,77,4,2,Manufacturing Director,3,Divorced,5206,4973,1,No,17,3,3,2,7,6,3,7,7,0,7,0.0,0.875,0.75,0.875,0.25,1.0,2.6016991504247877,3.3333333333333335,3.5,9.500000000000002,0.28541666666666665,2.6,3.25,0.32068965517241377,51.0,0.0,28.541666666666664,87.5,73.0769230769231,87.5,37.666666666666664,Medium Risk,3,Stable Contributors,-0.6390472888348269,1.101813458787413
39,0,Travel_Rarely,492,Research & Development,12,3,Medical,4,Male,66,3,2,Manufacturing Director,2,Married,5295,7693,4,No,21,4,3,0,7,3,3,5,4,1,0,0.16666666666666666,0.5,0.5,0.0,0.25,0.5,2.6461769115442277,2.6666666666666665,3.5,10.5,0.31666666666666665,1.9,2.95,0.27413793103448275,42.0,6.666666666666667,31.666666666666664,50.0,80.76923076923077,0.0,29.666666666666664,Low Risk,1,Promotion-Stalled,-0.6802723236964532,-0.1722367151444588
49,0,Travel_Rarely,301,Research & Development,22,4,Other,1,Female,72,3,4,Research Director,2,Married,16413,3498,3,No,16,3,2,2,27,2,3,4,2,1,2,0.2,0.07142857142857142,0.4,0.4,0.14285714285714285,0.5,4.102224443889027,2.6666666666666665,1.5,7.9,0.22119047619047622,3.3,1.9500000000000002,0.3775862068965517,24.0,6.666666666666667,22.11904761904762,7.142857142857142,60.769230769230774,40.0,12.99047619047619,Low Risk,4,Career Explorers,-0.38125198417936496,-0.9632119065647293
50,0,Travel_Rarely,813,Research & Development,17,5,Life Sciences,4,Female,50,2,3,Research Director,1,Divorced,13269,21981,5,No,15,3,3,3,19,3,3,14,11,1,11,0.06666666666666667,0.55,0.2,0.7333333333333333,0.15,0.5,4.421526157947351,2.0,3.5,7.800000000000001,0.36083333333333334,2.7,2.65,0.3258620689655172,22.5,6.666666666666667,36.083333333333336,55.00000000000001,60.00000000000001,73.33333333333333,32.93333333333334,Low Risk,4,Career Explorers,0.8352350417171287,-1.1890517587590301
20,0,Travel_Rarely,1141,Sales,2,3,Medical,3,Female,31,3,1,Sales Representative,3,Single,2783,13251,1,No,19,3,1,0,2,3,3,2,2,2,2,0.6666666666666666,0.6666666666666666,1.0,0.6666666666666666,0.3333333333333333,0.3333333333333333,2.78021978021978,3.0,2.0,9.4,0.5,1.4,2.5,0.1706896551724138,19.0,13.333333333333334,50.0,66.66666666666666,72.3076923076923,66.66666666666666,44.0,Medium Risk,0,Fast-Track Performers,2.2283911721372642,-0.10065557616279452
34,0,Travel_Rarely,1130,Research & Development,3,3,Life Sciences,4,Female,66,3,2,Research Scientist,2,Divorced,5433,19332,1,No,12,3,3,1,11,2,3,11,8,7,9,0.5833333333333334,0.6666666666666666,0.16666666666666666,0.75,0.16666666666666666,0.125,2.715142428785607,2.6666666666666665,3.5,6.300000000000001,0.5041666666666667,2.1,2.95,0.1810344827586207,4.5,46.666666666666664,50.416666666666664,66.66666666666666,48.46153846153847,75.0,54.16666666666666,Medium Risk,0,Fast-Track Performers,3.1427961303604026,0.3483183698232157
36,0,Travel_Rarely,311,Research & Development,7,3,Life Sciences,1,Male,77,3,1,Laboratory Technician,2,Single,2013,10950,2,No,11,3,3,0,15,4,3,4,3,1,3,0.2,0.1875,0.8,0.6,0.0625,0.5,2.010989010989011,2.6666666666666665,2.0,6.5,0.25020833333333337,1.4,2.2,0.22241379310344828,16.5,6.666666666666667,25.020833333333336,18.75,50.0,60.0,17.633333333333333,Low Risk,4,Career Explorers,0.36736795886866724,-0.5713932217070798
49,0,Travel_Rarely,465,Research & Development,6,1,Life Sciences,3,Female,41,2,4,Healthcare Representative,3,Married,13966,11652,2,Yes,19,3,2,1,30,3,3,15,11,2,12,0.125,0.3548387096774194,0.1875,0.75,0.12903225806451613,0.3333333333333333,3.490627343164209,2.6666666666666665,2.5,9.4,0.2657930107526882,2.8000000000000003,2.75,0.6120689655172414,19.0,13.333333333333334,26.57930107526882,35.483870967741936,72.3076923076923,75.0,25.276881720430108,Low Risk,3,Stable Contributors,0.525827717528693,0.016524508589371118
36,0,Non-Travel,894,Research & Development,1,4,Medical,4,Female,33,2,2,Manufacturing Director,3,Married,4374,15411,0,No,15,3,3,0,4,6,3,3,2,1,2,0.25,0.4,1.5,0.5,0.4,0.5,2.185907046476762,2.6666666666666665,3.5,8.7,0.32083333333333336,1.6,3.25,0.010344827586206896,22.5,6.666666666666667,32.083333333333336,40.0,66.92307692307692,50.0,26.833333333333336,Low Risk,3,Stable Contributors,0.12187478909704669,0.49611422816713197
36,0,Travel_Rarely,1040,Research & Development,3,2,Life Sciences,4,Male,79,4,2,Healthcare Representative,1,Divorced,6842,26308,6,No,20,4,1,1,13,3,3,5,4,0,4,0.0,0.2857142857142857,0.5,0.6666666666666666,0.14285714285714285,1.0,3.419290354822589,2.6666666666666665,2.5,10.1,0.20476190476190478,2.4000000000000004,2.1500000000000004,0.1810344827586207,80.0,0.0,20.476190476190478,28.57142857142857,77.6923076923077,66.66666666666666,16.761904761904763,Low Risk,1,Promotion-Stalled,-2.133054721732872,-1.459312685182227
54,0,Travel_Rarely,584,Research & Development,22,5,Medical,2,Female,91,3,4,Manager,3,Married,17426,18685,3,No,25,4,3,1,36,6,3,10,8,4,7,0.36363636363636365,0.21621621621621623,0.5454545454545454,0.6363636363636364,0.10810810810810811,0.2,4.355411147213196,3.0,2.5,13.0,0.28132678132678135,3.1,2.75,0.3775862068965517,20.0,26.666666666666668,28.132678132678134,21.62162162162162,100.0,63.63636363636363,25.73955773955774,Low Risk,0,Fast-Track Performers,0.6489170102616842,0.16833903313728074
43,0,Travel_Rarely,1291,Research & Development,15,2,Life Sciences,3,Male,65,2,4,Research Director,3,Married,17603,3525,1,No,24,4,1,1,14,3,3,14,10,6,11,0.4,0.6666666666666666,0.2,0.7333333333333333,0.26666666666666666,0.14285714285714285,4.399650087478131,2.6666666666666665,2.0,11.700000000000001,0.44,2.8000000000000003,2.5,0.30517241379310345,13.714285714285714,40.0,44.0,66.66666666666666,90.00000000000001,73.33333333333333,49.599999999999994,Medium Risk,0,Fast-Track Performers,1.9965354918000953,-0.618398340624578
35,1,Travel_Frequently,880,Sales,12,4,Other,4,Male,36,3,2,Sales Executive,4,Single,4581,10414,3,Yes,24,4,1,0,13,2,4,11,9,6,7,0.5,0.6428571428571429,0.16666666666666666,0.5833333333333334,0.14285714285714285,0.14285714285714285,2.2893553223388308,3.6666666666666665,2.5,11.4,0.36904761904761907,1.9,3.25,0.8241379310344827,13.714285714285714,40.0,36.904761904761905,64.28571428571429,87.6923076923077,58.333333333333336,46.04761904761905,Medium Risk,0,Fast-Track Performers,1.7467411063282114,1.9685419462598497
38,0,Travel_Frequently,1189,Research & Development,1,3,Life Sciences,4,Male,90,3,2,Research Scientist,4,Married,4735,9867,7,No,15,3,4,2,19,4,4,13,11,2,9,0.14285714285714285,0.55,0.2857142857142857,0.6428571428571429,0.1,0.3333333333333333,2.36631684157921,3.6666666666666665,4.0,8.1,0.22083333333333335,2.3,4.0,0.3103448275862069,15.0,13.333333333333334,22.083333333333336,55.00000000000001,62.30769230769231,64.28571428571429,29.333333333333336,Low Risk,3,Stable Contributors,0.5329228613187195,3.1112692802902626
29,0,Travel_Rarely,991,Sales,5,3,Medical,1,Male,43,2,2,Sales Executive,2,Divorced,4187,3356,1,Yes,13,3,2,1,10,3,2,10,0,0,9,0.0,0.0,0.2727272727272727,0.8181818181818182,0.18181818181818182,1.0,2.0924537731134434,2.0,1.5,7.0,0.2,1.8,1.75,0.6017241379310345,39.0,0.0,20.0,0.0,53.84615384615385,81.81818181818183,8.0,Low Risk,4,Career Explorers,-1.3206215859972124,-2.2340697444793896
33,0,Travel_Rarely,392,Sales,2,4,Medical,4,Male,93,3,2,Sales Executive,4,Divorced,5505,3921,1,No,14,3,3,2,6,5,3,6,2,0,4,0.0,0.2857142857142857,0.7142857142857143,0.5714285714285714,0.2857142857142857,1.0,2.7511244377811095,3.3333333333333335,3.5,8.0,0.13809523809523808,2.3,3.5500000000000003,0.1706896551724138,42.0,0.0,13.809523809523808,28.57142857142857,61.53846153846154,57.14285714285714,14.095238095238095,Low Risk,3,Stable Contributors,-1.9313668951171374,1.8086265215892314
32,0,Travel_Rarely,977,Research & Development,2,3,Medical,4,Male,45,3,2,Research Scientist,2,Divorced,5470,25518,0,No,13,3,3,2,10,4,2,9,5,1,6,0.1,0.45454545454545453,0.4,0.6,0.18181818181818182,0.5,2.733633183408296,2.3333333333333335,3.5,7.300000000000001,0.3153030303030303,2.3,2.75,0.1706896551724138,19.5,6.666666666666667,31.53030303030303,45.45454545454545,56.15384615384615,60.0,28.24848484848485,Low Risk,4,Career Explorers,0.4954094721982298,-0.5068772064315881
31,0,Travel_Rarely,1112,Sales,5,4,Life Sciences,1,Female,67,3,2,Sales Executive,4,Married,5476,22589,1,No,11,3,1,2,10,2,3,10,0,0,2,0.0,0.0,0.18181818181818182,0.18181818181818182,0.18181818181818182,1.0,2.736631684157921,3.3333333333333335,1.0,5.9,0.06666666666666665,2.3,2.3,0.20172413793103447,33.0,0.0,6.666666666666665,0.0,45.38461538461539,18.181818181818183,2.666666666666666,Low Risk,2,High-Risk Stagnation,-2.4022278603046865,0.503516859883578
49,0,Travel_Rarely,464,Research & Development,16,3,Medical,4,Female,74,3,1,Laboratory Technician,1,Divorced,2587,24941,4,Yes,16,3,2,1,17,2,2,2,2,2,2,0.6666666666666666,0.1111111111111111,0.6666666666666666,0.6666666666666666,0.05555555555555555,0.3333333333333333,2.5844155844155843,2.0,3.0,7.9,0.4611111111111111,1.5999999999999999,2.2,0.7155172413793104,16.0,13.333333333333334,46.11111111111111,11.11111111111111,60.769230769230774,66.66666666666666,25.777777777777775,Low Risk,0,Fast-Track Performers,2.0648887796790567,-1.632646236929913
38,0,Travel_Frequently,148,Research & Development,2,3,Medical,4,Female,42,2,1,Laboratory Technician,2,Single,2440,23826,1,No,22,4,2,0,4,3,3,4,3,3,3,0.6,0.6,0.6,0.6,0.2,0.25,2.4375624375624376,2.3333333333333335,3.0,10.9,0.5266666666666666,1.1,2.7,0.32068965517241377,22.0,20.0,52.666666666666664,60.0,83.84615384615385,60.0,45.06666666666666,Medium Risk,0,Fast-Track Performers,2.271943452762282,-0.9525329090876027
47,0,Travel_Rarely,1225,Sales,2,4,Life Sciences,2,Female,47,4,4,Manager,2,Divorced,15972,21086,6,No,14,3,3,3,29,2,3,3,2,1,2,0.25,0.06666666666666667,0.5,0.5,0.13333333333333333,0.5,3.992001999500125,3.0,2.5,7.1,0.20416666666666666,3.8000000000000003,2.45,0.1706896551724138,21.0,6.666666666666667,20.416666666666668,6.666666666666667,54.61538461538461,50.0,12.166666666666668,Low Risk,3,Stable Contributors,-0.21170802397885702,0.20394885124412465
49,0,Travel_Rarely,809,Research & Development,1,3,Life Sciences,3,Male,36,3,4,Manager,3,Single,15379,22384,4,No,14,3,1,0,23,2,3,8,7,0,0,0.0,0.2916666666666667,0.2222222222222222,0.0,0.16666666666666666,1.0,3.843789052736816,3.0,2.0,7.1,0.17291666666666666,2.9,2.5,0.16034482758620688,42.0,0.0,17.291666666666668,29.166666666666668,54.61538461538461,0.0,15.666666666666668,Low Risk,2,High-Risk Stagnation,-2.065518330992114,-0.030668011623923363
41,0,Travel_Rarely,1206,Sales,23,2,Life Sciences,4,Male,80,3,3,Sales Executive,3,Single,7082,11591,3,Yes,16,3,4,0,21,2,3,2,0,0,2,0.0,0.0,0.6666666666666666,0.6666666666666666,0.13636363636363635,1.0,2.3598800399866713,3.0,4.0,7.9,0.1,2.4,3.5,0.7879310344827587,48.0,0.0,10.0,0.0,60.769230769230774,66.66666666666666,4.0,Low Risk,3,Stable Contributors,-2.1962166858664722,1.4169211138261004
20,0,Travel_Rarely,727,Sales,9,1,Life Sciences,4,Male,54,3,1,Sales Representative,1,Single,2728,21082,1,No,11,3,1,0,2,3,3,2,2,0,2,0.0,0.6666666666666666,1.0,0.6666666666666666,0.3333333333333333,1.0,2.7252747252747254,2.3333333333333335,2.5,6.200000000000001,0.3333333333333333,1.4,2.1500000000000004,0.24310344827586206,33.0,0.0,33.33333333333333,66.66666666666666,47.6923076923077,66.66666666666666,33.33333333333333,Medium Risk,4,Career Explorers,-0.31545522860761366,-1.3788574931449071
33,0,Non-Travel,530,Sales,16,3,Life Sciences,3,Female,36,3,2,Sales Executive,4,Divorced,5368,16130,1,Yes,25,4,3,1,7,2,3,6,5,1,2,0.14285714285714285,0.625,0.2857142857142857,0.2857142857142857,0.25,0.5,2.682658670664668,3.3333333333333335,3.0,11.799999999999999,0.27291666666666664,2.1,3.3000000000000003,0.5655172413793104,50.0,6.666666666666667,27.291666666666664,62.5,90.76923076923076,28.57142857142857,31.666666666666664,Low Risk,1,Promotion-Stalled,-0.7778063262603843,1.1935261656434546
36,0,Travel_Rarely,1351,Research & Development,26,4,Life Sciences,1,Male,80,3,2,Healthcare Representative,3,Married,5347,7419,6,No,14,3,2,2,10,2,2,3,2,0,2,0.0,0.18181818181818182,0.5,0.5,0.18181818181818182,1.0,2.6721639180409795,2.6666666666666665,1.5,7.1,0.17878787878787883,2.3,2.05,0.4189655172413793,42.0,0.0,17.878787878787882,18.181818181818183,54.61538461538461,50.0,12.606060606060609,Low Risk,4,Career Explorers,-1.6473512996143036,-0.9808032176085262
44,0,Travel_Rarely,528,Human Resources,1,3,Life Sciences,3,Female,44,3,1,Human Resources,4,Divorced,3195,4167,4,Yes,18,3,1,3,8,2,3,2,2,2,2,0.6666666666666666,0.2222222222222222,0.6666666666666666,0.6666666666666666,0.1111111111111111,0.3333333333333333,3.191808191808192,3.3333333333333335,2.0,8.7,0.3555555555555555,2.0,2.8000000000000003,0.560344827586207,18.0,13.333333333333334,35.55555555555555,22.22222222222222,66.92307692307692,66.66666666666666,24.888888888888886,Low Risk,0,Fast-Track Performers,1.4899099952496189,1.0365735885198661
23,1,Travel_Rarely,1320,Research & Development,8,1,Medical,4,Male,93,2,1,Laboratory Technician,3,Single,3989,20586,1,Yes,11,3,1,0,5,2,3,5,4,1,2,0.16666666666666666,0.6666666666666666,0.3333333333333333,0.3333333333333333,0.16666666666666666,0.5,3.985014985014985,2.6666666666666665,2.5,5.9,0.35833333333333334,1.1,2.75,0.6327586206896552,16.5,6.666666666666667,35.833333333333336,66.66666666666666,45.38461538461539,33.33333333333333,36.33333333333333,Medium Risk,4,Career Explorers,0.8449166648659407,0.15898311720622027
38,0,Travel_Rarely,1495,Research & Development,4,2,Medical,4,Female,87,3,1,Laboratory Technician,3,Married,3306,26176,7,No,19,3,4,1,7,5,2,0,0,0,0,0.0,0.0,5.0,0.0,0.125,1.0,3.3026973026973026,2.6666666666666665,4.0,10.000000000000002,0.13333333333333336,1.5999999999999999,3.3,0.19137931034482758,57.0,0.0,13.333333333333336,0.0,76.92307692307693,0.0,5.333333333333335,Low Risk,1,Promotion-Stalled,-2.9452889976504197,0.22316815097323747
53,0,Travel_Rarely,1395,Research & Development,24,4,Medical,2,Male,48,4,3,Healthcare Representative,4,Married,7005,3458,3,No,15,3,3,0,11,2,3,4,3,1,2,0.2,0.25,0.4,0.4,0.25,0.5,2.3342219260246586,3.6666666666666665,2.5,7.5,0.16583333333333336,2.7,3.0500000000000003,0.3982758620689655,22.5,6.666666666666667,16.583333333333336,25.0,57.692307692307686,40.0,16.133333333333333,Low Risk,3,Stable Contributors,-0.6270560983320248,1.9911569301119578
48,1,Travel_Frequently,708,Sales,7,2,Medical,4,Female,95,3,1,Sales Representative,3,Married,2655,11740,2,Yes,11,3,3,2,19,3,3,9,7,7,7,0.7,0.35,0.3,0.7,0.05,0.125,2.652347652347652,3.0,3.5,6.200000000000001,0.4325,1.7999999999999998,3.25,0.7724137931034483,4.125,46.666666666666664,43.25,35.0,47.6923076923077,70.0,41.8,Medium Risk,0,Fast-Track Performers,2.7620296023707622,1.4413541628913438
32,1,Travel_Rarely,1259,Research & Development,2,4,Life Sciences,4,Male,95,3,1,Laboratory Technician,2,Single,1393,24852,1,No,12,3,1,0,1,2,3,1,0,0,0,0.0,0.0,1.0,0.0,0.5,1.0,1.3916083916083917,2.6666666666666665,2.5,6.300000000000001,0.13333333333333336,1.4,2.45,0.1706896551724138,36.0,0.0,13.333333333333336,0.0,48.46153846153847,0.0,5.333333333333335,Low Risk,2,High-Risk Stagnation,-2.7673392388362554,-0.30864140455423295
26,0,Non-Travel,786,Research & Development,7,3,Medical,4,Male,76,3,1,Laboratory Technician,4,Single,2570,11925,1,No,20,4,3,0,7,5,3,7,7,5,7,0.625,0.875,0.625,0.875,0.125,0.16666666666666666,2.5674325674325673,3.3333333333333335,3.5,10.7,0.5041666666666667,1.4,3.5500000000000003,0.07241379310344828,13.333333333333334,33.33333333333333,50.416666666666664,87.5,82.3076923076923,87.5,56.416666666666664,Medium Risk,0,Fast-Track Performers,3.053739112498655,1.5921786980793537
55,0,Travel_Rarely,1441,Research & Development,22,3,Technical Degree,1,Male,94,2,1,Research Scientist,2,Divorced,3537,23737,5,No,12,3,4,1,8,1,3,4,2,1,2,0.2,0.2222222222222222,0.2,0.4,0.1111111111111111,0.5,3.5334665334665334,2.3333333333333335,2.5,6.0,0.29222222222222216,1.3,2.45,0.3775862068965517,18.0,6.666666666666667,29.222222222222214,22.22222222222222,46.15384615384615,40.0,20.355555555555554,Low Risk,4,Career Explorers,0.3156753001433199,-0.7010911826027186
34,0,Travel_Rarely,1157,Research & Development,5,2,Medical,2,Male,57,2,2,Laboratory Technician,4,Married,3986,11912,1,No,14,3,3,1,15,3,4,15,10,4,13,0.25,0.625,0.1875,0.8125,0.125,0.2,1.9920039980009996,3.3333333333333335,2.5,7.4,0.3104166666666667,1.8,3.25,0.20172413793103447,8.4,26.666666666666668,31.041666666666668,62.5,56.92307692307692,81.25,39.16666666666667,Medium Risk,0,Fast-Track Performers,1.6625103600060172,1.718343730897527
60,0,Travel_Rarely,370,Research & Development,1,4,Medical,3,Male,92,1,3,Healthcare Representative,4,Divorced,10883,20467,3,No,20,4,3,1,19,2,4,1,0,0,0,0.0,0.0,1.0,0.0,0.15,1.0,3.6264578473842053,3.0,3.0,9.799999999999999,0.1,2.0,3.5,0.16034482758620688,80.0,0.0,10.0,0.0,75.38461538461537,0.0,4.0,Low Risk,1,Promotion-Stalled,-3.582241907903589,0.8448432636919905
33,0,Travel_Rarely,267,Research & Development,21,3,Medical,2,Male,79,4,1,Laboratory Technician,2,Married,2028,13637,1,No,18,3,4,3,14,6,3,14,11,2,13,0.13333333333333333,0.7333333333333333,0.4,0.8666666666666667,0.06666666666666667,0.3333333333333333,2.0259740259740258,3.0,3.0,9.9,0.32999999999999996,2.3,2.7,0.36724137931034484,18.0,13.333333333333334,32.99999999999999,73.33333333333333,76.15384615384616,86.66666666666667,39.19999999999999,Medium Risk,0,Fast-Track Performers,1.3582105602075207,0.23154432254460364
37,0,Travel_Frequently,1278,Sales,1,4,Medical,3,Male,31,1,2,Sales Executive,4,Divorced,9525,7677,1,No,14,3,3,2,6,2,2,6,3,1,3,0.14285714285714285,0.42857142857142855,0.2857142857142857,0.42857142857142855,0.2857142857142857,0.5,4.760119940029985,2.3333333333333335,3.0,7.1,0.32380952380952377,1.7000000000000002,3.1,0.3103448275862069,21.0,6.666666666666667,32.38095238095238,42.857142857142854,54.61538461538461,42.857142857142854,27.80952380952381,Low Risk,4,Career Explorers,0.2237102028545653,-0.0017204193289851565
34,0,Travel_Rarely,678,Research & Development,19,3,Life Sciences,2,Female,35,2,1,Research Scientist,4,Married,2929,20338,1,No,12,3,2,0,10,3,3,10,9,8,7,0.7272727272727273,0.8181818181818182,0.2727272727272727,0.6363636363636364,0.09090909090909091,0.1111111111111111,2.926073926073926,3.0,2.0,6.600000000000001,0.5590909090909091,1.1,2.8000000000000003,0.346551724137931,4.0,53.333333333333336,55.90909090909091,81.81818181818183,50.76923076923078,63.63636363636363,62.90909090909091,Medium Risk,0,Fast-Track Performers,3.707934329193849,0.5812564424974657
23,1,Travel_Rarely,427,Sales,7,3,Life Sciences,3,Male,99,3,1,Sales Representative,4,Divorced,2275,25103,1,Yes,21,4,2,1,3,2,3,3,2,0,2,0.0,0.5,0.5,0.5,0.25,1.0,2.272727272727273,3.3333333333333335,2.5,10.2,0.19166666666666665,1.5999999999999999,3.0500000000000003,0.6224137931034484,84.0,0.0,19.166666666666664,50.0,78.46153846153847,50.0,22.666666666666664,Low Risk,1,Promotion-Stalled,-2.4494005713690044,0.7431997295016494
44,0,Travel_Rarely,921,Research & Development,2,3,Life Sciences,3,Female,96,4,3,Healthcare Representative,4,Married,7879,14810,1,Yes,19,3,2,1,9,2,3,8,7,6,7,0.6666666666666666,0.7,0.2222222222222222,0.7777777777777778,0.3,0.14285714285714285,2.6254581806064645,3.6666666666666665,2.5,9.100000000000001,0.44166666666666665,2.9000000000000004,3.0500000000000003,0.5706896551724139,8.142857142857142,40.0,44.166666666666664,70.0,70.0,77.77777777777779,50.66666666666667,Medium Risk,0,Fast-Track Performers,2.5777388109446724,1.8629561680615274
35,0,Travel_Frequently,146,Research & Development,2,4,Medical,1,Male,79,2,1,Research Scientist,4,Single,4930,13970,0,Yes,14,3,3,0,6,2,4,5,4,1,4,0.16666666666666666,0.5714285714285714,0.3333333333333333,0.6666666666666666,0.14285714285714285,0.5,4.9250749250749255,3.3333333333333335,2.0,7.1,0.2678571428571428,1.1,3.0,0.7206896551724138,21.0,6.666666666666667,26.785714285714278,57.14285714285714,54.61538461538461,66.66666666666666,29.857142857142854,Low Risk,3,Stable Contributors,0.5295180164185956,1.4346553743135193
43,0,Travel_Rarely,1179,Sales,2,3,Medical,4,Male,73,3,2,Sales Executive,4,Married,7847,6069,1,Yes,17,3,1,1,10,3,3,10,9,8,8,0.7272727272727273,0.8181818181818182,0.2727272727272727,0.7272727272727273,0.18181818181818182,0.1111111111111111,3.921539230384808,3.3333333333333335,2.5,8.600000000000001,0.5257575757575758,2.1,3.0500000000000003,0.5706896551724139,5.666666666666667,53.333333333333336,52.57575757575758,81.81818181818183,66.15384615384616,72.72727272727273,61.57575757575758,Medium Risk,0,Fast-Track Performers,3.364846527297079,1.3268359865481727
24,0,Travel_Rarely,581,Research & Development,9,3,Medical,3,Male,62,4,1,Research Scientist,3,Married,4401,17616,1,No,16,3,4,1,5,1,3,5,3,0,4,0.0,0.5,0.16666666666666666,0.6666666666666666,0.16666666666666666,1.0,4.396603396603396,3.3333333333333335,3.5,7.6,0.19166666666666665,1.9,3.25,0.24310344827586206,48.0,0.0,19.166666666666664,50.0,58.46153846153845,66.66666666666666,22.666666666666664,Low Risk,3,Stable Contributors,-1.3322107500438818,1.3406303923152556
41,0,Travel_Rarely,918,Sales,6,3,Marketing,4,Male,35,3,3,Sales Executive,3,Single,9241,15869,1,No,12,3,2,0,10,3,3,10,8,8,7,0.7272727272727273,0.7272727272727273,0.2727272727272727,0.6363636363636364,0.2727272727272727,0.1111111111111111,3.0793068977007665,3.0,3.0,6.600000000000001,0.5363636363636364,2.4,3.0,0.21206896551724136,4.0,53.333333333333336,53.63636363636364,72.72727272727273,50.76923076923078,63.63636363636363,59.27272727272727,Medium Risk,0,Fast-Track Performers,3.2825097796513183,0.8803567004297409
29,0,Travel_Rarely,1082,Research & Development,9,4,Medical,4,Female,43,3,1,Laboratory Technician,3,Married,2974,25412,9,No,17,3,3,1,9,2,3,5,3,1,2,0.16666666666666666,0.3,0.3333333333333333,0.3333333333333333,0.1,0.5,2.971028971028971,3.0,3.5,8.3,0.23333333333333334,1.5999999999999999,3.25,0.24310344827586206,25.5,6.666666666666667,23.333333333333332,30.0,63.846153846153854,33.33333333333333,20.333333333333336,Low Risk,3,Stable Contributors,-0.2933253614594575,1.0418127361808436
36,0,Travel_Rarely,530,Sales,2,4,Life Sciences,3,Female,51,3,2,Sales Representative,4,Single,4502,7439,3,No,15,3,3,0,17,2,2,13,7,6,7,0.42857142857142855,0.3888888888888889,0.14285714285714285,0.5,0.1111111111111111,0.14285714285714285,2.2498750624687656,3.0,3.0,7.5,0.3472222222222222,1.9,3.1,0.1706896551724138,6.428571428571429,40.0,34.72222222222222,38.88888888888889,57.692307692307686,50.0,37.55555555555556,Medium Risk,0,Fast-Track Performers,1.6757286006905407,1.034543169494017
45,0,Non-Travel,1238,Research & Development,1,1,Life Sciences,3,Male,74,2,3,Healthcare Representative,3,Married,10748,3395,3,No,23,4,4,1,25,3,2,23,15,14,4,0.5833333333333334,0.5769230769230769,0.125,0.16666666666666666,0.11538461538461539,0.06666666666666667,3.5814728423858715,2.3333333333333335,3.5,11.3,0.5150641025641025,2.3000000000000003,3.05,0.010344827586206896,6.133333333333334,93.33333333333333,51.50641025641025,57.692307692307686,86.92307692307692,16.666666666666664,65.91025641025641,Medium Risk,0,Fast-Track Performers,2.380401476702905,-0.4988723299584397
24,1,Travel_Rarely,240,Human Resources,22,1,Human Resources,4,Male,58,1,1,Human Resources,3,Married,1555,11585,1,No,11,3,3,1,1,2,3,1,0,0,0,0.0,0.0,1.0,0.0,0.5,1.0,1.5534465534465534,2.3333333333333335,3.5,5.9,0.16666666666666666,1.0,3.25,0.3775862068965517,33.0,0.0,16.666666666666664,0.0,45.38461538461539,0.0,6.666666666666666,Low Risk,2,High-Risk Stagnation,-2.5789069285357056,0.3039305083611741
47,1,Travel_Frequently,1093,Sales,9,3,Life Sciences,3,Male,82,1,4,Sales Executive,3,Married,12936,24164,7,No,11,3,3,0,25,3,1,23,5,14,10,0.5833333333333334,0.19230769230769232,0.125,0.4166666666666667,0.15384615384615385,0.06666666666666667,3.2331917020744814,1.6666666666666667,3.0,6.200000000000001,0.485576923076923,2.3,2.6,0.3931034482758621,2.2,93.33333333333333,48.5576923076923,19.230769230769234,47.6923076923077,41.66666666666667,53.19230769230769,Medium Risk,0,Fast-Track Performers,2.474329261755849,-1.4052003595896865
26,0,Travel_Rarely,390,Research & Development,17,4,Medical,4,Male,62,1,1,Laboratory Technician,3,Married,2305,6217,1,No,15,3,3,3,3,3,4,3,2,0,2,0.0,0.5,0.75,0.5,0.25,1.0,2.3026973026973026,2.6666666666666665,3.5,7.800000000000001,0.25833333333333336,1.4000000000000001,3.45,0.3258620689655172,45.0,0.0,25.833333333333336,50.0,60.00000000000001,50.0,25.333333333333336,Low Risk,3,Stable Contributors,-1.257459667791176,0.6134234182876119
45,0,Travel_Rarely,1005,Research & Development,28,2,Technical Degree,4,Female,48,2,4,Research Director,2,Single,16704,17119,1,No,11,3,3,0,21,2,3,21,6,8,6,0.36363636363636365,0.2727272727272727,0.09090909090909091,0.2727272727272727,0.18181818181818182,0.1111111111111111,4.174956260934766,2.3333333333333335,3.5,5.9,0.36212121212121207,2.6,2.95,0.43965517241379315,3.6666666666666665,53.333333333333336,36.212121212121204,27.27272727272727,45.38461538461539,27.27272727272727,38.666666666666664,Medium Risk,0,Fast-Track Performers,1.4356454963212777,0.11339548983241098
32,0,Travel_Frequently,585,Research & Development,10,3,Life Sciences,1,Male,56,3,1,Research Scientist,3,Married,3433,17360,6,No,13,3,1,1,10,3,2,5,2,1,3,0.16666666666666666,0.18181818181818182,0.5,0.5,0.09090909090909091,0.5,3.4295704295704295,2.6666666666666665,1.0,7.0,0.23712121212121215,1.5999999999999999,1.7999999999999998,0.40344827586206894,19.5,6.666666666666667,23.712121212121215,18.181818181818183,53.84615384615385,50.0,16.93939393939394,Low Risk,4,Career Explorers,0.057066238401434585,-1.078314834616245
31,0,Travel_Rarely,741,Research & Development,2,4,Life Sciences,2,Male,69,3,1,Laboratory Technician,3,Married,3477,18103,1,No,14,3,4,1,6,2,4,5,2,0,3,0.0,0.2857142857142857,0.3333333333333333,0.5,0.14285714285714285,1.0,3.4735264735264737,3.3333333333333335,3.0,7.1,0.13809523809523808,1.5999999999999999,3.2,0.1706896551724138,42.0,0.0,13.809523809523808,28.57142857142857,54.61538461538461,50.0,14.095238095238095,Low Risk,3,Stable Contributors,-1.7500464559227544,1.3926828656126595
41,0,Non-Travel,552,Human Resources,4,3,Human Resources,3,Male,60,1,2,Human Resources,2,Married,6430,20794,6,No,19,3,2,1,10,4,3,3,2,1,2,0.25,0.18181818181818182,1.0,0.5,0.18181818181818182,0.5,3.213393303348326,2.0,2.5,9.700000000000001,0.33295454545454545,1.5,2.45,0.041379310344827586,28.5,6.666666666666667,33.29545454545455,18.181818181818183,74.61538461538463,50.0,20.772727272727273,Low Risk,4,Career Explorers,0.1371972629018153,-1.6509671954898475
40,0,Travel_Rarely,369,Research & Development,8,2,Life Sciences,2,Female,92,3,2,Manufacturing Director,1,Married,6516,5041,2,Yes,16,3,2,1,18,3,3,1,0,0,0,0.0,0.0,1.5,0.0,0.10526315789473684,1.0,3.2563718140929536,2.3333333333333335,2.0,8.200000000000001,0.16666666666666666,2.1,1.9000000000000001,0.6327586206896552,48.0,0.0,16.666666666666664,0.0,63.07692307692309,0.0,6.666666666666666,Low Risk,1,Promotion-Stalled,-2.427217912146031,-1.7460933400534435
24,0,Travel_Rarely,506,Research & Development,29,1,Medical,2,Male,91,3,1,Laboratory Technician,1,Divorced,3907,3622,1,No,13,3,2,3,6,2,4,6,2,1,2,0.14285714285714285,0.2857142857142857,0.2857142857142857,0.2857142857142857,0.14285714285714285,0.5,3.903096903096903,2.6666666666666665,2.0,6.699999999999999,0.25476190476190474,2.0,2.1,0.44999999999999996,19.5,6.666666666666667,25.476190476190474,28.57142857142857,51.53846153846153,28.57142857142857,20.76190476190476,Low Risk,4,Career Explorers,-0.07645877693904408,-0.6827445441346788
46,0,Travel_Rarely,717,Research & Development,13,4,Life Sciences,3,Male,34,3,2,Healthcare Representative,2,Single,5562,9697,6,No,14,3,4,0,19,3,3,10,7,0,9,0.0,0.35,0.2727272727272727,0.8181818181818182,0.1,1.0,2.7796101949025487,2.6666666666666665,3.5,7.4,0.22083333333333335,1.9,2.95,0.2844827586206896,42.0,0.0,22.083333333333336,35.0,56.92307692307692,81.81818181818183,19.333333333333336,Low Risk,3,Stable Contributors,-0.9503941548816875,0.04106341826958467
35,0,Travel_Rarely,1370,Research & Development,27,4,Life Sciences,4,Male,49,3,2,Manufacturing Director,3,Married,6883,5151,2,No,16,3,2,1,17,3,3,7,7,0,7,0.0,0.3888888888888889,0.375,0.875,0.1111111111111111,1.0,3.4397801099450276,3.0,3.0,8.200000000000001,0.19722222222222224,2.1,3.0,0.42931034482758623,48.0,0.0,19.722222222222225,38.88888888888889,63.07692307692309,87.5,19.555555555555557,Low Risk,3,Stable Contributors,-1.1523701910094264,0.5420580583209382
30,0,Travel_Rarely,793,Research & Development,16,1,Life Sciences,2,Male,33,3,1,Research Scientist,4,Married,2862,3811,1,No,12,3,2,1,10,2,2,10,0,0,8,0.0,0.0,0.18181818181818182,0.7272727272727273,0.09090909090909091,1.0,2.8591408591408594,3.0,2.0,6.300000000000001,0.1,1.5999999999999999,2.6,0.31551724137931036,36.0,0.0,10.0,0.0,48.46153846153847,72.72727272727273,4.0,Low Risk,3,Stable Contributors,-1.6971011529476892,0.35106079094448517
47,0,Non-Travel,543,Sales,2,4,Marketing,3,Male,87,3,2,Sales Executive,2,Married,4978,3536,7,No,11,3,4,1,4,3,1,1,0,0,0,0.0,0.0,1.5,0.0,0.4,1.0,2.4877561219390305,2.0,3.5,6.200000000000001,0.2,2.1,2.5500000000000003,0.020689655172413793,33.0,0.0,20.0,0.0,47.6923076923077,0.0,8.0,Low Risk,2,High-Risk Stagnation,-2.2670463782115453,-1.2447353246482942
46,0,Travel_Rarely,1277,Sales,2,3,Life Sciences,3,Male,74,3,3,Sales Executive,4,Divorced,10368,5596,4,Yes,12,3,2,1,13,5,2,10,6,0,3,0.0,0.42857142857142855,0.45454545454545453,0.2727272727272727,0.21428571428571427,1.0,3.4548483838720427,3.0,2.5,7.200000000000001,0.20714285714285713,2.6,2.85,0.5706896551724139,36.0,0.0,20.71428571428571,42.857142857142854,55.38461538461539,27.27272727272727,21.14285714285714,Low Risk,3,Stable Contributors,-1.4980931574606446,0.5403618392526381
36,1,Travel_Rarely,1456,Sales,13,5,Marketing,2,Male,96,2,2,Sales Executive,1,Divorced,6134,8658,5,Yes,13,3,2,3,16,3,3,2,2,2,2,0.6666666666666666,0.11764705882352941,1.0,0.6666666666666666,0.11764705882352941,0.3333333333333333,3.0654672663668165,2.0,2.0,7.0,0.46274509803921565,2.2,1.9000000000000001,0.6844827586206896,13.0,13.333333333333334,46.27450980392157,11.76470588235294,53.84615384615385,66.66666666666666,26.03921568627451,Low Risk,0,Fast-Track Performers,2.122992150667741,-1.912344536040815
32,1,Travel_Rarely,964,Sales,1,2,Life Sciences,1,Male,34,1,2,Sales Executive,2,Single,6735,12147,6,No,15,3,2,0,10,2,3,0,0,0,0,0.0,0.0,2.0,0.0,0.18181818181818182,1.0,3.365817091454273,2.0,1.5,7.5,0.2,1.3,1.9500000000000002,0.16034482758620688,45.0,0.0,20.0,0.0,57.692307692307686,0.0,8.0,Low Risk,2,High-Risk Stagnation,-2.265216582364921,-2.220562690996669
23,0,Travel_Rarely,160,Research & Development,4,1,Medical,3,Female,51,3,1,Laboratory Technician,2,Single,3295,12862,1,No,13,3,3,0,3,3,1,3,2,1,2,0.25,0.5,0.75,0.5,0.25,0.5,3.2917082917082916,2.0,3.0,7.0,0.4125,1.4,2.3000000000000003,0.19137931034482758,19.5,6.666666666666667,41.25,50.0,53.84615384615385,50.0,33.5,Medium Risk,4,Career Explorers,1.0241954739151498,-1.6013561407602388
31,0,Travel_Frequently,163,Research & Development,24,1,Technical Degree,4,Female,30,3,2,Manufacturing Director,4,Single,5238,6670,2,No,20,4,4,0,9,3,2,5,4,1,4,0.16666666666666666,0.4,0.5,0.6666666666666666,0.2,0.5,2.6176911544227885,3.0,4.0,10.1,0.2583333333333333,1.9,3.6,0.5482758620689655,40.0,6.666666666666667,25.83333333333333,40.0,77.6923076923077,66.66666666666666,24.333333333333332,Low Risk,3,Stable Contributors,-0.30173362941661774,1.3347812330943134
39,0,Non-Travel,792,Research & Development,1,3,Life Sciences,4,Male,77,3,2,Laboratory Technician,4,Married,6472,8989,1,Yes,15,3,4,1,9,2,3,9,8,5,8,0.5,0.8,0.2,0.8,0.2,0.16666666666666666,3.234382808595702,3.3333333333333335,4.0,7.5,0.44166666666666665,2.1,3.8000000000000003,0.41034482758620694,7.5,33.33333333333333,44.166666666666664,80.0,57.692307692307686,80.0,51.666666666666664,Medium Risk,0,Fast-Track Performers,2.64383251347755,2.3757454564072646
32,0,Travel_Rarely,371,Sales,19,3,Life Sciences,4,Male,80,1,3,Sales Executive,3,Married,9610,3840,3,No,13,3,3,1,10,2,1,4,3,0,2,0.0,0.2727272727272727,0.4,0.4,0.2727272727272727,1.0,3.202265911362879,1.6666666666666667,3.5,6.699999999999999,0.3015151515151515,2.0,2.85,0.346551724137931,39.0,0.0,30.151515151515152,27.27272727272727,51.53846153846153,40.0,20.242424242424242,Low Risk,4,Career Explorers,-1.1730516448930683,-1.4736712415825324
40,0,Travel_Rarely,611,Sales,7,4,Medical,2,Male,88,3,5,Manager,2,Single,19833,4349,1,No,14,3,2,0,21,3,2,21,8,12,8,0.5454545454545454,0.36363636363636365,0.13636363636363635,0.36363636363636365,0.22727272727272727,0.07692307692307693,3.9658068386322736,2.3333333333333335,2.0,7.4,0.4484848484848485,3.4,2.0,0.22241379310344828,3.230769230769231,80.0,44.84848484848485,36.36363636363637,56.92307692307692,36.36363636363637,52.848484848484844,Medium Risk,0,Fast-Track Performers,2.19515040143279,-1.3219339692545644
45,0,Travel_Rarely,176,Human Resources,4,3,Life Sciences,3,Female,56,1,3,Human Resources,3,Married,9756,6595,4,No,21,4,3,2,9,2,4,5,0,0,3,0.0,0.0,0.3333333333333333,0.5,0.3,1.0,3.250916361212929,2.6666666666666665,3.0,10.2,0.13333333333333336,2.2,3.2,0.19137931034482758,84.0,0.0,13.333333333333336,0.0,78.46153846153847,50.0,5.333333333333335,Low Risk,1,Promotion-Stalled,-3.217155672746146,-0.03169244059071821
30,0,Travel_Frequently,1312,Research & Development,2,4,Technical Degree,4,Female,78,2,1,Research Scientist,1,Single,4968,26427,0,No,16,3,4,0,10,2,3,9,7,0,7,0.0,0.6363636363636364,0.2,0.7,0.09090909090909091,1.0,4.963036963036963,2.0,4.0,7.9,0.3590909090909091,1.1,2.9,0.32068965517241377,48.0,0.0,35.909090909090914,63.63636363636363,60.769230769230774,70.0,33.45454545454545,Medium Risk,4,Career Explorers,-0.30701456954440676,-1.2174320417571698
24,0,Travel_Frequently,897,Human Resources,10,3,Medical,1,Male,59,3,1,Human Resources,4,Married,2145,2097,0,No,14,3,4,1,3,2,3,2,2,2,1,0.6666666666666666,0.5,0.6666666666666666,0.3333333333333333,0.25,0.3333333333333333,2.142857142857143,3.3333333333333335,2.5,7.1,0.42499999999999993,1.5999999999999999,3.0500000000000003,0.40344827586206894,14.0,13.333333333333334,42.49999999999999,50.0,54.61538461538461,33.33333333333333,36.0,Medium Risk,0,Fast-Track Performers,1.706329590565799,1.4049780317482468
30,1,Travel_Frequently,600,Human Resources,8,3,Human Resources,3,Female,66,2,1,Human Resources,4,Divorced,2180,9732,6,No,11,3,3,1,6,0,2,4,2,1,2,0.2,0.2857142857142857,0.0,0.4,0.14285714285714285,0.5,2.177822177822178,2.6666666666666665,3.0,5.300000000000001,0.27476190476190476,1.3,3.1,0.38275862068965516,16.5,6.666666666666667,27.476190476190474,28.57142857142857,40.769230769230774,40.0,21.561904761904763,Low Risk,3,Stable Contributors,0.2826798348181912,0.6935569424557404
31,0,Travel_Rarely,1003,Sales,5,3,Technical Degree,1,Male,51,3,2,Sales Executive,3,Married,8346,20943,1,No,19,3,3,1,6,3,3,5,2,0,2,0.0,0.2857142857142857,0.5,0.3333333333333333,0.2857142857142857,1.0,4.170914542728636,3.0,2.0,9.4,0.17142857142857143,2.1,2.5,0.20172413793103447,57.0,0.0,17.142857142857142,28.57142857142857,72.3076923076923,33.33333333333333,15.428571428571429,Low Risk,1,Promotion-Stalled,-2.3260135516122085,-0.25742944373899984
27,0,Travel_Rarely,1054,Research & Development,8,3,Medical,3,Female,67,3,1,Research Scientist,4,Single,3445,6152,1,No,11,3,3,0,6,5,2,6,2,1,4,0.14285714285714285,0.2857142857142857,0.7142857142857143,0.5714285714285714,0.14285714285714285,0.5,3.4415584415584415,3.0,3.0,6.800000000000001,0.22142857142857142,1.4,3.1,0.23275862068965517,16.5,6.666666666666667,22.142857142857142,28.57142857142857,52.307692307692314,57.14285714285714,19.42857142857143,Low Risk,3,Stable Contributors,0.05419157435465171,1.067843522762261
29,1,Travel_Rarely,428,Sales,9,3,Marketing,2,Female,52,1,1,Sales Representative,2,Single,2760,14630,1,No,13,3,3,0,2,3,3,2,2,2,2,0.6666666666666666,0.6666666666666666,1.0,0.6666666666666666,0.3333333333333333,0.3333333333333333,2.757242757242757,2.0,2.5,7.0,0.6,0.8,2.45,0.24310344827586206,13.0,13.333333333333334,60.0,66.66666666666666,53.84615384615385,66.66666666666666,48.0,Medium Risk,0,Fast-Track Performers,2.9420927518920803,-1.443553521706462
29,0,Travel_Frequently,461,Research & Development,1,3,Life Sciences,4,Male,70,4,2,Healthcare Representative,3,Single,6294,23060,8,Yes,12,3,4,0,10,5,4,3,2,0,2,0.0,0.18181818181818182,1.25,0.5,0.18181818181818182,1.0,3.1454272863568216,3.6666666666666665,4.0,7.200000000000001,0.0787878787878788,2.2,3.7,0.7103448275862069,36.0,0.0,7.87878787878788,18.181818181818183,55.38461538461539,50.0,8.606060606060607,Low Risk,3,Stable Contributors,-2.0923693460959925,2.760498580142212
30,0,Travel_Rarely,979,Sales,15,2,Marketing,3,Male,94,2,3,Sales Executive,1,Divorced,7140,3088,2,No,11,3,1,1,12,2,3,7,7,1,7,0.125,0.5384615384615384,0.25,0.875,0.23076923076923078,0.5,2.3792069310229924,2.0,2.0,5.9,0.3783653846153846,2.3000000000000003,1.9000000000000001,0.30517241379310345,16.5,6.666666666666667,37.83653846153846,53.84615384615385,45.38461538461539,87.5,33.28846153846154,Medium Risk,4,Career Explorers,1.274353438747827,-1.933471535125702
34,0,Travel_Rarely,181,Research & Development,2,4,Medical,4,Male,97,4,1,Research Scientist,4,Married,2932,5586,0,Yes,14,3,1,3,6,3,3,5,0,1,2,0.16666666666666666,0.0,0.5,0.3333333333333333,0.14285714285714285,0.5,2.929070929070929,3.6666666666666665,2.5,7.4,0.09166666666666667,2.3,3.0500000000000003,0.5706896551724139,21.0,6.666666666666667,9.166666666666668,0.0,56.92307692307692,33.33333333333333,5.666666666666668,Low Risk,3,Stable Contributors,-1.1263106576126627,2.109921803769945
33,0,Non-Travel,1283,Sales,2,3,Marketing,4,Female,62,3,2,Sales Executive,2,Single,5147,10697,8,No,15,3,4,0,13,2,2,11,7,1,7,0.08333333333333333,0.5,0.16666666666666666,0.5833333333333334,0.14285714285714285,0.5,2.5722138930534735,2.3333333333333335,4.0,7.5,0.3208333333333333,1.9,3.0,0.020689655172413793,22.5,6.666666666666667,32.08333333333333,50.0,57.692307692307686,58.333333333333336,29.833333333333332,Low Risk,4,Career Explorers,0.4945439418257219,-0.28814703478428877
49,0,Travel_Rarely,1313,Sales,11,4,Marketing,4,Female,80,3,2,Sales Executive,4,Single,4507,8191,3,No,12,3,3,0,8,1,4,5,1,0,4,0.0,0.1111111111111111,0.16666666666666666,0.6666666666666666,0.2222222222222222,1.0,2.2523738130934534,3.6666666666666665,3.5,6.0,0.06111111111111112,1.9,3.75,0.26379310344827583,36.0,0.0,6.1111111111111125,11.11111111111111,46.15384615384615,66.66666666666666,5.777777777777779,Low Risk,3,Stable Contributors,-2.0513545844399705,2.8447619402649944
33,1,Travel_Rarely,211,Sales,16,3,Life Sciences,1,Female,74,3,3,Sales Executive,1,Single,8564,10092,2,Yes,20,4,3,0,11,2,2,0,0,0,0,0.0,0.0,2.0,0.0,0.25,1.0,2.853715428190603,2.0,2.0,9.799999999999999,0.2,2.4,1.7000000000000002,0.7155172413793104,80.0,0.0,20.0,0.0,75.38461538461537,0.0,8.0,Low Risk,1,Promotion-Stalled,-3.165603027738692,-2.7994105225454518
38,0,Travel_Frequently,594,Research & Development,2,2,Medical,3,Female,75,2,1,Laboratory Technician,2,Married,2468,15963,4,No,14,3,2,1,9,4,2,6,1,0,5,0.0,0.1,0.5714285714285714,0.7142857142857143,0.1,1.0,2.4655344655344655,2.0,2.5,7.700000000000001,0.225,1.3,2.25,0.32068965517241377,42.0,0.0,22.5,10.0,59.23076923076924,71.42857142857143,12.0,Low Risk,4,Career Explorers,-1.2307791838336806,-1.8118703554538602
31,1,Travel_Rarely,1079,Sales,16,4,Marketing,1,Male,70,3,3,Sales Executive,3,Married,8161,19002,2,No,13,3,1,3,10,2,3,1,0,0,0,0.0,0.0,1.0,0.0,0.2727272727272727,1.0,2.719426857714095,3.0,1.0,6.699999999999999,0.1,3.0,2.0,0.31551724137931036,39.0,0.0,10.0,0.0,51.53846153846153,0.0,4.0,Low Risk,2,High-Risk Stagnation,-2.690546368226847,-0.4482465039736067
29,0,Travel_Rarely,590,Research & Development,4,3,Technical Degree,4,Female,91,2,1,Research Scientist,1,Divorced,2109,10007,1,No,13,3,3,1,1,2,3,1,0,0,0,0.0,0.0,1.0,0.0,0.5,1.0,2.1068931068931067,2.0,3.5,6.699999999999999,0.2,1.3,2.65,0.19137931034482758,39.0,0.0,20.0,0.0,51.53846153846153,0.0,8.0,Low Risk,2,High-Risk Stagnation,-2.5499167787852755,-1.1256966978201866
30,0,Travel_Rarely,305,Research & Development,16,3,Life Sciences,3,Male,58,4,2,Healthcare Representative,3,Married,5294,9128,3,No,16,3,3,1,10,3,3,7,0,1,7,0.125,0.0,0.375,0.875,0.18181818181818182,0.5,2.6456771614192904,3.3333333333333335,3.0,8.200000000000001,0.11041666666666665,2.4000000000000004,3.0,0.31551724137931036,24.0,6.666666666666667,11.041666666666664,0.0,63.07692307692309,87.5,6.416666666666666,Low Risk,3,Stable Contributors,-0.7052560002906618,1.4308172930965235
32,0,Non-Travel,953,Research & Development,5,4,Technical Degree,2,Male,65,3,1,Research Scientist,2,Single,2718,17674,2,No,14,3,2,0,12,3,3,7,7,0,7,0.0,0.5384615384615384,0.375,0.875,0.07692307692307693,1.0,2.7152847152847155,2.6666666666666665,2.0,7.4,0.267948717948718,1.4,2.2,0.05172413793103448,42.0,0.0,26.7948717948718,53.84615384615385,56.92307692307692,87.5,26.871794871794876,Low Risk,4,Career Explorers,-0.437731331851181,-1.03683813407071
38,0,Travel_Rarely,833,Research & Development,18,3,Medical,2,Male,60,1,2,Healthcare Representative,4,Married,5811,24539,3,Yes,16,3,3,1,15,2,3,1,0,1,0,0.5,0.0,1.0,0.0,0.125,0.5,2.904047976011994,2.6666666666666665,2.5,7.9,0.30833333333333335,1.5,3.0500000000000003,0.7362068965517242,24.0,6.666666666666667,30.833333333333336,0.0,60.769230769230774,0.0,14.333333333333336,Low Risk,3,Stable Contributors,-0.10509019013447307,0.4439603931262882
43,1,Travel_Frequently,807,Research & Development,17,3,Technical Degree,3,Male,38,2,1,Research Scientist,3,Married,2437,15587,9,Yes,16,3,4,1,6,4,3,1,0,0,0,0.0,0.0,2.0,0.0,0.14285714285714285,1.0,2.4345654345654344,2.6666666666666665,3.5,8.5,0.13333333333333336,1.3,3.25,0.8758620689655172,48.0,0.0,13.333333333333336,0.0,65.38461538461539,0.0,5.333333333333335,Low Risk,2,High-Risk Stagnation,-2.7231587098463494,0.5311004506314866
42,0,Travel_Rarely,855,Research & Development,12,3,Medical,2,Male,57,3,1,Laboratory Technician,2,Divorced,2766,8952,8,No,22,4,2,3,7,6,2,5,3,0,4,0.0,0.375,1.0,0.6666666666666666,0.125,1.0,2.763236763236763,2.3333333333333335,2.0,11.8,0.26041666666666663,2.0,2.0,0.27413793103448275,88.0,0.0,26.041666666666664,37.5,90.76923076923077,66.66666666666666,21.666666666666664,Low Risk,1,Promotion-Stalled,-2.018602932456171,-2.3633897818932885
55,0,Travel_Rarely,478,Research & Development,2,3,Medical,3,Male,60,2,5,Research Director,1,Married,19038,19805,8,No,12,3,2,3,34,2,3,1,0,0,0,0.0,0.0,1.0,0.0,0.14285714285714285,1.0,3.8068386322735455,2.0,2.5,6.300000000000001,0.2,3.7,2.1500000000000004,0.1706896551724138,36.0,0.0,20.0,0.0,48.46153846153847,0.0,8.0,Low Risk,2,High-Risk Stagnation,-1.9836350369292586,-1.8153473720292628
33,0,Non-Travel,775,Research & Development,4,3,Technical Degree,4,Male,90,3,2,Research Scientist,2,Divorced,3055,6194,5,No,15,3,4,2,11,2,2,9,8,1,7,0.1,0.6666666666666666,0.2,0.7,0.16666666666666666,0.5,1.526736631684158,2.3333333333333335,4.0,7.5,0.3683333333333333,2.3,3.0,0.041379310344827586,22.5,6.666666666666667,36.83333333333333,66.66666666666666,57.692307692307686,70.0,36.733333333333334,Medium Risk,4,Career Explorers,0.9633350975329426,-0.32738966799449365
41,0,Travel_Rarely,548,Research & Development,9,4,Life Sciences,3,Male,94,3,1,Laboratory Technician,1,Divorced,2289,20520,1,No,20,4,2,2,5,2,3,5,3,0,4,0.0,0.5,0.3333333333333333,0.6666666666666666,0.16666666666666666,1.0,2.2867132867132867,2.3333333333333335,2.5,9.799999999999999,0.29166666666666663,1.7999999999999998,2.1500000000000004,0.24310344827586206,80.0,0.0,29.166666666666664,50.0,75.38461538461537,66.66666666666666,26.666666666666664,Low Risk,1,Promotion-Stalled,-1.5590936308786343,-1.991158565774304
34,0,Non-Travel,1375,Sales,10,3,Life Sciences,4,Male,87,3,2,Sales Executive,3,Divorced,4001,12313,1,Yes,14,3,3,1,15,3,3,15,14,0,7,0.0,0.875,0.1875,0.4375,0.125,1.0,1.9995002498750625,3.0,3.5,7.4,0.31875,2.1,3.25,0.503448275862069,42.0,0.0,31.874999999999996,87.5,56.92307692307692,43.75,39.0,Medium Risk,3,Stable Contributors,-0.46420704551776354,0.8138512576496222
53,0,Non-Travel,661,Research & Development,1,4,Medical,1,Female,60,2,4,Manufacturing Director,3,Married,12965,22308,4,Yes,20,4,4,3,27,2,2,3,2,0,2,0.0,0.07142857142857142,0.5,0.5,0.14285714285714285,1.0,3.2404398900274933,2.3333333333333335,2.5,9.799999999999999,0.1845238095238095,3.2,2.55,0.41034482758620694,80.0,0.0,18.45238095238095,7.142857142857142,75.38461538461537,50.0,9.523809523809522,Low Risk,1,Promotion-Stalled,-2.58637904839926,-1.3180223049195356
43,0,Travel_Rarely,244,Human Resources,2,3,Life Sciences,2,Male,97,3,1,Human Resources,4,Single,3539,5033,0,No,13,3,2,0,10,5,3,9,7,1,8,0.1,0.6363636363636364,0.5,0.8,0.09090909090909091,0.5,3.5354645354645355,3.3333333333333335,2.0,7.6,0.26075757575757574,1.4,2.8000000000000003,0.1706896551724138,19.5,6.666666666666667,26.075757575757574,63.63636363636363,58.46153846153845,80.0,31.52121212121212,Low Risk,3,Stable Contributors,0.6939271716776099,0.9935638629876039
34,0,Travel_Rarely,511,Sales,3,2,Life Sciences,4,Female,32,1,2,Sales Executive,4,Single,6029,25353,5,No,12,3,1,0,6,3,3,2,2,2,2,0.6666666666666666,0.2857142857142857,1.0,0.6666666666666666,0.2857142857142857,0.3333333333333333,3.0129935032483757,2.6666666666666665,2.5,6.600000000000001,0.4380952380952381,1.3,3.0500000000000003,0.1810344827586207,12.0,13.333333333333334,43.80952380952381,28.57142857142857,50.76923076923078,66.66666666666666,30.095238095238095,Low Risk,0,Fast-Track Performers,1.932188801716282,0.47159865503899173
21,1,Travel_Rarely,337,Sales,7,1,Marketing,2,Male,31,3,1,Sales Representative,2,Single,2679,4567,1,No,13,3,2,0,1,3,3,1,0,1,0,0.5,0.0,1.5,0.0,0.5,0.5,2.676323676323676,2.6666666666666665,2.0,7.0,0.30833333333333335,1.4,2.2,0.22241379310344828,19.5,6.666666666666667,30.833333333333336,0.0,53.84615384615385,0.0,14.333333333333336,Low Risk,2,High-Risk Stagnation,-0.3924347505411742,-0.5605785561296078
38,0,Travel_Rarely,1153,Research & Development,6,2,Other,4,Female,40,2,1,Laboratory Technician,3,Married,3702,16376,1,No,11,3,2,1,5,3,3,5,4,0,4,0.0,0.6666666666666666,0.5,0.6666666666666666,0.16666666666666666,1.0,3.698301698301698,2.6666666666666665,3.0,6.200000000000001,0.30000000000000004,1.3,3.0,0.21206896551724136,33.0,0.0,30.000000000000004,66.66666666666666,47.6923076923077,66.66666666666666,32.0,Low Risk,3,Stable Contributors,-0.29983961009378735,0.15615421120058964
22,1,Travel_Rarely,1294,Research & Development,8,1,Medical,3,Female,79,3,1,Laboratory Technician,1,Married,2398,15999,1,Yes,17,3,3,0,1,6,3,1,0,0,0,0.0,0.0,3.0,0.0,0.5,1.0,2.3956043956043955,2.3333333333333335,3.0,9.500000000000002,0.16666666666666666,1.4,2.4000000000000004,0.6327586206896552,51.0,0.0,16.666666666666664,0.0,73.0769230769231,0.0,6.666666666666666,Low Risk,2,High-Risk Stagnation,-3.0905272154728993,-1.1242204826424123
31,0,Travel_Rarely,196,Sales,29,4,Marketing,1,Female,91,2,2,Sales Executive,4,Married,5468,13402,1,No,14,3,1,2,13,3,3,12,7,5,7,0.38461538461538464,0.5,0.23076923076923078,0.5384615384615384,0.14285714285714285,0.16666666666666666,2.732633683158421,3.0,1.0,7.4,0.35961538461538456,2.0,2.3,0.44999999999999996,7.0,33.33333333333333,35.96153846153845,50.0,56.92307692307692,53.84615384615385,39.38461538461538,Medium Risk,0,Fast-Track Performers,1.771360713272645,0.07882795815074721
51,0,Travel_Rarely,942,Research & Development,3,3,Technical Degree,1,Female,53,3,3,Manager,3,Married,13116,22984,2,No,11,3,4,0,15,2,3,2,2,2,2,0.6666666666666666,0.125,0.6666666666666666,0.6666666666666666,0.1875,0.3333333333333333,4.370543152282573,3.0,2.5,5.9,0.36458333333333326,2.4,2.75,0.1810344827586207,11.0,13.333333333333334,36.45833333333333,12.5,45.38461538461539,66.66666666666666,22.333333333333332,Low Risk,0,Fast-Track Performers,1.651163919583419,0.6887813578762806
37,0,Travel_Rarely,589,Sales,9,2,Marketing,2,Male,46,2,2,Sales Executive,2,Married,4189,8800,1,No,14,3,1,2,5,2,3,5,2,0,3,0.0,0.3333333333333333,0.3333333333333333,0.5,0.3333333333333333,1.0,2.0934532733633184,2.3333333333333335,1.5,7.1,0.25,2.0,1.9500000000000002,0.24310344827586206,42.0,0.0,25.0,33.33333333333333,54.61538461538461,50.0,20.0,Low Risk,4,Career Explorers,-1.3703805505258817,-1.6708494494812156
46,0,Travel_Rarely,734,Research & Development,2,4,Medical,3,Male,46,3,5,Research Director,4,Divorced,19328,14218,7,Yes,17,3,3,1,24,3,3,2,1,2,2,0.6666666666666666,0.04,1.0,0.6666666666666666,0.2,0.3333333333333333,3.8648270345930813,3.3333333333333335,3.0,8.600000000000001,0.30999999999999994,3.6,3.3000000000000003,0.5706896551724139,17.0,13.333333333333334,30.999999999999993,4.0,66.15384615384616,66.66666666666666,17.599999999999998,Low Risk,0,Fast-Track Performers,1.0043926616070409,1.7725300160833901
36,0,Travel_Rarely,1383,Research & Development,10,3,Life Sciences,4,Male,90,3,3,Healthcare Representative,1,Married,8321,25949,7,Yes,13,3,4,1,15,1,3,12,8,5,7,0.38461538461538464,0.5,0.07692307692307693,0.5384615384615384,0.1875,0.16666666666666666,2.772742419193602,2.3333333333333335,4.0,6.4,0.4262820512820512,2.6,2.9,0.653448275862069,6.5,33.33333333333333,42.628205128205124,50.0,49.23076923076923,53.84615384615385,42.05128205128205,Medium Risk,0,Fast-Track Performers,2.051365514625768,-0.03095316293141613
44,1,Travel_Frequently,429,Research & Development,1,2,Medical,3,Male,99,3,1,Research Scientist,2,Divorced,2342,11092,1,Yes,12,3,3,3,6,2,2,5,3,2,3,0.3333333333333333,0.42857142857142855,0.3333333333333333,0.5,0.14285714285714285,0.3333333333333333,2.3396603396603397,2.3333333333333335,3.0,6.300000000000001,0.3904761904761904,2.0,2.5,0.7103448275862069,12.0,13.333333333333334,39.047619047619044,42.857142857142854,48.46153846153847,50.0,32.476190476190474,Low Risk,0,Fast-Track Performers,1.479792894434987,-0.5757562061190443
37,0,Travel_Rarely,1239,Human Resources,8,2,Other,3,Male,89,3,2,Human Resources,2,Divorced,4071,12832,2,No,13,3,3,0,19,4,2,10,0,4,7,0.36363636363636365,0.0,0.36363636363636365,0.6363636363636364,0.1,0.2,2.0344827586206895,2.3333333333333335,3.0,7.300000000000001,0.29393939393939394,1.9,2.5,0.23275862068965517,7.8,26.666666666666668,29.393939393939394,0.0,56.15384615384615,63.63636363636363,19.757575757575758,Low Risk,4,Career Explorers,1.0973458450826128,-0.5978258701922547
35,1,Travel_Rarely,303,Sales,27,3,Life Sciences,3,Male,84,3,2,Sales Executive,4,Single,5813,13492,1,Yes,18,3,4,0,10,2,3,10,7,7,7,0.6363636363636364,0.6363636363636364,0.18181818181818182,0.6363636363636364,0.18181818181818182,0.125,2.905047476261869,3.3333333333333335,3.5,8.7,0.4484848484848485,1.9,3.5500000000000003,0.8293103448275863,6.75,46.666666666666664,44.84848484848485,63.63636363636363,66.92307692307692,63.63636363636363,51.03030303030303,Medium Risk,0,Fast-Track Performers,2.5704814137705454,2.0895235627900477
33,0,Travel_Rarely,867,Research & Development,8,4,Life Sciences,4,Male,90,4,1,Research Scientist,1,Married,3143,6076,6,No,19,3,2,1,14,1,3,10,8,7,6,0.6363636363636364,0.5333333333333333,0.09090909090909091,0.5454545454545454,0.06666666666666667,0.125,3.13986013986014,2.6666666666666665,3.0,8.8,0.48939393939393944,1.9,2.4000000000000004,0.23275862068965517,7.125,46.666666666666664,48.939393939393945,53.333333333333336,67.6923076923077,54.54545454545454,49.57575757575758,Medium Risk,0,Fast-Track Performers,2.7912953927570725,-0.5686849036549873
28,0,Travel_Rarely,1181,Research & Development,1,3,Life Sciences,3,Male,82,3,1,Research Scientist,4,Married,2044,5531,1,No,11,3,3,1,5,6,4,5,3,0,3,0.0,0.5,1.0,0.5,0.16666666666666666,1.0,2.041958041958042,3.6666666666666665,3.0,7.1,0.15833333333333335,1.5999999999999999,3.5,0.16034482758620688,33.0,0.0,15.833333333333336,50.0,54.61538461538461,50.0,21.333333333333336,Low Risk,3,Stable Contributors,-1.3390570041066159,2.283751631636522
39,0,Travel_Rarely,1253,Research & Development,10,1,Medical,3,Male,65,3,3,Research Director,3,Single,13464,7914,7,No,21,4,3,0,9,3,3,4,3,2,2,0.4,0.3,0.6,0.4,0.3,0.3333333333333333,4.4865044985005,3.0,3.0,10.5,0.31499999999999995,2.4,3.0,0.253448275862069,28.0,13.333333333333334,31.499999999999993,30.0,80.76923076923077,40.0,25.599999999999998,Low Risk,0,Fast-Track Performers,0.240940058497014,0.5716704488138056
46,0,Non-Travel,849,Sales,26,2,Life Sciences,2,Male,98,2,2,Sales Executive,2,Single,7991,25166,8,No,15,3,3,0,6,3,3,2,2,2,2,0.6666666666666666,0.2857142857142857,1.0,0.6666666666666666,0.2857142857142857,0.3333333333333333,3.993503248375812,2.3333333333333335,2.5,7.800000000000001,0.4714285714285714,1.6,2.45,0.2689655172413793,15.0,13.333333333333334,47.14285714285714,28.57142857142857,60.00000000000001,66.66666666666666,31.42857142857143,Low Risk,0,Fast-Track Performers,1.9916762544827598,-0.896728858789904
40,0,Travel_Rarely,616,Research & Development,2,2,Life Sciences,3,Female,99,3,1,Laboratory Technician,1,Married,3377,25605,4,No,17,3,4,1,7,5,2,4,3,0,2,0.0,0.375,1.0,0.4,0.125,1.0,3.3736263736263736,2.0,3.5,9.200000000000001,0.29375,1.5999999999999999,2.4499999999999997,0.1706896551724138,51.0,0.0,29.375,37.5,70.76923076923077,40.0,23.0,Low Risk,4,Career Explorers,-1.2773367376865732,-1.8774874912987316
42,0,Travel_Rarely,1128,Research & Development,13,3,Medical,2,Male,95,4,2,Healthcare Representative,1,Married,5538,5696,5,No,18,3,3,2,10,2,2,0,0,0,0,0.0,0.0,2.0,0.0,0.18181818181818182,1.0,2.767616191904048,2.3333333333333335,2.5,8.7,0.16666666666666666,2.6,1.9500000000000002,0.2844827586206896,54.0,0.0,16.666666666666664,0.0,66.92307692307692,0.0,6.666666666666666,Low Risk,1,Promotion-Stalled,-2.665029709847757,-1.8354916474226548
35,0,Non-Travel,1180,Research & Development,2,2,Medical,2,Male,90,3,2,Manufacturing Director,4,Divorced,5762,24442,2,No,14,3,3,1,15,6,3,7,7,1,7,0.125,0.4375,0.75,0.875,0.125,0.5,2.879560219890055,3.3333333333333335,2.5,8.3,0.21979166666666666,2.1,3.0500000000000003,0.020689655172413793,21.0,6.666666666666667,21.979166666666668,43.75,63.846153846153854,87.5,23.916666666666668,Low Risk,3,Stable Contributors,0.31368781085270847,1.273520787783132
38,0,Non-Travel,1336,Human Resources,2,3,Human Resources,1,Male,100,3,1,Human Resources,2,Divorced,2592,7129,5,No,13,3,4,3,13,3,3,11,10,3,8,0.25,0.7142857142857143,0.25,0.6666666666666666,0.07142857142857142,0.25,2.589410589410589,2.6666666666666665,2.5,7.0,0.39940476190476193,2.0,2.45,0.020689655172413793,9.75,20.0,39.94047619047619,71.42857142857143,53.84615384615385,66.66666666666666,43.4047619047619,Medium Risk,0,Fast-Track Performers,2.0557610413004697,-0.41014951471413486
34,1,Travel_Frequently,234,Research & Development,9,4,Life Sciences,4,Male,93,3,2,Laboratory Technician,1,Married,5346,6208,4,No,17,3,3,1,11,3,2,7,1,0,7,0.0,0.08333333333333333,0.375,0.875,0.16666666666666666,1.0,2.6716641679160418,2.0,3.5,8.600000000000001,0.22083333333333335,2.1,2.4499999999999997,0.3931034482758621,51.0,0.0,22.083333333333336,8.333333333333332,66.15384615384616,87.5,11.333333333333334,Low Risk,4,Career Explorers,-1.431307259727726,-1.641493378379077
37,1,Travel_Rarely,370,Research & Development,10,4,Medical,4,Male,58,3,2,Manufacturing Director,1,Single,4213,4992,1,No,15,3,2,0,10,4,1,10,3,0,8,0.0,0.2727272727272727,0.36363636363636365,0.7272727272727273,0.18181818181818182,1.0,2.105447276361819,1.6666666666666667,3.0,8.1,0.3015151515151515,1.9,2.0,0.253448275862069,45.0,0.0,30.151515151515152,27.27272727272727,62.30769230769231,72.72727272727273,20.242424242424242,Low Risk,4,Career Explorers,-0.8839863970282352,-2.742747150460205
39,0,Travel_Frequently,766,Sales,20,3,Life Sciences,3,Male,83,3,2,Sales Executive,4,Divorced,4127,19188,2,No,18,3,4,1,7,6,3,2,1,2,2,0.6666666666666666,0.125,2.0,0.6666666666666666,0.25,0.3333333333333333,2.0624687656171914,3.3333333333333335,3.5,9.9,0.33124999999999993,2.1,3.5500000000000003,0.506896551724138,18.0,13.333333333333334,33.12499999999999,12.5,76.15384615384616,66.66666666666666,21.0,Low Risk,0,Fast-Track Performers,1.0103788536745875,1.9479891496448787
43,0,Non-Travel,343,Research & Development,9,3,Life Sciences,1,Male,52,3,1,Research Scientist,3,Single,2438,24978,4,No,13,3,3,0,7,2,2,3,2,1,2,0.25,0.25,0.5,0.5,0.125,0.5,2.4355644355644355,2.6666666666666665,2.0,6.699999999999999,0.2833333333333333,1.4,2.3,0.09310344827586207,19.5,6.666666666666667,28.333333333333332,25.0,51.53846153846153,50.0,20.833333333333336,Low Risk,4,Career Explorers,0.38680701289763236,-0.5364939557684415
41,0,Travel_Rarely,447,Research & Development,5,3,Life Sciences,2,Male,85,4,2,Healthcare Representative,2,Single,6870,15530,3,No,12,3,1,0,11,3,1,3,2,1,2,0.25,0.16666666666666666,0.75,0.5,0.16666666666666666,0.5,3.4332833583208395,2.3333333333333335,1.5,6.600000000000001,0.2958333333333333,2.2,1.55,0.20172413793103447,18.0,6.666666666666667,29.58333333333333,16.666666666666664,50.76923076923078,50.0,18.833333333333332,Low Risk,4,Career Explorers,0.39040638300683034,-1.9148024058769986
41,0,Travel_Rarely,796,Sales,4,1,Marketing,3,Female,81,3,3,Sales Executive,3,Divorced,10447,26458,0,Yes,13,3,4,1,23,3,4,22,14,13,5,0.5652173913043478,0.5833333333333334,0.13043478260869565,0.21739130434782608,0.125,0.07142857142857142,3.4811729423525493,3.3333333333333335,3.5,7.0,0.41032608695652173,2.6,3.45,0.5913793103448276,2.7857142857142856,86.66666666666667,41.03260869565217,58.333333333333336,53.84615384615385,21.73913043478261,59.913043478260875,Medium Risk,0,Fast-Track Performers,2.175110050910719,2.077981094192383
30,0,Travel_Rarely,1092,Research & Development,10,3,Medical,1,Female,64,3,3,Manufacturing Director,3,Single,9667,2739,9,No,14,3,2,0,9,3,3,7,7,0,2,0.0,0.7,0.375,0.25,0.3,1.0,3.2212595801399533,3.0,1.5,7.4,0.275,2.4,2.25,0.253448275862069,42.0,0.0,27.500000000000004,70.0,56.92307692307692,25.0,32.0,Low Risk,4,Career Explorers,-1.1690473421249958,-0.42635353669267917
26,1,Travel_Rarely,920,Human Resources,20,2,Medical,4,Female,69,3,1,Human Resources,2,Married,2148,6889,0,Yes,11,3,3,0,6,3,3,5,1,1,4,0.16666666666666666,0.14285714285714285,0.5,0.6666666666666666,0.14285714285714285,0.5,2.145854145854146,2.6666666666666665,3.5,6.200000000000001,0.2273809523809524,1.4,2.95,0.756896551724138,16.5,6.666666666666667,22.73809523809524,14.285714285714285,47.6923076923077,66.66666666666666,15.380952380952383,Low Risk,3,Stable Contributors,0.1079604991658672,0.5974366643759129
46,1,Travel_Rarely,261,Research & Development,21,2,Medical,4,Female,66,3,2,Healthcare Representative,2,Married,8926,10842,4,No,22,4,4,1,13,2,4,9,7,3,7,0.3,0.5,0.2,0.7,0.14285714285714285,0.25,4.460769615192404,3.0,4.0,10.6,0.32999999999999996,2.1,3.4000000000000004,0.36724137931034484,22.0,20.0,32.99999999999999,50.0,81.53846153846153,70.0,34.199999999999996,Medium Risk,0,Fast-Track Performers,1.0540796368507335,1.0995208602411157
40,0,Travel_Rarely,1194,Research & Development,1,3,Life Sciences,3,Female,52,3,2,Healthcare Representative,4,Divorced,6513,9060,4,No,17,3,4,1,12,3,3,5,3,0,3,0.0,0.23076923076923078,0.5,0.5,0.15384615384615385,1.0,3.254872563718141,3.3333333333333335,3.5,8.600000000000001,0.12435897435897435,2.1,3.5500000000000003,0.16034482758620688,51.0,0.0,12.435897435897434,23.076923076923077,66.15384615384616,50.0,11.897435897435898,Low Risk,3,Stable Contributors,-2.1525271373229544,1.6709450230375522
34,0,Travel_Rarely,810,Sales,8,2,Technical Degree,2,Male,92,4,2,Sales Executive,3,Married,6799,22128,1,No,21,4,3,2,10,5,3,10,8,4,8,0.36363636363636365,0.7272727272727273,0.45454545454545453,0.7272727272727273,0.18181818181818182,0.2,3.397801099450275,3.3333333333333335,2.5,11.1,0.37575757575757573,2.6,2.75,0.23275862068965517,16.8,26.666666666666668,37.57575757575757,72.72727272727273,85.38461538461539,72.72727272727273,44.84848484848485,Medium Risk,0,Fast-Track Performers,1.696138515118498,0.6815349133100138
58,0,Non-Travel,350,Sales,2,3,Medical,2,Male,52,3,4,Manager,2,Divorced,16291,22577,4,No,22,4,4,1,37,0,2,16,9,14,14,0.8235294117647058,0.23684210526315788,0.0,0.8235294117647058,0.10526315789473684,0.06666666666666667,4.071732066983254,2.3333333333333335,3.0,10.0,0.5141124871001032,3.1,2.5,0.020689655172413793,5.866666666666666,93.33333333333333,51.41124871001031,23.684210526315788,76.92307692307693,82.35294117647058,55.669762641898856,Medium Risk,0,Fast-Track Performers,3.1346378648835116,-1.0158469949203741
35,0,Travel_Rarely,185,Research & Development,23,4,Medical,2,Male,91,1,1,Laboratory Technician,3,Married,2705,9696,0,No,16,3,2,1,6,2,4,5,4,0,3,0.0,0.5714285714285714,0.3333333333333333,0.5,0.14285714285714285,1.0,2.7022977022977024,2.6666666666666665,2.0,7.9,0.2761904761904762,1.0,2.7,0.3879310344827586,48.0,0.0,27.61904761904762,57.14285714285714,60.769230769230774,50.0,28.19047619047619,Low Risk,3,Stable Contributors,-1.00126337643279,-0.4046865164833868
47,0,Travel_Rarely,1001,Research & Development,4,3,Life Sciences,3,Female,92,2,3,Manufacturing Director,2,Divorced,10333,19271,8,Yes,12,3,3,1,28,4,3,22,11,14,10,0.6086956521739131,0.3793103448275862,0.17391304347826086,0.43478260869565216,0.10344827586206896,0.06666666666666667,3.4431856047984004,2.3333333333333335,3.0,6.9,0.47453773113443276,2.3000000000000003,2.7,0.5913793103448276,2.4,93.33333333333333,47.453773113443276,37.93103448275862,53.07692307692308,43.47826086956522,58.3608195902049,Medium Risk,0,Fast-Track Performers,2.6473748735688685,-0.34006826069592766
40,0,Travel_Rarely,750,Research & Development,12,3,Life Sciences,2,Female,47,3,2,Healthcare Representative,1,Divorced,4448,10748,2,No,12,3,2,1,15,3,3,7,4,7,7,0.875,0.25,0.375,0.875,0.125,0.125,2.2228885557221387,2.3333333333333335,2.0,6.600000000000001,0.5354166666666667,2.1,1.9000000000000001,0.27413793103448275,4.5,46.666666666666664,53.541666666666664,25.0,50.76923076923078,87.5,42.916666666666664,Medium Risk,0,Fast-Track Performers,3.495265616979394,-1.4504534683119708
54,0,Travel_Rarely,431,Research & Development,7,4,Medical,4,Female,68,3,2,Research Scientist,4,Married,6854,15696,4,No,15,3,2,1,14,2,2,7,1,1,7,0.125,0.06666666666666667,0.25,0.875,0.13333333333333333,0.5,3.425287356321839,3.0,3.0,7.5,0.16041666666666665,2.1,3.1,0.22241379310344828,22.5,6.666666666666667,16.041666666666664,6.666666666666667,57.692307692307686,87.5,10.416666666666666,Low Risk,3,Stable Contributors,-0.28835872167814386,1.0535127887629834
31,0,Travel_Frequently,1125,Sales,7,4,Marketing,1,Female,68,3,3,Sales Executive,1,Married,9637,8277,2,No,14,3,4,2,9,3,3,3,2,2,2,0.5,0.2,0.75,0.5,0.3,0.3333333333333333,3.211262912362546,2.3333333333333335,2.5,7.4,0.3916666666666666,2.8,2.1500000000000004,0.37241379310344824,14.0,13.333333333333334,39.16666666666666,20.0,56.92307692307692,50.0,25.666666666666664,Low Risk,0,Fast-Track Performers,1.2160742429839002,-1.1418415090339376
28,0,Travel_Rarely,1217,Research & Development,1,3,Medical,3,Female,67,3,1,Research Scientist,1,Married,3591,12719,1,No,25,4,3,1,3,3,3,3,2,1,2,0.25,0.5,0.75,0.5,0.25,0.5,3.5874125874125875,2.3333333333333335,3.0,12.1,0.37916666666666665,1.5999999999999999,2.4000000000000004,0.16034482758620688,50.0,6.666666666666667,37.916666666666664,50.0,93.07692307692308,50.0,32.166666666666664,Low Risk,1,Promotion-Stalled,-0.012483884911816576,-1.595890033446601
38,0,Travel_Rarely,723,Sales,2,4,Marketing,2,Female,77,1,2,Sales Representative,4,Married,5405,4244,2,Yes,20,4,1,2,20,4,2,4,2,0,3,0.0,0.09523809523809523,0.8,0.6,0.09523809523809523,1.0,2.7011494252873565,2.3333333333333335,1.5,10.399999999999999,0.19047619047619047,1.7000000000000002,2.35,0.5706896551724139,80.0,0.0,19.047619047619047,9.523809523809524,80.0,60.0,10.476190476190476,Low Risk,1,Promotion-Stalled,-2.4052829055756493,-1.5942016018674927
26,0,Travel_Rarely,572,Sales,10,3,Medical,3,Male,46,3,2,Sales Executive,4,Single,4684,9125,1,No,13,3,1,0,5,4,3,5,3,1,2,0.16666666666666666,0.5,0.6666666666666666,0.3333333333333333,0.3333333333333333,0.5,2.340829585207396,3.3333333333333335,2.0,7.300000000000001,0.24999999999999997,1.9,2.8000000000000003,0.253448275862069,19.5,6.666666666666667,24.999999999999996,50.0,56.15384615384615,33.33333333333333,27.0,Low Risk,3,Stable Contributors,-0.14578465055440856,1.1109938697618735
58,0,Travel_Frequently,1216,Research & Development,15,4,Life Sciences,1,Male,87,3,4,Research Director,3,Married,15787,21624,2,Yes,14,3,2,0,23,3,3,2,2,2,2,0.6666666666666666,0.08333333333333333,1.0,0.6666666666666666,0.16666666666666666,0.3333333333333333,3.9457635591102225,3.0,1.5,7.4,0.35416666666666663,2.9,2.25,0.8551724137931034,14.0,13.333333333333334,35.416666666666664,8.333333333333332,56.92307692307692,66.66666666666666,20.666666666666664,Low Risk,0,Fast-Track Performers,1.4626667331426637,0.0981117243189148
18,0,Non-Travel,1431,Research & Development,14,3,Medical,2,Female,33,3,1,Research Scientist,3,Single,1514,8018,1,No,16,3,3,0,0,4,1,0,0,0,0,0.0,0.0,4.0,0.0,1.0,1.0,1.5124875124875126,2.3333333333333335,2.5,8.5,0.16666666666666666,1.4,2.35,0.14482758620689656,48.0,0.0,16.666666666666664,0.0,65.38461538461539,0.0,6.666666666666666,Low Risk,2,High-Risk Stagnation,-3.605033725030358,-1.072374069042822
31,1,Travel_Rarely,359,Human Resources,18,5,Human Resources,4,Male,89,4,1,Human Resources,1,Married,2956,21495,0,No,17,3,3,0,2,4,3,1,0,0,0,0.0,0.0,2.0,0.0,0.3333333333333333,1.0,2.953046953046953,2.6666666666666665,3.5,8.9,0.13333333333333336,1.7,2.65,0.33620689655172414,51.0,0.0,13.333333333333336,0.0,68.46153846153847,0.0,5.333333333333335,Low Risk,2,High-Risk Stagnation,-3.0042892178655354,-0.3731616634431989
29,1,Travel_Rarely,350,Human Resources,13,3,Human Resources,1,Male,56,2,1,Human Resources,1,Divorced,2335,3157,4,Yes,15,3,4,3,4,3,3,2,2,2,0,0.6666666666666666,0.4,1.0,0.0,0.2,0.3333333333333333,2.3326673326673326,2.0,2.5,7.800000000000001,0.5333333333333333,1.7000000000000002,2.1500000000000004,0.6844827586206896,15.0,13.333333333333334,53.333333333333336,40.0,60.00000000000001,0.0,37.333333333333336,Medium Risk,0,Fast-Track Performers,1.8428630498059482,-1.7727471522998872
45,0,Non-Travel,589,Sales,2,4,Life Sciences,3,Female,67,3,2,Sales Executive,3,Married,5154,19665,4,No,22,4,2,2,10,3,4,8,7,5,7,0.5555555555555556,0.6363636363636364,0.3333333333333333,0.7777777777777778,0.18181818181818182,0.16666666666666666,2.575712143928036,3.3333333333333335,2.5,10.9,0.4202020202020202,2.3,2.95,0.020689655172413793,14.666666666666666,33.33333333333333,42.02020202020202,63.63636363636363,83.84615384615385,77.77777777777779,45.898989898989896,Medium Risk,0,Fast-Track Performers,2.1989225844592295,0.8972191440024916
36,0,Travel_Rarely,430,Research & Development,2,4,Other,4,Female,73,3,2,Research Scientist,2,Married,6962,19573,4,Yes,22,4,4,1,15,2,3,1,0,0,0,0.0,0.0,1.0,0.0,0.125,1.0,3.4792603698150923,2.6666666666666665,4.0,10.6,0.13333333333333336,2.1,3.2,0.5706896551724139,88.0,0.0,13.333333333333336,0.0,81.53846153846153,0.0,5.333333333333335,Low Risk,1,Promotion-Stalled,-3.5903012014505746,-0.0659371490156293
43,0,Travel_Frequently,1422,Sales,2,4,Life Sciences,1,Male,92,3,2,Sales Executive,4,Married,5675,19246,1,No,20,4,3,1,7,5,3,7,7,7,7,0.875,0.875,0.625,0.875,0.25,0.125,2.8360819590204898,3.3333333333333335,2.0,10.7,0.5916666666666666,2.1,2.8000000000000003,0.32068965517241377,10.0,46.666666666666664,59.16666666666666,87.5,82.3076923076923,87.5,63.916666666666664,Medium Risk,0,Fast-Track Performers,3.759187338412398,0.7068453253542031
27,0,Travel_Frequently,1297,Research & Development,5,2,Life Sciences,4,Female,53,3,1,Laboratory Technician,4,Single,2379,19826,0,Yes,14,3,3,0,6,3,2,5,4,0,2,0.0,0.5714285714285714,0.5,0.3333333333333333,0.14285714285714285,1.0,2.3766233766233764,3.0,3.5,7.4,0.24285714285714285,1.4,3.35,0.7517241379310344,42.0,0.0,24.285714285714285,57.14285714285714,56.92307692307692,33.33333333333333,26.857142857142858,Low Risk,3,Stable Contributors,-1.2163546453760488,1.1030666822198605
29,0,Travel_Frequently,574,Research & Development,20,1,Medical,4,Male,40,3,1,Laboratory Technician,4,Married,3812,7003,1,No,13,3,2,0,11,3,4,11,8,3,10,0.25,0.6666666666666666,0.25,0.8333333333333334,0.08333333333333333,0.25,3.808191808191808,3.6666666666666665,3.0,7.0,0.2875,1.4,3.5,0.506896551724138,9.75,20.0,28.749999999999996,66.66666666666666,53.84615384615385,83.33333333333334,37.5,Medium Risk,3,Stable Contributors,1.5762171611652127,2.614536654225109
32,0,Travel_Frequently,1318,Sales,10,4,Marketing,4,Male,79,3,2,Sales Executive,4,Single,4648,26075,8,No,13,3,3,0,4,2,4,0,0,0,0,0.0,0.0,2.0,0.0,0.4,1.0,2.322838580709645,3.6666666666666665,3.5,6.699999999999999,0.03333333333333335,1.9,3.75,0.40344827586206894,39.0,0.0,3.333333333333335,0.0,51.53846153846153,0.0,1.333333333333334,Low Risk,2,High-Risk Stagnation,-3.2571847637346893,2.8573036041693136
42,0,Non-Travel,355,Research & Development,10,4,Technical Degree,3,Male,38,3,1,Research Scientist,3,Married,2936,6161,3,No,22,4,2,2,10,1,2,6,3,3,3,0.42857142857142855,0.2727272727272727,0.14285714285714285,0.42857142857142855,0.09090909090909091,0.25,2.9330669330669332,2.6666666666666665,2.5,10.3,0.35151515151515156,1.7999999999999998,2.55,0.10344827586206896,22.0,20.0,35.151515151515156,27.27272727272727,79.23076923076924,42.857142857142854,28.242424242424242,Low Risk,0,Fast-Track Performers,0.9826681726886072,-0.5293662133081521
47,0,Travel_Rarely,207,Research & Development,9,4,Life Sciences,2,Female,64,3,1,Laboratory Technician,3,Single,2105,5411,4,No,12,3,3,0,7,2,3,2,2,2,0,0.6666666666666666,0.25,0.6666666666666666,0.0,0.125,0.3333333333333333,2.102897102897103,3.0,2.5,6.300000000000001,0.39583333333333326,1.4,2.75,0.24310344827586206,12.0,13.333333333333334,39.58333333333333,25.0,48.46153846153847,0.0,27.333333333333332,Low Risk,0,Fast-Track Performers,1.2908250311912994,0.5751361995266374
46,0,Travel_Rarely,706,Research & Development,2,2,Life Sciences,4,Male,82,3,3,Manufacturing Director,4,Divorced,8578,19989,3,No,14,3,3,1,12,4,2,9,8,4,7,0.4,0.6153846153846154,0.4,0.7,0.23076923076923078,0.2,2.85838053982006,3.0,3.5,7.700000000000001,0.39384615384615385,2.6,3.35,0.1706896551724138,8.4,26.666666666666668,39.38461538461539,61.53846153846154,59.23076923076924,70.0,42.215384615384615,Medium Risk,0,Fast-Track Performers,1.9585323816256994,1.2874323873101914
28,0,Non-Travel,280,Human Resources,1,2,Life Sciences,3,Male,43,3,1,Human Resources,4,Divorced,2706,10494,1,No,15,3,2,1,3,2,3,3,2,2,2,0.5,0.5,0.5,0.5,0.25,0.3333333333333333,2.7032967032967035,3.3333333333333335,2.5,7.5,0.36666666666666664,1.5999999999999999,3.0500000000000003,0.010344827586206896,15.0,13.333333333333334,36.666666666666664,50.0,57.692307692307686,50.0,33.666666666666664,Medium Risk,0,Fast-Track Performers,1.3618147733359716,1.3151975835399279
29,0,Travel_Rarely,726,Research & Development,29,1,Life Sciences,4,Male,93,1,2,Healthcare Representative,3,Divorced,6384,21143,8,No,17,3,4,2,11,3,3,7,0,1,6,0.125,0.0,0.375,0.75,0.16666666666666666,0.5,3.1904047976011993,2.3333333333333335,4.0,8.600000000000001,0.21041666666666664,1.7000000000000002,3.5,0.44999999999999996,25.5,6.666666666666667,21.041666666666664,0.0,66.15384615384616,75.0,10.416666666666666,Low Risk,3,Stable Contributors,-0.4249339026329854,0.5131672922350835
42,0,Travel_Rarely,1142,Research & Development,8,3,Life Sciences,4,Male,81,3,1,Laboratory Technician,3,Single,3968,13624,4,No,13,3,4,0,8,3,3,0,0,0,0,0.0,0.0,3.0,0.0,0.1111111111111111,1.0,3.964035964035964,3.0,4.0,7.0,0.1,1.4,3.5,0.23275862068965517,39.0,0.0,10.0,0.0,53.84615384615385,0.0,4.0,Low Risk,2,High-Risk Stagnation,-2.57614121840224,1.3638543262022769
32,1,Travel_Rarely,414,Sales,2,4,Marketing,3,Male,82,2,2,Sales Executive,2,Single,9907,26186,7,Yes,12,3,3,0,7,3,2,2,2,2,2,0.6666666666666666,0.25,1.0,0.6666666666666666,0.25,0.3333333333333333,4.951024487756122,2.0,3.0,6.600000000000001,0.4958333333333333,1.6,2.5,0.5706896551724139,12.0,13.333333333333334,49.58333333333333,25.0,50.76923076923078,66.66666666666666,31.333333333333332,Low Risk,0,Fast-Track Performers,2.2343679460159525,-1.145313812258127
46,0,Travel_Rarely,1319,Sales,3,3,Technical Degree,1,Female,45,4,4,Sales Executive,1,Divorced,13225,7739,2,No,12,3,4,1,25,5,3,19,17,2,8,0.1,0.6538461538461539,0.25,0.4,0.15384615384615385,0.3333333333333333,3.305423644088978,2.6666666666666665,2.5,7.200000000000001,0.3317948717948718,3.4000000000000004,2.1500000000000004,0.1810344827586207,12.0,13.333333333333334,33.17948717948718,65.38461538461539,55.38461538461539,40.0,36.887179487179495,Medium Risk,4,Career Explorers,0.9871551961586075,-0.7314121748736656
27,0,Travel_Rarely,728,Sales,23,1,Medical,2,Female,36,2,2,Sales Representative,3,Married,3540,7018,1,No,21,4,4,1,9,5,3,9,8,5,8,0.5,0.8,0.5,0.8,0.2,0.16666666666666666,1.7691154422788606,2.6666666666666665,3.0,11.1,0.5083333333333333,1.8,3.0,0.3879310344827586,14.0,33.33333333333333,50.83333333333333,80.0,85.38461538461539,80.0,54.33333333333333,Medium Risk,0,Fast-Track Performers,2.6710621832620896,-0.006617041142653541
29,0,Travel_Rarely,352,Human Resources,6,1,Medical,4,Male,87,2,1,Human Resources,2,Married,2804,15434,1,No,11,3,4,0,1,3,3,1,0,0,0,0.0,0.0,1.5,0.0,0.5,1.0,2.8011988011988014,2.3333333333333335,4.0,6.200000000000001,0.16666666666666666,1.1,3.2,0.21206896551724136,33.0,0.0,16.666666666666664,0.0,47.6923076923077,0.0,6.666666666666666,Low Risk,2,High-Risk Stagnation,-2.5887622031745865,0.17200346518393247
43,0,Travel_Rarely,823,Research & Development,6,3,Medical,1,Female,81,2,5,Manager,3,Married,19392,22539,7,No,13,3,4,0,21,2,3,16,12,6,14,0.35294117647058826,0.5454545454545454,0.11764705882352941,0.8235294117647058,0.22727272727272727,0.14285714285714285,3.877624475104979,2.6666666666666665,2.5,6.699999999999999,0.3932263814616756,3.1,2.75,0.21206896551724136,5.571428571428571,40.0,39.32263814616756,54.54545454545454,51.53846153846153,82.35294117647058,44.09269162210339,Medium Risk,0,Fast-Track Performers,2.1774099665650883,0.18101729089829555
48,0,Travel_Rarely,1224,Research & Development,10,3,Life Sciences,4,Male,91,2,5,Research Director,2,Married,19665,13583,4,No,12,3,4,0,29,3,3,22,10,12,9,0.5217391304347826,0.3333333333333333,0.13043478260869565,0.391304347826087,0.16666666666666666,0.07692307692307693,3.9322135572885424,2.3333333333333335,4.0,6.600000000000001,0.43260869565217386,3.1,3.2,0.253448275862069,2.769230769230769,80.0,43.260869565217384,33.33333333333333,50.76923076923078,39.130434782608695,51.30434782608695,Medium Risk,0,Fast-Track Performers,2.1599755833773306,0.27846992275876825
29,1,Travel_Frequently,459,Research & Development,24,2,Life Sciences,4,Male,73,2,1,Research Scientist,4,Single,2439,14753,1,Yes,24,4,2,0,1,3,2,1,0,1,0,0.5,0.0,1.5,0.0,0.5,0.5,2.4365634365634365,2.6666666666666665,3.0,11.700000000000001,0.30833333333333335,1.1,3.1,0.9482758620689655,48.0,6.666666666666667,30.833333333333336,0.0,90.00000000000001,0.0,14.333333333333336,Low Risk,2,High-Risk Stagnation,-1.2733619399891156,0.19702699609349547
46,1,Travel_Rarely,1254,Sales,10,3,Life Sciences,3,Female,64,3,3,Sales Executive,2,Married,7314,14011,5,No,21,4,3,3,14,2,3,8,7,0,7,0.0,0.4666666666666667,0.2222222222222222,0.7777777777777778,0.2,1.0,2.4371876041319562,2.6666666666666665,3.0,10.2,0.25,3.0,2.7,0.253448275862069,84.0,0.0,25.0,46.666666666666664,78.46153846153847,77.77777777777779,24.0,Low Risk,1,Promotion-Stalled,-1.8451129759862506,-0.8127721158901594
27,0,Travel_Frequently,1131,Research & Development,15,3,Life Sciences,4,Female,77,2,1,Research Scientist,1,Married,4774,23844,0,No,19,3,4,1,8,2,2,7,6,7,3,0.875,0.6666666666666666,0.25,0.375,0.1111111111111111,0.125,4.769230769230769,1.6666666666666667,4.0,9.100000000000001,0.7062499999999999,1.3,2.6999999999999997,0.45517241379310347,7.125,46.666666666666664,70.625,66.66666666666666,70.0,37.5,62.25,Medium Risk,0,Fast-Track Performers,3.945040816536251,-1.7916631846629514
39,0,Travel_Rarely,835,Research & Development,19,4,Other,4,Male,41,3,2,Research Scientist,4,Divorced,3902,5141,8,No,14,3,2,3,7,2,3,2,2,2,2,0.6666666666666666,0.25,0.6666666666666666,0.6666666666666666,0.25,0.3333333333333333,1.950024987506247,3.3333333333333335,3.0,7.1,0.36249999999999993,2.5,3.3000000000000003,0.346551724137931,14.0,13.333333333333334,36.24999999999999,25.0,54.61538461538461,66.66666666666666,26.0,Low Risk,0,Fast-Track Performers,1.5127312387625949,1.803137213566293
55,0,Travel_Rarely,836,Research & Development,2,4,Technical Degree,2,Male,98,2,1,Research Scientist,4,Married,2662,7975,8,No,20,4,2,1,19,2,4,5,2,0,4,0.0,0.1,0.3333333333333333,0.6666666666666666,0.05,1.0,2.659340659340659,3.3333333333333335,2.0,9.799999999999999,0.09166666666666665,1.3,3.0,0.1706896551724138,80.0,0.0,9.166666666666664,10.0,75.38461538461537,66.66666666666666,6.666666666666666,Low Risk,1,Promotion-Stalled,-2.727943001153098,0.6972257598318535
28,0,Travel_Rarely,1172,Sales,3,3,Medical,2,Female,78,3,1,Sales Representative,2,Married,2856,3692,1,No,19,3,4,1,1,3,3,1,0,0,0,0.0,0.0,1.5,0.0,0.5,1.0,2.8531468531468533,2.6666666666666665,3.0,9.4,0.13333333333333336,1.5999999999999999,2.7,0.1810344827586207,57.0,0.0,13.333333333333336,0.0,72.3076923076923,0.0,5.333333333333335,Low Risk,2,High-Risk Stagnation,-3.3624393057849593,-0.38528941245042136
30,1,Travel_Rarely,945,Sales,9,3,Medical,2,Male,89,3,1,Sales Representative,4,Single,1081,16019,1,No,13,3,3,0,1,3,2,1,0,0,0,0.0,0.0,1.5,0.0,0.5,1.0,1.0799200799200799,3.0,2.5,7.0,0.1,1.4,2.85,0.24310344827586206,39.0,0.0,10.0,0.0,53.84615384615385,0.0,4.0,Low Risk,2,High-Risk Stagnation,-3.0418160636326674,0.6526968776048335
22,1,Travel_Rarely,391,Research & Development,7,1,Life Sciences,4,Male,75,3,1,Research Scientist,2,Single,2472,26092,1,Yes,23,4,1,0,1,2,3,1,0,0,0,0.0,0.0,1.0,0.0,0.5,1.0,2.4695304695304694,2.6666666666666665,2.5,11.0,0.13333333333333336,1.4,2.45,0.6224137931034484,92.0,0.0,13.333333333333336,0.0,84.61538461538461,0.0,5.333333333333335,Low Risk,2,High-Risk Stagnation,-4.1342532517805495,-0.9571811609476493
36,0,Travel_Rarely,1266,Sales,10,4,Technical Degree,2,Female,63,2,2,Sales Executive,3,Married,5673,6060,1,Yes,13,3,1,1,10,4,3,10,9,1,7,0.09090909090909091,0.8181818181818182,0.36363636363636365,0.6363636363636364,0.18181818181818182,0.5,2.8350824587706147,2.6666666666666665,1.5,7.300000000000001,0.36969696969696975,1.8,2.25,0.653448275862069,19.5,6.666666666666667,36.969696969696976,81.81818181818183,56.15384615384615,63.63636363636363,41.333333333333336,Medium Risk,4,Career Explorers,1.103451355445933,-0.6124696883141287
31,0,Travel_Rarely,311,Research & Development,20,3,Life Sciences,2,Male,89,3,2,Laboratory Technician,3,Divorced,4197,18624,1,No,11,3,1,1,10,2,3,10,8,0,2,0.0,0.7272727272727273,0.18181818181818182,0.18181818181818182,0.18181818181818182,1.0,2.0974512743628186,3.0,1.5,5.9,0.28181818181818186,2.1,2.25,0.3568965517241379,33.0,0.0,28.181818181818187,72.72727272727273,45.38461538461539,18.181818181818183,33.09090909090909,Medium Risk,4,Career Explorers,-0.7722550913682383,-0.26073042634340876
34,0,Travel_Rarely,1480,Sales,4,3,Life Sciences,3,Male,64,3,3,Sales Executive,4,Married,9713,24444,2,Yes,13,3,4,3,9,3,3,5,3,1,0,0.16666666666666666,0.3,0.5,0.0,0.3,0.5,3.2365878040653118,3.3333333333333335,3.5,7.0,0.19999999999999998,3.0,3.5500000000000003,0.5913793103448276,19.5,6.666666666666667,20.0,30.0,53.84615384615385,0.0,19.0,Low Risk,3,Stable Contributors,-0.8656828521526,2.2149369583277747
29,0,Travel_Rarely,592,Research & Development,7,3,Life Sciences,4,Male,59,3,1,Laboratory Technician,1,Single,2062,19384,3,No,14,3,2,0,11,2,3,3,2,1,2,0.25,0.16666666666666666,0.5,0.5,0.08333333333333333,0.5,2.05994005994006,2.3333333333333335,3.0,7.1,0.2958333333333333,1.4,2.4000000000000004,0.22241379310344828,21.0,6.666666666666667,29.58333333333333,16.666666666666664,54.61538461538461,50.0,18.833333333333332,Low Risk,4,Career Explorers,0.366104075134987,-0.9151157098169714
37,0,Travel_Rarely,783,Research & Development,7,4,Medical,4,Male,78,3,2,Research Scientist,1,Married,4284,13588,5,Yes,22,4,3,1,16,2,3,5,3,0,4,0.0,0.17647058823529413,0.3333333333333333,0.6666666666666666,0.11764705882352941,1.0,2.1409295352323836,2.3333333333333335,3.5,10.6,0.2107843137254902,2.1,2.65,0.6224137931034484,88.0,0.0,21.07843137254902,17.647058823529413,81.53846153846153,66.66666666666666,13.725490196078432,Low Risk,1,Promotion-Stalled,-2.388953238822839,-1.2870147734078845
35,0,Travel_Rarely,219,Research & Development,16,2,Other,4,Female,44,2,2,Manufacturing Director,2,Married,4788,25388,0,Yes,11,3,4,0,4,2,3,3,2,0,2,0.0,0.4,0.5,0.5,0.4,1.0,2.3928035982008997,2.3333333333333335,4.0,5.9,0.26666666666666666,1.6,3.2,0.7155172413793104,33.0,0.0,26.666666666666668,40.0,45.38461538461539,50.0,22.666666666666668,Low Risk,3,Stable Contributors,-1.1552426980190882,0.19998472950350213
45,0,Travel_Rarely,556,Research & Development,25,2,Life Sciences,2,Female,93,2,2,Manufacturing Director,4,Married,5906,23888,0,No,13,3,4,2,10,2,2,9,8,3,8,0.3,0.7272727272727273,0.2,0.8,0.18181818181818182,0.25,2.9515242378810593,2.6666666666666665,3.0,6.699999999999999,0.42015151515151516,2.0,3.1,0.4086206896551724,9.75,20.0,42.015151515151516,72.72727272727273,51.53846153846153,80.0,44.624242424242425,Medium Risk,0,Fast-Track Performers,2.1862346951334994,0.5633477318737562
36,0,Travel_Frequently,1213,Human Resources,2,1,Human Resources,2,Male,94,2,2,Human Resources,4,Single,3886,4223,1,No,21,4,4,0,10,2,2,10,1,0,8,0.0,0.09090909090909091,0.18181818181818182,0.7272727272727273,0.18181818181818182,1.0,1.9420289855072463,2.6666666666666665,3.0,10.2,0.1560606060606061,1.6,3.1,0.32068965517241377,84.0,0.0,15.606060606060609,9.090909090909092,78.46153846153847,72.72727272727273,8.969696969696972,Low Risk,1,Promotion-Stalled,-2.6565332164850304,-0.175591764960409
40,0,Travel_Rarely,1137,Research & Development,1,4,Life Sciences,1,Male,98,3,4,Manager,1,Divorced,16823,18991,2,No,11,3,1,1,22,3,3,19,7,11,16,0.55,0.30434782608695654,0.15,0.8,0.17391304347826086,0.08333333333333333,4.204698825293677,2.3333333333333335,1.0,6.200000000000001,0.43525362318840577,3.1,1.4000000000000001,0.16034482758620688,2.75,73.33333333333333,43.52536231884058,30.434782608695656,47.6923076923077,80.0,48.540579710144925,Medium Risk,0,Fast-Track Performers,2.682360468450152,-1.977370145455662
26,0,Travel_Rarely,482,Research & Development,1,2,Life Sciences,2,Female,90,2,1,Research Scientist,3,Married,2933,14908,1,Yes,13,3,3,1,1,3,2,1,0,1,0,0.5,0.0,1.5,0.0,0.5,0.5,2.93006993006993,2.3333333333333335,2.5,7.0,0.3416666666666667,1.3,2.55,0.560344827586207,19.5,6.666666666666667,34.166666666666664,0.0,53.84615384615385,0.0,15.666666666666666,Low Risk,2,High-Risk Stagnation,-0.2642445060340893,-0.537776335559829
27,0,Travel_Rarely,511,Sales,2,2,Medical,1,Female,89,4,2,Sales Executive,3,Single,6500,26997,0,No,14,3,2,0,9,5,2,8,7,0,7,0.0,0.7,0.5555555555555556,0.7777777777777778,0.2,1.0,3.248375812093953,3.0,1.5,8.0,0.275,2.2,2.05,0.1706896551724138,42.0,0.0,27.500000000000004,70.0,61.53846153846154,77.77777777777779,32.0,Low Risk,4,Career Explorers,-0.5452420938554863,-0.7534103529994708
48,0,Travel_Frequently,117,Research & Development,22,3,Medical,4,Female,58,3,4,Manager,4,Divorced,17174,2437,3,No,11,3,2,1,24,3,3,22,17,4,7,0.17391304347826086,0.68,0.13043478260869565,0.30434782608695654,0.16,0.2,4.292426893276681,3.3333333333333335,3.0,6.200000000000001,0.297536231884058,3.1,3.3000000000000003,0.5275862068965517,6.6,26.666666666666668,29.753623188405797,68.0,47.6923076923077,30.434782608695656,40.301449275362316,Medium Risk,3,Stable Contributors,1.1063528486507215,1.9667214584031132
44,0,Travel_Rarely,170,Research & Development,1,4,Life Sciences,2,Male,78,4,2,Healthcare Representative,1,Married,5033,9364,2,No,15,3,4,1,10,5,3,2,0,2,2,0.6666666666666666,0.0,1.6666666666666667,0.6666666666666666,0.18181818181818182,0.3333333333333333,2.5152423788105946,2.6666666666666665,3.0,8.4,0.3666666666666667,2.4000000000000004,2.4000000000000004,0.16034482758620688,15.0,13.333333333333334,36.66666666666667,0.0,64.61538461538461,66.66666666666666,18.66666666666667,Low Risk,0,Fast-Track Performers,1.362906212280892,-0.46546017703575154
34,1,Non-Travel,967,Research & Development,16,4,Technical Degree,4,Male,85,1,1,Research Scientist,1,Married,2307,14460,1,Yes,23,4,2,1,5,2,3,5,2,3,0,0.5,0.3333333333333333,0.3333333333333333,0.0,0.16666666666666666,0.25,2.3046953046953047,1.6666666666666667,3.0,11.0,0.4916666666666666,1.0,2.4000000000000004,0.5655172413793104,23.0,20.0,49.16666666666666,33.33333333333333,84.61538461538461,0.0,35.666666666666664,Medium Risk,0,Fast-Track Performers,1.1960357003695612,-2.2340763006013504
56,1,Travel_Rarely,1162,Research & Development,24,2,Life Sciences,1,Male,97,3,1,Laboratory Technician,4,Single,2587,10261,1,No,16,3,4,0,5,3,3,4,2,1,0,0.2,0.3333333333333333,0.6,0.0,0.16666666666666666,0.5,2.5844155844155843,3.3333333333333335,2.5,8.200000000000001,0.21999999999999997,1.4,3.0500000000000003,0.3982758620689655,24.0,6.666666666666667,21.999999999999996,33.33333333333333,63.07692307692309,0.0,20.799999999999997,Low Risk,3,Stable Contributors,-0.6548187732694457,1.3420437818959483
36,0,Travel_Rarely,335,Sales,17,2,Marketing,3,Male,33,2,2,Sales Executive,2,Married,5507,16822,2,No,16,3,3,2,12,1,1,4,2,1,3,0.2,0.15384615384615385,0.2,0.6,0.15384615384615385,0.5,2.7521239380309845,1.6666666666666667,3.0,7.6,0.3417948717948718,2.0,2.3000000000000003,0.3258620689655172,24.0,6.666666666666667,34.179487179487175,15.384615384615385,58.46153846153845,60.0,20.287179487179486,Low Risk,4,Career Explorers,0.4303925272569067,-2.0561459410718648
41,0,Travel_Rarely,337,Sales,8,3,Marketing,3,Female,54,3,2,Sales Executive,2,Married,4393,26841,5,No,21,4,3,1,14,3,3,5,4,1,4,0.16666666666666666,0.26666666666666666,0.5,0.6666666666666666,0.13333333333333333,0.5,2.1954022988505746,2.6666666666666665,3.0,10.5,0.25833333333333336,2.1,2.7,0.23275862068965517,42.0,6.666666666666667,25.833333333333336,26.666666666666668,80.76923076923077,66.66666666666666,20.333333333333336,Low Risk,1,Promotion-Stalled,-0.338578386462022,-0.4269914817506033
42,0,Travel_Rarely,1396,Research & Development,6,3,Medical,3,Male,83,3,3,Research Director,1,Married,13348,14842,9,No,13,3,2,1,18,3,4,13,7,5,7,0.35714285714285715,0.3684210526315789,0.21428571428571427,0.5,0.15789473684210525,0.16666666666666666,4.447850716427857,2.6666666666666665,2.5,7.0,0.3504385964912281,2.6,2.35,0.21206896551724136,6.5,33.33333333333333,35.04385964912281,36.84210526315789,53.84615384615385,50.0,35.07017543859649,Medium Risk,0,Fast-Track Performers,1.558315198980839,-0.3451257118881642
31,0,Travel_Rarely,1079,Sales,10,2,Medical,3,Female,86,3,2,Sales Executive,4,Divorced,6583,20115,2,Yes,11,3,4,1,8,2,3,5,2,1,4,0.16666666666666666,0.2222222222222222,0.3333333333333333,0.6666666666666666,0.2222222222222222,0.5,3.289855072463768,3.3333333333333335,3.5,5.9,0.18055555555555552,2.1,3.5500000000000003,0.653448275862069,16.5,6.666666666666667,18.055555555555554,22.22222222222222,45.38461538461539,66.66666666666666,15.888888888888888,Low Risk,3,Stable Contributors,-0.15468463890661718,2.3771077153532585
34,0,Travel_Rarely,735,Sales,3,1,Medical,4,Female,75,2,2,Sales Executive,4,Married,8103,16495,3,Yes,12,3,3,0,9,3,2,4,2,0,1,0.0,0.2,0.6,0.2,0.2,1.0,4.049475262368816,2.6666666666666665,3.5,6.600000000000001,0.18333333333333335,1.6,3.35,0.5810344827586207,36.0,0.0,18.333333333333336,20.0,50.76923076923078,20.0,13.333333333333336,Low Risk,3,Stable Contributors,-1.8539235612808131,0.7797893494259212
31,0,Travel_Rarely,471,Research & Development,4,3,Medical,1,Female,62,4,1,Laboratory Technician,3,Divorced,3978,16031,8,No,12,3,2,1,4,0,2,2,2,2,2,0.6666666666666666,0.4,0.0,0.6666666666666666,0.2,0.3333333333333333,3.9740259740259742,3.0,1.5,5.700000000000001,0.43333333333333335,1.9,2.05,0.19137931034482758,12.0,13.333333333333334,43.333333333333336,40.0,43.846153846153854,66.66666666666666,33.333333333333336,Medium Risk,0,Fast-Track Performers,2.221207177940783,-0.2716139571039463
26,0,Travel_Frequently,1096,Research & Development,6,3,Other,3,Male,61,4,1,Laboratory Technician,4,Married,2544,7102,0,No,18,3,1,1,8,3,3,7,7,7,7,0.875,0.7777777777777778,0.375,0.875,0.1111111111111111,0.125,2.5414585414585416,3.6666666666666665,2.0,9.0,0.5340277777777778,1.9,2.8000000000000003,0.3620689655172414,6.75,46.666666666666664,53.40277777777778,77.77777777777779,69.23076923076923,87.5,58.69444444444445,Medium Risk,0,Fast-Track Performers,3.741431123063994,1.380964991530859
45,0,Travel_Frequently,1297,Research & Development,1,4,Medical,2,Male,44,3,2,Healthcare Representative,3,Single,5399,14511,4,No,12,3,3,0,12,3,3,4,2,0,3,0.0,0.15384615384615385,0.6,0.6,0.15384615384615385,1.0,2.6981509245377313,3.0,2.5,6.600000000000001,0.13846153846153847,1.9,2.75,0.3103448275862069,36.0,0.0,13.846153846153847,15.384615384615385,50.76923076923078,60.0,10.153846153846153,Low Risk,3,Stable Contributors,-1.6141462285572967,0.4787717678182633
33,0,Travel_Rarely,217,Sales,10,4,Marketing,2,Male,43,3,2,Sales Executive,3,Single,5487,10410,1,No,14,3,2,0,10,2,2,10,4,0,9,0.0,0.36363636363636365,0.18181818181818182,0.8181818181818182,0.18181818181818182,1.0,2.742128935532234,2.6666666666666665,2.0,7.1,0.22424242424242427,1.9,2.3,0.253448275862069,42.0,0.0,22.424242424242426,36.36363636363637,54.61538461538461,81.81818181818183,19.878787878787882,Low Risk,4,Career Explorers,-0.9765386350614159,-0.7491404103882202
28,0,Travel_Frequently,783,Sales,1,2,Life Sciences,3,Male,42,2,2,Sales Executive,4,Married,6834,19255,1,Yes,12,3,3,1,7,2,3,7,7,0,7,0.0,0.875,0.25,0.875,0.25,1.0,3.4152923538230886,3.0,3.0,6.300000000000001,0.31875,1.8,3.3000000000000003,0.7103448275862069,36.0,0.0,31.874999999999996,87.5,48.46153846153847,87.5,39.0,Medium Risk,3,Stable Contributors,-0.026898391056546535,1.1209119045877938
29,1,Travel_Frequently,746,Sales,24,3,Technical Degree,3,Male,45,4,1,Sales Representative,1,Single,1091,10642,1,No,17,3,4,0,1,3,3,1,0,0,0,0.0,0.0,1.5,0.0,0.5,1.0,1.08991008991009,2.6666666666666665,3.5,8.600000000000001,0.13333333333333336,1.7,2.65,0.5482758620689655,51.0,0.0,13.333333333333336,0.0,66.15384615384616,0.0,5.333333333333335,Low Risk,2,High-Risk Stagnation,-3.2070097907793955,-0.24453801952013746
39,0,Non-Travel,1251,Sales,21,4,Life Sciences,1,Female,32,1,2,Sales Executive,3,Married,5736,3987,6,No,19,3,3,1,10,1,3,3,2,1,2,0.25,0.18181818181818182,0.25,0.5,0.18181818181818182,0.5,2.866566716641679,2.3333333333333335,2.0,8.8,0.29962121212121207,1.5,2.5,0.21724137931034482,28.5,6.666666666666667,29.962121212121207,18.181818181818183,67.6923076923077,50.0,19.439393939393938,Low Risk,4,Career Explorers,0.02503719555389079,-0.955923586555803
27,0,Travel_Rarely,1354,Research & Development,2,4,Technical Degree,2,Male,41,3,1,Research Scientist,2,Married,2226,6073,1,No,11,3,3,1,6,3,2,5,3,1,2,0.16666666666666666,0.42857142857142855,0.5,0.3333333333333333,0.14285714285714285,0.5,2.2237762237762237,2.3333333333333335,2.5,6.200000000000001,0.33214285714285713,1.5999999999999999,2.25,0.1706896551724138,16.5,6.666666666666667,33.214285714285715,42.857142857142854,47.6923076923077,33.33333333333333,28.142857142857142,Low Risk,4,Career Explorers,0.567540180946862,-1.0664332601280533
34,0,Travel_Frequently,735,Research & Development,22,4,Other,3,Male,86,2,2,Research Scientist,4,Married,5747,26496,1,Yes,15,3,2,0,16,3,3,15,10,6,11,0.375,0.5882352941176471,0.1875,0.6875,0.11764705882352941,0.14285714285714285,2.872063968015992,3.0,2.5,7.800000000000001,0.37830882352941175,1.6,3.0500000000000003,0.9275862068965517,6.428571428571429,40.0,37.830882352941174,58.82352941176471,60.00000000000001,68.75,44.779411764705884,Medium Risk,0,Fast-Track Performers,2.070750066803068,1.111141846560415
28,1,Travel_Rarely,1475,Sales,13,2,Marketing,4,Female,84,3,2,Sales Executive,3,Single,9854,23352,3,Yes,11,3,4,0,6,0,3,2,0,2,2,0.6666666666666666,0.0,0.0,0.6666666666666666,0.2857142857142857,0.3333333333333333,4.924537731134433,3.0,4.0,5.300000000000001,0.3333333333333333,1.9,3.5,0.6844827586206896,11.0,13.333333333333334,33.33333333333333,0.0,40.769230769230774,66.66666666666666,17.333333333333332,Low Risk,0,Fast-Track Performers,1.2527263012837728,1.891751162584467
47,0,Non-Travel,1169,Research & Development,14,4,Technical Degree,3,Male,64,3,2,Research Scientist,2,Married,5467,2125,8,No,18,3,3,1,16,4,4,8,7,1,7,0.1111111111111111,0.4117647058823529,0.4444444444444444,0.7777777777777778,0.11764705882352941,0.5,2.732133933033483,3.0,3.0,9.3,0.24183006535947713,2.1,2.9000000000000004,0.14482758620689656,27.0,6.666666666666667,24.18300653594771,41.17647058823529,71.53846153846153,77.77777777777779,24.026143790849673,Low Risk,3,Stable Contributors,0.12334929090942155,0.48679318250661613
56,0,Travel_Rarely,1443,Sales,11,5,Marketing,4,Female,89,2,2,Sales Executive,1,Married,5380,20328,4,No,16,3,3,1,6,3,3,0,0,0,0,0.0,0.0,3.0,0.0,0.2857142857142857,1.0,2.688655672163918,2.0,3.5,8.200000000000001,0.2,1.8,2.65,0.26379310344827583,48.0,0.0,20.0,0.0,63.07692307692309,0.0,8.0,Low Risk,2,High-Risk Stagnation,-2.535057070185132,-1.3518615800459561
39,0,Travel_Rarely,867,Research & Development,9,2,Medical,1,Male,87,3,2,Manufacturing Director,1,Married,5151,12315,1,No,25,4,4,1,10,3,3,10,0,7,9,0.6363636363636364,0.0,0.2727272727272727,0.8181818181818182,0.18181818181818182,0.125,2.5742128935532236,2.3333333333333335,2.5,12.1,0.3893939393939394,2.1,2.1500000000000004,0.24310344827586206,12.5,46.666666666666664,38.93939393939394,0.0,93.07692307692308,81.81818181818183,29.575757575757574,Low Risk,0,Fast-Track Performers,1.7086115172052523,-1.4844852108234348
38,0,Travel_Frequently,1394,Research & Development,8,3,Medical,4,Female,58,2,2,Research Scientist,2,Divorced,2133,18115,1,Yes,16,3,3,1,20,3,3,20,11,0,7,0.0,0.5238095238095238,0.14285714285714285,0.3333333333333333,0.09523809523809523,1.0,1.065967016491754,2.3333333333333335,3.5,8.200000000000001,0.2976190476190476,1.8,2.95,0.7827586206896551,48.0,0.0,29.761904761904763,52.38095238095239,63.07692307692309,33.33333333333333,27.61904761904762,Low Risk,3,Stable Contributors,-1.0839355601225562,-0.5249541411521831
58,0,Travel_Rarely,605,Sales,21,3,Life Sciences,4,Female,72,3,4,Manager,4,Married,17875,11761,4,Yes,13,3,3,1,29,2,2,1,0,0,0,0.0,0.0,1.0,0.0,0.13333333333333333,1.0,4.467633091727068,3.0,3.5,6.699999999999999,0.1,3.1,3.35,0.7672413793103449,39.0,0.0,10.0,0.0,51.53846153846153,0.0,4.0,Low Risk,2,High-Risk Stagnation,-2.593087468104746,1.3464445199672346
32,1,Travel_Frequently,238,Research & Development,5,2,Life Sciences,1,Female,47,4,1,Research Scientist,3,Single,2432,15318,3,Yes,14,3,1,0,8,2,3,4,1,0,3,0.0,0.1111111111111111,0.4,0.6,0.1111111111111111,1.0,2.4295704295704295,3.3333333333333335,1.0,7.1,0.09444444444444443,1.7,2.0,0.7517241379310344,42.0,0.0,9.444444444444443,11.11111111111111,54.61538461538461,60.0,7.111111111111111,Low Risk,3,Stable Contributors,-1.9168005896160458,0.07476996041652754
38,0,Travel_Rarely,1206,Research & Development,9,2,Life Sciences,2,Male,71,3,1,Research Scientist,4,Divorced,4771,14293,2,No,19,3,4,2,10,0,4,5,2,0,3,0.0,0.18181818181818182,0.0,0.5,0.09090909090909091,1.0,4.766233766233766,3.6666666666666665,3.0,8.5,0.0787878787878788,1.7999999999999998,3.5,0.24310344827586206,57.0,0.0,7.87878787878788,18.181818181818183,65.38461538461539,50.0,8.606060606060607,Low Risk,3,Stable Contributors,-2.4372752401189395,2.1052278266643727
49,0,Travel_Frequently,1064,Research & Development,2,1,Life Sciences,2,Male,42,3,5,Research Director,4,Married,19161,13738,3,No,15,3,4,0,28,3,3,5,4,4,3,0.6666666666666666,0.13793103448275862,0.5,0.5,0.1724137931034483,0.2,3.8314337132573484,3.3333333333333335,3.0,7.800000000000001,0.3344827586206896,3.4,3.3000000000000003,0.32068965517241377,9.0,26.666666666666668,33.44827586206896,13.793103448275861,60.00000000000001,50.0,25.517241379310345,Low Risk,0,Fast-Track Performers,1.4563268589991383,1.814265646638911
42,0,Travel_Rarely,419,Sales,12,4,Marketing,2,Male,77,3,2,Sales Executive,4,Divorced,5087,2900,3,Yes,12,3,3,2,14,4,3,0,0,0,0,0.0,0.0,4.0,0.0,0.13333333333333333,1.0,2.5422288855572215,3.3333333333333335,2.5,6.9,0.06666666666666665,2.3,3.0500000000000003,0.6741379310344828,36.0,0.0,6.666666666666665,0.0,53.07692307692308,0.0,2.666666666666666,Low Risk,2,High-Risk Stagnation,-2.6817709419167635,1.4568629461965896
27,1,Travel_Frequently,1337,Human Resources,22,3,Human Resources,1,Female,58,2,1,Human Resources,2,Married,2863,19555,1,No,12,3,1,0,1,2,3,1,0,0,0,0.0,0.0,1.0,0.0,0.5,1.0,2.86013986013986,2.3333333333333335,1.0,6.300000000000001,0.16666666666666666,1.1,1.7000000000000002,0.5275862068965517,36.0,0.0,16.666666666666664,0.0,48.46153846153847,0.0,6.666666666666666,Low Risk,2,High-Risk Stagnation,-2.581842655008878,-1.6776678272678496
35,0,Travel_Rarely,682,Sales,18,4,Medical,2,Male,71,3,2,Sales Executive,1,Married,5561,15975,0,No,16,3,4,1,6,2,1,5,3,0,4,0.0,0.42857142857142855,0.3333333333333333,0.6666666666666666,0.2857142857142857,1.0,2.7791104447776114,1.6666666666666667,3.0,7.9,0.34047619047619043,2.1,2.0,0.33620689655172414,48.0,0.0,34.047619047619044,42.857142857142854,60.769230769230774,66.66666666666666,26.476190476190474,Low Risk,4,Career Explorers,-0.8101940827471725,-2.7478318911202364
28,0,Non-Travel,1103,Research & Development,16,3,Medical,3,Male,49,3,1,Research Scientist,3,Single,2144,2122,1,No,14,3,3,0,5,3,2,5,3,1,4,0.16666666666666666,0.5,0.5,0.6666666666666666,0.16666666666666666,0.5,2.1418581418581417,2.6666666666666665,3.0,7.4,0.31666666666666665,1.4,2.8,0.16551724137931034,21.0,6.666666666666667,31.666666666666664,50.0,56.92307692307692,66.66666666666666,29.666666666666664,Low Risk,4,Career Explorers,0.670367744520433,0.01459746755796655
31,0,Non-Travel,976,Research & Development,3,2,Medical,3,Male,48,3,1,Research Scientist,1,Divorced,3065,3995,1,Yes,13,3,4,1,4,3,4,4,2,2,3,0.4,0.4,0.6,0.6,0.2,0.3333333333333333,3.061938061938062,2.6666666666666665,3.5,7.0,0.37333333333333335,1.5999999999999999,2.8499999999999996,0.4310344827586207,13.0,13.333333333333334,37.333333333333336,40.0,53.84615384615385,60.0,30.933333333333337,Low Risk,0,Fast-Track Performers,1.411923521862253,0.25428056977627667
36,0,Non-Travel,1351,Research & Development,9,4,Life Sciences,1,Male,66,4,1,Laboratory Technician,2,Married,2810,9238,1,No,22,4,2,0,5,3,3,5,4,0,2,0.0,0.6666666666666666,0.5,0.3333333333333333,0.16666666666666666,1.0,2.8071928071928074,3.0,1.5,10.9,0.26666666666666666,1.7,1.9500000000000002,0.09310344827586207,88.0,0.0,26.666666666666668,66.66666666666666,83.84615384615385,33.33333333333333,30.666666666666664,Low Risk,1,Promotion-Stalled,-2.0587436302873736,-1.4758198646889131
34,0,Travel_Rarely,937,Sales,1,3,Marketing,1,Male,32,3,3,Sales Executive,4,Single,9888,6770,1,No,21,4,1,0,14,3,2,14,8,2,1,0.13333333333333333,0.5333333333333333,0.2,0.06666666666666667,0.2,0.3333333333333333,3.294901699433522,3.0,1.0,10.5,0.28,2.4,2.1,0.16034482758620688,28.0,13.333333333333334,28.000000000000004,53.333333333333336,80.76923076923077,6.666666666666667,31.200000000000003,Low Risk,4,Career Explorers,-0.19345615982285222,-0.641689873325055
34,0,Travel_Rarely,1239,Sales,13,4,Medical,4,Male,39,3,3,Sales Executive,3,Divorced,8628,22914,1,No,18,3,3,1,9,2,2,8,7,1,1,0.1111111111111111,0.7,0.2222222222222222,0.1111111111111111,0.3,0.5,2.875041652782406,2.6666666666666665,3.5,8.7,0.3472222222222222,2.6,3.05,0.2844827586206896,27.0,6.666666666666667,34.72222222222222,70.0,66.92307692307692,11.11111111111111,36.888888888888886,Medium Risk,3,Stable Contributors,-0.0009438639940639445,0.17921057094391765
26,0,Travel_Rarely,157,Research & Development,1,3,Medical,3,Male,95,3,1,Laboratory Technician,1,Single,2867,20006,0,No,13,3,4,0,8,6,2,7,7,7,6,0.875,0.7777777777777778,0.75,0.75,0.1111111111111111,0.125,2.8641358641358643,2.0,3.5,7.9,0.7006944444444445,1.4,2.4499999999999997,0.16034482758620688,4.875,46.666666666666664,70.06944444444446,77.77777777777779,60.769230769230774,75.0,65.36111111111111,Medium Risk,0,Fast-Track Performers,4.512358954881856,-1.5795245654166288
29,0,Travel_Rarely,136,Research & Development,1,3,Life Sciences,1,Male,89,3,2,Healthcare Representative,1,Married,5373,6225,0,No,12,3,1,1,6,5,2,5,3,0,2,0.0,0.42857142857142855,0.8333333333333334,0.3333333333333333,0.2857142857142857,1.0,2.685157421289355,2.0,1.0,7.200000000000001,0.30714285714285716,2.1,1.2000000000000002,0.16034482758620688,36.0,0.0,30.714285714285715,42.857142857142854,55.38461538461539,33.33333333333333,25.142857142857142,Low Risk,4,Career Explorers,-0.9704945803324391,-3.175729387354148
32,0,Non-Travel,1146,Research & Development,15,4,Medical,3,Female,34,3,2,Healthcare Representative,4,Divorced,6667,16542,5,No,18,3,2,1,9,6,3,5,1,1,2,0.16666666666666666,0.1,1.0,0.3333333333333333,0.2,0.5,3.3318340829585207,3.3333333333333335,2.5,9.9,0.14999999999999997,2.1,3.0500000000000003,0.15517241379310345,27.0,6.666666666666667,14.999999999999996,10.0,76.15384615384616,33.33333333333333,11.0,Low Risk,3,Stable Contributors,-1.0867582274875278,1.2278799537329594
31,0,Travel_Frequently,1125,Research & Development,1,3,Life Sciences,4,Male,48,1,2,Research Scientist,1,Married,5003,5771,1,No,21,4,2,0,10,6,3,10,8,8,7,0.7272727272727273,0.7272727272727273,0.5454545454545454,0.6363636363636364,0.18181818181818182,0.1111111111111111,2.500249875062469,1.6666666666666667,3.0,11.399999999999999,0.6696969696969697,1.3,2.4000000000000004,0.3103448275862069,9.333333333333334,53.333333333333336,66.96969696969697,72.72727272727273,87.69230769230768,63.63636363636363,64.60606060606061,Medium Risk,0,Fast-Track Performers,3.6795918914981467,-2.354604682947543
28,1,Travel_Rarely,1404,Research & Development,17,3,Technical Degree,3,Male,32,2,1,Laboratory Technician,4,Divorced,2367,18779,5,No,12,3,1,1,6,2,2,4,1,0,3,0.0,0.14285714285714285,0.4,0.6,0.14285714285714285,1.0,2.364635364635365,2.6666666666666665,2.0,6.300000000000001,0.16904761904761906,1.3,2.6,0.3258620689655172,36.0,0.0,16.904761904761905,14.285714285714285,48.46153846153847,60.0,11.047619047619047,Low Risk,3,Stable Contributors,-1.4438352571572268,-0.19456226091892614
38,0,Travel_Rarely,1404,Sales,1,3,Life Sciences,1,Male,59,2,1,Sales Representative,1,Single,2858,11473,4,No,14,3,1,0,20,3,2,1,0,0,0,0.0,0.0,1.5,0.0,0.047619047619047616,1.0,2.855144855144855,1.6666666666666667,1.0,7.4,0.2333333333333333,1.1,1.2000000000000002,0.16034482758620688,42.0,0.0,23.333333333333332,0.0,56.92307692307692,0.0,9.333333333333334,Low Risk,4,Career Explorers,-1.8345094590892372,-3.694257248172648
35,0,Travel_Rarely,1224,Sales,7,4,Life Sciences,3,Female,55,3,2,Sales Executive,4,Married,5204,13586,1,Yes,11,3,4,0,10,2,3,10,8,0,9,0.0,0.7272727272727273,0.18181818181818182,0.8181818181818182,0.18181818181818182,1.0,2.6006996501749127,3.3333333333333335,3.5,5.9,0.24848484848484848,1.9,3.5500000000000003,0.6224137931034484,33.0,0.0,24.848484848484848,72.72727272727273,45.38461538461539,81.81818181818183,31.757575757575758,Low Risk,3,Stable Contributors,-0.3796008792462039,2.0042630808892166
27,0,Travel_Rarely,954,Sales,9,3,Marketing,4,Male,44,3,2,Sales Executive,4,Single,4105,5099,1,No,14,3,1,0,7,5,3,7,7,0,7,0.0,0.875,0.625,0.875,0.25,1.0,2.051474262868566,3.3333333333333335,2.5,8.0,0.28541666666666665,1.9,3.0500000000000003,0.24310344827586206,42.0,0.0,28.541666666666664,87.5,61.53846153846154,87.5,37.666666666666664,Medium Risk,3,Stable Contributors,-0.3680163406277907,1.0111747996468203
32,0,Travel_Rarely,1373,Research & Development,5,4,Life Sciences,4,Male,56,2,2,Manufacturing Director,4,Single,9679,10138,8,No,24,4,2,0,8,1,3,1,0,0,0,0.0,0.0,0.5,0.0,0.2222222222222222,1.0,4.837081459270365,3.0,3.0,11.100000000000001,0.1,1.6,3.3000000000000003,0.20172413793103447,96.0,0.0,10.0,0.0,85.38461538461539,0.0,4.0,Low Risk,1,Promotion-Stalled,-4.050637589919039,0.40640304418600387
31,1,Travel_Frequently,754,Sales,26,4,Marketing,1,Male,63,3,2,Sales Executive,4,Married,5617,21075,1,Yes,11,3,3,0,10,4,3,10,7,0,8,0.0,0.6363636363636364,0.36363636363636365,0.7272727272727273,0.18181818181818182,1.0,2.807096451774113,3.3333333333333335,2.0,6.5,0.22575757575757574,1.9,2.8000000000000003,0.9689655172413792,33.0,0.0,22.575757575757574,63.63636363636363,50.0,72.72727272727273,28.121212121212118,Low Risk,3,Stable Contributors,-0.6546475153307003,1.1197115629659304
53,1,Travel_Rarely,1168,Sales,24,4,Life Sciences,1,Male,66,3,3,Sales Executive,1,Single,10448,5843,6,Yes,13,3,2,0,15,2,2,2,2,2,2,0.6666666666666666,0.125,0.6666666666666666,0.6666666666666666,0.1875,0.3333333333333333,3.481506164611796,2.0,1.5,6.699999999999999,0.4645833333333333,2.4,1.4500000000000002,0.7982758620689656,13.0,13.333333333333334,46.45833333333333,12.5,51.53846153846153,66.66666666666666,26.333333333333332,Low Risk,0,Fast-Track Performers,2.085523616309582,-2.411437719514048
54,0,Travel_Rarely,155,Research & Development,9,2,Life Sciences,1,Female,67,3,2,Research Scientist,3,Married,2897,22474,3,No,11,3,3,2,9,6,2,4,3,2,3,0.4,0.3,1.2,0.6,0.2,0.3333333333333333,1.447776111944028,2.6666666666666665,2.0,7.1,0.34833333333333333,2.3,2.3,0.24310344827586206,11.0,13.333333333333334,34.833333333333336,30.0,54.61538461538461,60.0,26.933333333333337,Low Risk,0,Fast-Track Performers,1.276035778587179,-0.45681121613657377
33,0,Travel_Frequently,1303,Research & Development,7,2,Life Sciences,4,Male,36,3,2,Healthcare Representative,3,Divorced,5968,18079,1,No,20,4,3,3,9,2,3,9,7,2,8,0.2,0.7,0.2,0.8,0.2,0.3333333333333333,2.9825087456271864,3.0,3.5,9.799999999999999,0.345,2.5,3.25,0.37241379310344824,26.666666666666668,13.333333333333334,34.5,70.0,75.38461538461537,80.0,38.8,Medium Risk,0,Fast-Track Performers,1.0505648281464897,0.9066015915246918
43,0,Travel_Rarely,574,Research & Development,11,3,Life Sciences,1,Male,30,3,3,Healthcare Representative,3,Married,7510,16873,1,No,17,3,2,1,10,1,3,10,9,0,9,0.0,0.8181818181818182,0.09090909090909091,0.8181818181818182,0.2727272727272727,1.0,2.502499166944352,3.0,1.5,8.0,0.30454545454545456,2.6,2.25,0.26379310344827583,51.0,0.0,30.454545454545457,81.81818181818183,61.53846153846154,81.81818181818183,36.727272727272734,Medium Risk,4,Career Explorers,-0.5486201865555876,-0.5514643559482892
38,0,Travel_Frequently,1444,Human Resources,1,4,Other,4,Male,88,3,1,Human Resources,2,Married,2991,5224,0,Yes,11,3,2,1,7,2,3,6,2,1,2,0.14285714285714285,0.25,0.2857142857142857,0.2857142857142857,0.125,0.5,2.988011988011988,2.6666666666666665,3.0,5.9,0.24583333333333335,1.5999999999999999,2.7,0.7103448275862069,16.5,6.666666666666667,24.583333333333336,25.0,45.38461538461539,28.57142857142857,19.333333333333336,Low Risk,3,Stable Contributors,-0.06106773978632495,0.24040748675221404
55,0,Travel_Rarely,189,Human Resources,26,4,Human Resources,3,Male,71,4,5,Manager,2,Married,19636,25811,4,Yes,18,3,1,1,35,0,3,10,9,1,4,0.09090909090909091,0.25,0.0,0.36363636363636365,0.1388888888888889,0.5,3.9264147170565886,3.0,2.0,8.1,0.19431818181818183,3.9000000000000004,2.2,0.8189655172413793,27.0,6.666666666666667,19.431818181818183,25.0,62.30769230769231,36.36363636363637,17.272727272727273,Low Risk,3,Stable Contributors,-0.6082102944474729,-0.08293632773747854
31,0,Travel_Rarely,1276,Research & Development,2,1,Medical,4,Female,59,1,1,Laboratory Technician,4,Divorced,1129,17536,1,Yes,11,3,3,3,1,4,3,1,0,0,0,0.0,0.0,2.0,0.0,0.5,1.0,1.127872127872128,2.6666666666666665,3.5,6.5,0.13333333333333336,1.4000000000000001,3.5500000000000003,0.5706896551724139,33.0,0.0,13.333333333333336,0.0,50.0,0.0,5.333333333333335,Low Risk,2,High-Risk Stagnation,-2.786646262846358,1.1992926140641482
39,0,Travel_Rarely,119,Sales,15,4,Marketing,2,Male,77,3,4,Sales Executive,1,Single,13341,25098,0,No,12,3,1,0,21,3,3,20,8,11,10,0.5238095238095238,0.36363636363636365,0.14285714285714285,0.47619047619047616,0.18181818181818182,0.08333333333333333,3.334416395901025,2.3333333333333335,1.5,6.600000000000001,0.4409090909090909,2.9,1.6500000000000001,0.30517241379310345,3.0,73.33333333333333,44.09090909090909,36.36363636363637,50.76923076923078,47.61904761904761,50.54545454545455,Medium Risk,0,Fast-Track Performers,2.358147108083826,-1.6809695616890303
42,0,Non-Travel,335,Research & Development,23,2,Life Sciences,4,Male,37,2,2,Research Scientist,3,Single,4332,14811,1,No,12,3,4,0,20,2,3,20,9,3,7,0.14285714285714285,0.42857142857142855,0.09523809523809523,0.3333333333333333,0.09523809523809523,0.25,2.1649175412293853,2.6666666666666665,4.0,6.300000000000001,0.2904761904761905,1.6,3.5,0.23793103448275862,9.0,20.0,29.04761904761905,42.857142857142854,48.46153846153847,33.33333333333333,30.476190476190474,Low Risk,3,Stable Contributors,0.8066802089474974,1.1533737963129247
31,0,Non-Travel,697,Research & Development,10,3,Medical,3,Female,40,3,3,Research Director,3,Married,11031,26862,4,No,20,4,3,1,13,2,4,11,7,4,8,0.3333333333333333,0.5,0.16666666666666666,0.6666666666666666,0.21428571428571427,0.2,3.675774741752749,3.3333333333333335,3.0,9.799999999999999,0.3083333333333333,2.6,3.2,0.10344827586206896,16.0,26.666666666666668,30.83333333333333,50.0,75.38461538461537,66.66666666666666,35.33333333333333,Medium Risk,0,Fast-Track Performers,1.1136730195880034,1.4162452198851032
54,0,Travel_Rarely,157,Research & Development,10,3,Medical,3,Female,77,3,2,Manufacturing Director,1,Single,4440,25198,6,Yes,19,3,4,0,9,3,3,5,2,1,4,0.16666666666666666,0.2,0.5,0.6666666666666666,0.2,0.5,2.2188905547226385,2.3333333333333335,3.5,9.4,0.275,1.9,2.65,0.653448275862069,28.5,6.666666666666667,27.500000000000004,20.0,72.3076923076923,66.66666666666666,19.0,Low Risk,4,Career Explorers,-0.08719643884539785,-0.667198674278384
24,0,Travel_Rarely,771,Research & Development,1,2,Life Sciences,2,Male,45,2,2,Healthcare Representative,3,Single,4617,14120,1,No,12,3,2,0,4,2,2,4,3,1,2,0.2,0.6,0.4,0.4,0.4,0.5,2.3073463268365817,2.3333333333333335,2.0,6.300000000000001,0.3866666666666666,1.6,2.3,0.16034482758620688,18.0,6.666666666666667,38.66666666666666,60.0,48.46153846153847,40.0,35.46666666666666,Medium Risk,4,Career Explorers,0.7081278586772316,-1.0106319179559196
23,0,Travel_Rarely,571,Research & Development,12,2,Other,4,Male,78,3,1,Laboratory Technician,4,Single,2647,13672,1,No,13,3,3,0,5,6,4,5,2,1,4,0.16666666666666666,0.3333333333333333,1.0,0.6666666666666666,0.16666666666666666,0.5,2.6443556443556444,3.6666666666666665,3.5,7.9,0.17500000000000002,1.4,3.75,0.27413793103448275,19.5,6.666666666666667,17.5,33.33333333333333,60.769230769230774,66.66666666666666,19.0,Low Risk,3,Stable Contributors,-0.18211106406215774,2.807510246438618
40,0,Travel_Frequently,692,Research & Development,11,3,Technical Degree,4,Female,73,3,2,Laboratory Technician,3,Married,6323,26849,1,No,11,3,1,1,10,2,4,10,9,9,4,0.8181818181818182,0.8181818181818182,0.18181818181818182,0.36363636363636365,0.18181818181818182,0.1,3.15992003998001,3.3333333333333335,2.5,5.9,0.5575757575757576,2.1,2.95,0.41379310344827586,3.3,60.0,55.757575757575765,81.81818181818183,45.38461538461539,36.36363636363637,64.84848484848486,Medium Risk,0,Fast-Track Performers,3.486316864305977,1.3532880894565094
40,0,Travel_Rarely,444,Sales,2,2,Marketing,2,Female,92,3,2,Sales Executive,2,Married,5677,4258,3,No,14,3,3,1,15,4,3,11,8,5,10,0.4166666666666667,0.5,0.3333333333333333,0.8333333333333334,0.125,0.16666666666666666,2.837081459270365,2.6666666666666665,2.5,7.700000000000001,0.40416666666666673,2.1,2.45,0.1706896551724138,7.0,33.33333333333333,40.41666666666667,50.0,59.23076923076924,83.33333333333334,41.166666666666664,Medium Risk,0,Fast-Track Performers,2.3107376588600324,-0.3403400309566691
25,0,Travel_Rarely,309,Human Resources,2,3,Human Resources,3,Female,82,3,1,Human Resources,2,Married,2187,19655,4,No,14,3,3,0,6,3,3,2,0,1,2,0.3333333333333333,0.0,1.0,0.6666666666666666,0.14285714285714285,0.5,2.184815184815185,2.6666666666666665,3.0,7.4,0.25,1.4,2.7,0.1706896551724138,21.0,6.666666666666667,25.0,0.0,56.92307692307692,66.66666666666666,12.0,Low Risk,3,Stable Contributors,0.16621751753694033,-0.005412678519071956
30,0,Travel_Rarely,911,Research & Development,1,2,Medical,4,Male,76,3,1,Laboratory Technician,2,Married,3748,4077,1,No,13,3,3,0,12,6,2,12,8,1,7,0.07692307692307693,0.6153846153846154,0.46153846153846156,0.5384615384615384,0.07692307692307693,0.5,3.744255744255744,2.3333333333333335,3.5,7.9,0.3474358974358974,1.4,2.75,0.16034482758620688,19.5,6.666666666666667,34.743589743589745,61.53846153846154,60.769230769230774,53.84615384615385,34.35897435897436,Medium Risk,4,Career Explorers,0.7981786337923321,-0.636071979214902
25,0,Travel_Rarely,977,Research & Development,2,1,Other,4,Male,57,3,1,Laboratory Technician,3,Divorced,3977,7298,6,Yes,19,3,3,1,7,2,2,2,2,0,2,0.0,0.25,0.6666666666666666,0.6666666666666666,0.125,1.0,3.973026973026973,2.6666666666666665,3.5,9.100000000000001,0.19583333333333336,1.5999999999999999,3.05,0.5706896551724139,57.0,0.0,19.583333333333336,25.0,70.0,66.66666666666666,15.333333333333336,Low Risk,1,Promotion-Stalled,-1.7330010895626118,0.03382905968503794
47,0,Travel_Rarely,1180,Research & Development,25,3,Medical,1,Male,84,3,3,Healthcare Representative,3,Single,8633,13084,2,No,23,4,2,0,25,3,3,17,14,12,11,0.6666666666666666,0.5384615384615384,0.16666666666666666,0.6111111111111112,0.11538461538461539,0.07692307692307693,2.8767077640786405,3.0,1.5,11.3,0.46794871794871795,2.4,2.25,0.4086206896551724,7.076923076923077,80.0,46.794871794871796,53.84615384615385,86.92307692307692,61.111111111111114,58.87179487179487,Medium Risk,0,Fast-Track Performers,2.6656756211500587,-0.3832542865551807
33,0,Non-Travel,1313,Research & Development,1,2,Medical,2,Male,59,2,1,Laboratory Technician,3,Divorced,2008,20439,1,No,12,3,3,3,1,2,2,1,1,0,0,0.0,0.5,1.0,0.0,0.5,1.0,2.005994005994006,2.3333333333333335,2.5,6.300000000000001,0.29166666666666663,1.7000000000000002,2.55,0.010344827586206896,36.0,0.0,29.166666666666664,50.0,48.46153846153847,0.0,26.666666666666664,Low Risk,2,High-Risk Stagnation,-1.599142687917155,-0.8944331943724961
38,0,Travel_Rarely,1321,Sales,1,4,Life Sciences,4,Male,86,3,2,Sales Executive,2,Married,4440,7636,0,No,15,3,1,2,16,3,3,15,13,5,8,0.3125,0.7647058823529411,0.1875,0.5,0.11764705882352941,0.16666666666666666,2.2188905547226385,2.6666666666666665,2.5,7.800000000000001,0.43388480392156864,2.3,2.45,0.16034482758620688,7.5,33.33333333333333,43.388480392156865,76.47058823529412,60.00000000000001,50.0,50.29656862745098,Medium Risk,0,Fast-Track Performers,2.2198276510011086,-0.42853852258119385
31,0,Travel_Rarely,1154,Sales,2,2,Life Sciences,1,Male,54,3,1,Sales Representative,3,Married,3067,6393,0,No,19,3,3,1,3,1,3,2,2,1,2,0.3333333333333333,0.5,0.3333333333333333,0.6666666666666666,0.25,0.5,3.063936063936064,3.0,2.0,8.8,0.3416666666666667,1.5999999999999999,2.5,0.1706896551724138,28.5,6.666666666666667,34.166666666666664,50.0,67.6923076923077,66.66666666666666,30.666666666666664,Low Risk,0,Fast-Track Performers,0.6757744237412763,-0.040927276650849914
38,0,Travel_Frequently,508,Research & Development,6,4,Life Sciences,1,Male,72,2,2,Manufacturing Director,3,Married,5321,14284,2,No,11,3,4,1,10,1,3,8,3,7,7,0.7777777777777778,0.2727272727272727,0.1111111111111111,0.7777777777777778,0.18181818181818182,0.125,2.659170414792604,2.6666666666666665,2.5,5.6,0.47373737373737373,1.8,2.75,0.3620689655172414,4.125,46.666666666666664,47.37373737373737,27.27272727272727,43.07692307692307,77.77777777777779,41.13131313131313,Medium Risk,0,Fast-Track Performers,2.9569767516752585,0.2788585260401401
42,0,Travel_Rarely,557,Research & Development,18,4,Life Sciences,4,Male,35,3,2,Research Scientist,1,Divorced,5410,11189,6,Yes,17,3,3,1,9,3,2,4,3,1,2,0.2,0.3,0.6,0.4,0.2,0.5,2.703648175912044,2.0,3.5,8.600000000000001,0.345,2.1,2.4499999999999997,0.7362068965517242,25.5,6.666666666666667,34.5,30.0,66.15384615384616,40.0,24.8,Low Risk,4,Career Explorers,0.21605124627375766,-1.379300644541464
41,0,Travel_Rarely,642,Research & Development,1,3,Life Sciences,4,Male,76,3,1,Research Scientist,4,Married,2782,21412,3,No,22,4,1,1,12,3,3,5,3,1,0,0.16666666666666666,0.23076923076923078,0.5,0.0,0.07692307692307693,0.5,2.779220779220779,3.3333333333333335,2.5,10.9,0.18269230769230768,1.5999999999999999,3.0500000000000003,0.16034482758620688,44.0,6.666666666666667,18.269230769230766,23.076923076923077,83.84615384615385,0.0,16.23076923076923,Low Risk,1,Promotion-Stalled,-1.3773665302766545,0.9371383056253673
47,0,Non-Travel,1162,Research & Development,1,1,Medical,3,Female,98,3,3,Research Director,2,Married,11957,17231,0,No,18,3,1,2,14,3,1,13,8,5,12,0.35714285714285715,0.5333333333333333,0.21428571428571427,0.8571428571428571,0.2,0.16666666666666666,3.984338553815395,2.0,2.0,9.0,0.4583333333333333,2.8,1.8,0.010344827586206896,9.0,33.33333333333333,45.83333333333333,53.333333333333336,69.23076923076923,85.71428571428571,44.33333333333333,Medium Risk,4,Career Explorers,2.372367990749446,-2.322592085216281
35,0,Travel_Rarely,1490,Research & Development,11,4,Medical,4,Male,43,3,1,Laboratory Technician,3,Married,2660,20232,7,Yes,11,3,3,1,5,3,3,2,2,2,2,0.6666666666666666,0.3333333333333333,1.0,0.6666666666666666,0.16666666666666666,0.3333333333333333,2.6573426573426575,3.0,3.5,6.200000000000001,0.41666666666666663,1.5999999999999999,3.25,0.6637931034482759,11.0,13.333333333333334,41.666666666666664,33.33333333333333,47.6923076923077,66.66666666666666,30.666666666666664,Low Risk,0,Fast-Track Performers,2.046746543720792,1.3559744646609588
22,0,Travel_Rarely,581,Research & Development,1,2,Life Sciences,4,Male,63,3,1,Research Scientist,3,Single,3375,17624,0,No,12,3,4,0,4,2,4,3,2,1,2,0.25,0.4,0.5,0.5,0.2,0.5,3.3716283716283715,3.3333333333333335,4.0,6.300000000000001,0.25416666666666665,1.4,3.7,0.16034482758620688,18.0,6.666666666666667,25.416666666666664,40.0,48.46153846153847,50.0,24.166666666666664,Low Risk,3,Stable Contributors,0.2620205263923746,2.29941261550899
35,0,Travel_Rarely,1395,Research & Development,9,4,Medical,2,Male,48,3,2,Research Scientist,3,Single,5098,18698,1,No,19,3,2,0,10,5,3,10,7,0,8,0.0,0.6363636363636364,0.45454545454545453,0.7272727272727273,0.18181818181818182,1.0,2.547726136931534,3.0,2.0,10.000000000000002,0.2590909090909091,1.9,2.5,0.24310344827586206,57.0,0.0,25.90909090909091,63.63636363636363,76.92307692307693,72.72727272727273,29.454545454545453,Low Risk,1,Promotion-Stalled,-1.1295698781841494,-0.4163360297540802
33,0,Travel_Rarely,501,Research & Development,15,2,Medical,2,Female,95,3,2,Healthcare Representative,4,Married,4878,21653,0,Yes,13,3,1,1,10,6,3,9,7,8,1,0.8,0.6363636363636364,0.6,0.1,0.18181818181818182,0.1111111111111111,2.4377811094452775,3.3333333333333335,1.5,7.9,0.5057575757575757,2.1,2.55,0.7051724137931035,4.333333333333333,53.333333333333336,50.57575757575757,63.63636363636363,60.769230769230774,10.0,55.32121212121213,Medium Risk,0,Fast-Track Performers,2.6776922491877992,0.7999833579575093
32,0,Travel_Rarely,267,Research & Development,29,4,Life Sciences,3,Female,49,2,1,Laboratory Technician,2,Single,2837,15919,1,No,13,3,3,0,6,3,3,6,2,4,1,0.5714285714285714,0.2857142857142857,0.42857142857142855,0.14285714285714285,0.14285714285714285,0.2,2.8341658341658342,2.3333333333333335,3.0,7.0,0.4380952380952381,1.1,2.7,0.44999999999999996,7.8,26.666666666666668,43.80952380952381,28.57142857142857,53.84615384615385,14.285714285714285,34.095238095238095,Medium Risk,0,Fast-Track Performers,1.733308990440856,-0.4218278796236834
40,0,Travel_Rarely,543,Research & Development,1,4,Life Sciences,1,Male,83,3,1,Laboratory Technician,4,Married,2406,4060,8,No,19,3,3,2,8,3,2,1,0,0,0,0.0,0.0,1.5,0.0,0.1111111111111111,1.0,2.4035964035964037,3.0,2.0,9.4,0.1,1.7999999999999998,2.6,0.16034482758620688,57.0,0.0,10.0,0.0,72.3076923076923,0.0,4.0,Low Risk,1,Promotion-Stalled,-3.011726839722396,-0.11764236731757251
32,0,Travel_Rarely,234,Sales,1,4,Medical,2,Male,68,2,1,Sales Representative,2,Married,2269,18024,0,No,14,3,2,1,3,2,3,2,2,2,2,0.6666666666666666,0.5,0.6666666666666666,0.6666666666666666,0.25,0.3333333333333333,2.266733266733267,2.3333333333333335,2.0,7.1,0.5249999999999999,1.3,2.2,0.16034482758620688,14.0,13.333333333333334,52.49999999999999,50.0,54.61538461538461,66.66666666666666,40.0,Medium Risk,0,Fast-Track Performers,2.5461959236280256,-1.2575311127359978
39,0,Travel_Rarely,116,Research & Development,24,1,Life Sciences,1,Male,52,3,2,Research Scientist,4,Single,4108,5340,7,No,13,3,1,0,18,2,3,7,7,1,7,0.125,0.3684210526315789,0.25,0.875,0.10526315789473684,0.5,2.052973513243378,3.3333333333333335,1.0,6.699999999999999,0.20252192982456138,1.9,2.3,0.3982758620689655,19.5,6.666666666666667,20.252192982456137,36.84210526315789,51.53846153846153,87.5,21.153508771929822,Low Risk,3,Stable Contributors,0.3461758235234293,0.5781327395734532
38,0,Travel_Rarely,201,Research & Development,10,3,Medical,2,Female,99,1,3,Research Director,3,Married,13206,3376,3,No,12,3,1,1,20,3,3,18,16,1,11,0.05263157894736842,0.7619047619047619,0.15789473684210525,0.5789473684210527,0.14285714285714285,0.5,4.400533155614795,2.3333333333333335,1.5,6.600000000000001,0.3755639097744361,2.0,2.25,0.253448275862069,18.0,6.666666666666667,37.55639097744361,76.19047619047619,50.76923076923078,57.89473684210527,39.8796992481203,Medium Risk,4,Career Explorers,1.105822327711877,-1.1491227559343626
32,0,Travel_Rarely,801,Sales,1,4,Marketing,3,Female,48,3,3,Sales Executive,4,Married,10422,24032,1,No,19,3,3,2,14,3,3,14,10,5,7,0.3333333333333333,0.6666666666666666,0.2,0.4666666666666667,0.2,0.16666666666666666,3.472842385871376,3.3333333333333335,3.0,9.4,0.35,2.8,3.3000000000000003,0.16034482758620688,9.5,33.33333333333333,35.0,66.66666666666666,72.3076923076923,46.666666666666664,44.0,Medium Risk,0,Fast-Track Performers,1.4612648402711836,1.5777619578466622
37,0,Travel_Rarely,161,Research & Development,10,3,Life Sciences,3,Female,42,4,3,Research Director,4,Married,13744,15471,1,Yes,25,4,1,1,16,2,3,16,11,6,8,0.35294117647058826,0.6470588235294118,0.11764705882352941,0.47058823529411764,0.17647058823529413,0.14285714285714285,4.579806731089636,3.6666666666666665,2.0,11.799999999999999,0.31862745098039214,2.9000000000000004,2.8000000000000003,0.653448275862069,14.285714285714286,40.0,31.862745098039213,64.70588235294117,90.76923076923076,47.05882352941176,44.15686274509804,Medium Risk,0,Fast-Track Performers,1.1772252879661191,1.358466860855297
25,0,Travel_Rarely,1382,Sales,8,2,Other,1,Female,85,3,2,Sales Executive,3,Divorced,4907,13684,0,Yes,22,4,2,1,6,3,2,5,3,0,4,0.0,0.42857142857142855,0.5,0.6666666666666666,0.2857142857142857,1.0,2.452273863068466,2.6666666666666665,1.5,10.9,0.2404761904761905,2.1,2.05,0.6327586206896552,88.0,0.0,24.04761904761905,42.857142857142854,83.84615384615385,66.66666666666666,22.476190476190474,Low Risk,1,Promotion-Stalled,-2.232794553205883,-1.59055781298055
52,0,Non-Travel,585,Sales,29,4,Life Sciences,1,Male,40,3,1,Sales Representative,4,Divorced,3482,19788,2,No,15,3,2,2,16,3,2,9,8,0,0,0.0,0.47058823529411764,0.3,0.0,0.058823529411764705,1.0,3.4785214785214786,3.0,1.5,7.800000000000001,0.21764705882352942,1.7999999999999998,2.35,0.3,45.0,0.0,21.764705882352942,47.05882352941176,60.00000000000001,0.0,22.823529411764703,Low Risk,1,Promotion-Stalled,-1.656362268473804,-0.3491351746937868
44,0,Travel_Rarely,1037,Research & Development,1,3,Medical,2,Male,42,3,1,Research Scientist,4,Single,2436,13422,6,Yes,12,3,3,0,6,2,3,4,3,1,2,0.2,0.42857142857142855,0.4,0.4,0.14285714285714285,0.5,2.4335664335664338,3.3333333333333335,2.5,6.300000000000001,0.24380952380952378,1.4,3.0500000000000003,0.560344827586207,18.0,6.666666666666667,24.38095238095238,42.857142857142854,48.46153846153847,40.0,24.609523809523807,Low Risk,3,Stable Contributors,0.1777949882830488,1.5638848132207934
21,0,Travel_Rarely,501,Sales,5,1,Medical,3,Male,58,3,1,Sales Representative,1,Single,2380,25479,1,Yes,11,3,4,0,2,6,3,2,2,1,2,0.3333333333333333,0.6666666666666666,2.0,0.6666666666666666,0.3333333333333333,0.5,2.3776223776223775,2.3333333333333335,3.5,7.1,0.44999999999999996,1.4,2.65,0.6017241379310345,16.5,6.666666666666667,44.99999999999999,66.66666666666666,54.61538461538461,66.66666666666666,39.99999999999999,Medium Risk,0,Fast-Track Performers,1.5266560574107613,-0.5668882095311071
39,0,Non-Travel,105,Research & Development,9,3,Life Sciences,4,Male,87,3,5,Manager,4,Single,19431,15302,2,No,13,3,3,0,21,3,2,6,0,1,3,0.14285714285714285,0.0,0.42857142857142855,0.42857142857142855,0.22727272727272727,0.5,3.8854229154169166,3.0,3.5,7.0,0.15,3.4,3.35,0.09310344827586207,19.5,6.666666666666667,15.0,0.0,53.84615384615385,42.857142857142854,8.0,Low Risk,3,Stable Contributors,-0.85349866601206,1.4187348909782873
23,1,Travel_Frequently,638,Sales,9,3,Marketing,4,Male,33,3,1,Sales Representative,1,Married,1790,26956,1,No,19,3,1,1,1,3,2,1,0,1,0,0.5,0.0,1.5,0.0,0.5,0.5,1.7882117882117883,2.0,2.5,9.4,0.375,1.5999999999999999,1.9500000000000002,0.3931034482758621,28.5,6.666666666666667,37.5,0.0,72.3076923076923,0.0,17.0,Low Risk,2,High-Risk Stagnation,-0.3820992636366416,-2.1129673919229974
36,0,Travel_Rarely,557,Sales,3,3,Medical,1,Female,94,2,3,Sales Executive,4,Married,7644,12695,0,No,19,3,3,2,10,2,3,9,7,3,4,0.3,0.6363636363636364,0.2,0.4,0.2727272727272727,0.25,2.547150949683439,3.0,2.0,9.100000000000001,0.36409090909090913,2.5,2.8000000000000003,0.1810344827586207,14.25,20.0,36.409090909090914,63.63636363636363,70.0,40.0,39.654545454545456,Medium Risk,0,Fast-Track Performers,1.1410269547094847,0.44241656664526147
36,0,Travel_Frequently,688,Research & Development,4,2,Life Sciences,4,Female,97,3,2,Manufacturing Director,2,Divorced,5131,9192,7,No,13,3,2,3,18,3,3,4,2,0,2,0.0,0.10526315789473684,0.6,0.4,0.10526315789473684,1.0,2.5642178910544726,2.6666666666666665,3.0,7.0,0.15964912280701757,2.5,2.7,0.3413793103448276,39.0,0.0,15.964912280701757,10.526315789473683,53.84615384615385,40.0,9.543859649122808,Low Risk,3,Stable Contributors,-1.770073237353127,-0.14985769401611074
56,0,Non-Travel,667,Research & Development,1,4,Life Sciences,3,Male,57,3,2,Healthcare Representative,3,Divorced,6306,26236,1,No,21,4,1,1,13,2,2,13,12,1,9,0.07142857142857142,0.8571428571428571,0.14285714285714285,0.6428571428571429,0.14285714285714285,0.5,3.151424287856072,2.6666666666666665,2.0,10.2,0.3726190476190476,2.1,2.3,0.010344827586206896,42.0,6.666666666666667,37.26190476190476,85.71428571428571,78.46153846153847,64.28571428571429,42.61904761904762,Medium Risk,4,Career Explorers,0.5958055613894675,-1.1290937097864806
29,1,Travel_Rarely,1092,Research & Development,1,4,Medical,1,Male,36,3,1,Research Scientist,4,Married,4787,26124,9,Yes,14,3,2,3,4,3,4,2,2,2,2,0.6666666666666666,0.4,1.0,0.6666666666666666,0.2,0.3333333333333333,4.782217782217782,3.6666666666666665,1.5,7.4,0.36666666666666664,2.0,2.75,0.560344827586207,14.0,13.333333333333334,36.666666666666664,40.0,56.92307692307692,66.66666666666666,30.666666666666664,Low Risk,0,Fast-Track Performers,1.7342848259359223,1.5870902967413052
42,0,Travel_Rarely,300,Research & Development,2,3,Life Sciences,1,Male,56,3,5,Manager,3,Married,18880,17312,5,No,11,3,1,0,24,2,2,22,6,4,14,0.17391304347826086,0.24,0.08695652173913043,0.6086956521739131,0.2,0.2,3.775244951009798,2.6666666666666665,1.0,5.9,0.25420289855072464,3.4,1.7999999999999998,0.1706896551724138,6.6,26.666666666666668,25.420289855072465,24.0,45.38461538461539,60.86956521739131,25.368115942028986,Low Risk,4,Career Explorers,0.871916819026902,-0.8660851428064837
56,1,Travel_Rarely,310,Research & Development,7,2,Technical Degree,4,Male,72,3,1,Laboratory Technician,3,Married,2339,3666,8,No,11,3,4,1,14,4,1,10,9,9,8,0.8181818181818182,0.6,0.36363636363636365,0.7272727272727273,0.06666666666666667,0.1,2.3366633366633365,2.3333333333333335,4.0,6.5,0.603030303030303,1.5999999999999999,3.1,0.22241379310344828,3.3,60.0,60.303030303030305,60.0,50.0,72.72727272727273,60.121212121212125,Medium Risk,0,Fast-Track Performers,3.974230153032528,-0.03663561361507425
41,0,Travel_Rarely,582,Research & Development,28,4,Life Sciences,1,Female,60,2,4,Manufacturing Director,2,Married,13570,5640,0,No,23,4,3,1,21,3,3,20,7,0,10,0.0,0.3181818181818182,0.14285714285714285,0.47619047619047616,0.18181818181818182,1.0,3.3916520869782554,2.3333333333333335,2.0,11.3,0.24621212121212122,2.8000000000000003,2.2,0.43965517241379315,92.0,0.0,24.62121212121212,31.818181818181817,86.92307692307692,47.61904761904761,19.393939393939394,Low Risk,1,Promotion-Stalled,-2.458644852532398,-2.0276269560468445
34,0,Travel_Rarely,704,Sales,28,3,Marketing,4,Female,95,2,2,Sales Executive,3,Married,6712,8978,1,No,21,4,4,2,8,2,3,8,7,1,7,0.1111111111111111,0.7777777777777778,0.2222222222222222,0.7777777777777778,0.2222222222222222,0.5,3.3543228385807096,2.6666666666666665,4.0,10.2,0.3666666666666667,2.0,3.5,0.43965517241379315,42.0,6.666666666666667,36.66666666666667,77.77777777777779,78.46153846153847,77.77777777777779,40.00000000000001,Medium Risk,3,Stable Contributors,0.50451323669335,0.5528037807718252
36,0,Non-Travel,301,Sales,15,4,Marketing,4,Male,88,1,2,Sales Executive,4,Divorced,5406,10436,1,No,24,4,1,1,15,4,2,15,12,11,11,0.6875,0.75,0.25,0.6875,0.125,0.08333333333333333,2.7016491754122938,2.3333333333333335,2.5,12.0,0.5947916666666666,1.5,2.85,0.15517241379310345,8.0,73.33333333333333,59.47916666666666,75.0,92.3076923076923,68.75,68.29166666666666,High Risk,0,Fast-Track Performers,3.4357339485409923,-0.8432449170236069
41,0,Travel_Rarely,930,Sales,3,3,Life Sciences,3,Male,57,2,2,Sales Executive,2,Divorced,8938,12227,2,No,11,3,3,1,14,5,3,5,4,0,4,0.0,0.26666666666666666,0.8333333333333334,0.6666666666666666,0.13333333333333333,1.0,4.466766616691654,2.3333333333333335,3.0,6.800000000000001,0.23333333333333334,1.8,2.7,0.1810344827586207,33.0,0.0,23.333333333333332,26.666666666666668,52.307692307692314,66.66666666666666,17.333333333333336,Low Risk,4,Career Explorers,-0.9308057862661439,-0.6762686789834667
32,0,Travel_Rarely,529,Research & Development,2,3,Technical Degree,4,Male,78,3,1,Research Scientist,1,Single,2439,11288,1,No,14,3,4,0,4,4,3,4,2,1,2,0.2,0.4,0.8,0.4,0.2,0.5,2.4365634365634365,2.3333333333333335,4.0,7.700000000000001,0.33666666666666667,1.4,2.9,0.1706896551724138,21.0,6.666666666666667,33.666666666666664,40.0,59.23076923076924,40.0,27.46666666666667,Low Risk,4,Career Explorers,0.39181701286219056,-0.3743108162260758
35,0,Travel_Rarely,1146,Human Resources,26,4,Life Sciences,3,Female,31,3,3,Human Resources,4,Single,8837,16642,1,Yes,16,3,3,0,9,2,3,9,0,1,7,0.1,0.0,0.2,0.7,0.3,0.5,2.9446851049650116,3.3333333333333335,3.0,7.9,0.10166666666666666,2.4,3.3000000000000003,0.8189655172413793,24.0,6.666666666666667,10.166666666666666,0.0,60.769230769230774,70.0,6.066666666666666,Low Risk,3,Stable Contributors,-1.1106347729250248,2.0022744411484723
38,0,Travel_Rarely,345,Sales,10,2,Life Sciences,1,Female,100,3,2,Sales Executive,4,Married,5343,5982,1,No,11,3,3,1,10,1,3,10,7,1,9,0.09090909090909091,0.6363636363636364,0.09090909090909091,0.8181818181818182,0.18181818181818182,0.5,2.6701649175412294,3.3333333333333335,2.0,5.6,0.25757575757575757,2.1,2.8000000000000003,0.253448275862069,16.5,6.666666666666667,25.757575757575758,63.63636363636363,43.07692307692307,81.81818181818183,31.393939393939394,Low Risk,3,Stable Contributors,0.7353025818733399,1.228170458961873
50,1,Travel_Frequently,878,Sales,1,4,Life Sciences,2,Male,94,3,2,Sales Executive,3,Divorced,6728,14255,7,No,12,3,4,2,12,3,3,6,3,0,1,0.0,0.23076923076923078,0.42857142857142855,0.14285714285714285,0.15384615384615385,1.0,3.36231884057971,3.0,3.0,6.600000000000001,0.1576923076923077,2.3,3.0,0.3103448275862069,36.0,0.0,15.769230769230768,23.076923076923077,50.76923076923078,14.285714285714285,13.23076923076923,Low Risk,3,Stable Contributors,-1.9177916598751705,0.7490610626176578
36,0,Travel_Rarely,1120,Sales,11,4,Marketing,2,Female,100,2,2,Sales Executive,4,Married,6652,14369,4,No,13,3,1,1,8,2,2,6,3,0,0,0.0,0.3333333333333333,0.2857142857142857,0.0,0.2222222222222222,1.0,3.3243378310844576,2.6666666666666665,1.5,6.699999999999999,0.21666666666666667,1.8,2.35,0.26379310344827583,39.0,0.0,21.666666666666668,33.33333333333333,51.53846153846153,0.0,18.666666666666664,Low Risk,2,High-Risk Stagnation,-1.8115279379983724,-0.6493144931570362
45,0,Travel_Rarely,374,Sales,20,3,Life Sciences,4,Female,50,3,2,Sales Executive,3,Single,4850,23333,8,No,15,3,3,0,8,3,3,5,3,0,1,0.0,0.3333333333333333,0.5,0.16666666666666666,0.2222222222222222,1.0,2.4237881059470263,3.0,3.5,7.800000000000001,0.18333333333333335,1.9,3.25,0.3568965517241379,45.0,0.0,18.333333333333336,33.33333333333333,60.00000000000001,16.666666666666664,17.333333333333332,Low Risk,3,Stable Contributors,-2.030656102167985,0.907578462716931
40,0,Travel_Rarely,1322,Research & Development,2,4,Life Sciences,3,Male,52,2,1,Research Scientist,3,Single,2809,2725,2,No,14,3,4,0,8,2,3,2,2,2,2,0.6666666666666666,0.2222222222222222,0.6666666666666666,0.6666666666666666,0.1111111111111111,0.3333333333333333,2.8061938061938063,2.6666666666666665,3.5,7.1,0.4222222222222222,1.1,3.25,0.1706896551724138,14.0,13.333333333333334,42.22222222222222,22.22222222222222,54.61538461538461,66.66666666666666,27.555555555555557,Low Risk,0,Fast-Track Performers,1.9507264662541497,0.6384518629098778
35,0,Travel_Frequently,1199,Research & Development,18,4,Life Sciences,3,Male,80,3,2,Healthcare Representative,3,Married,5689,24594,1,Yes,14,3,4,2,10,2,4,10,2,0,2,0.0,0.18181818181818182,0.18181818181818182,0.18181818181818182,0.18181818181818182,1.0,2.843078460769615,3.3333333333333335,3.5,7.1,0.11212121212121211,2.3,3.45,0.8862068965517241,42.0,0.0,11.212121212121211,18.181818181818183,54.61538461538461,18.181818181818183,9.93939393939394,Low Risk,3,Stable Contributors,-2.352023177160194,1.9289351467361533
40,0,Travel_Rarely,1194,Research & Development,2,4,Medical,3,Female,98,3,1,Research Scientist,3,Married,2001,12549,2,No,14,3,2,3,20,2,3,5,3,0,2,0.0,0.14285714285714285,0.3333333333333333,0.3333333333333333,0.047619047619047616,1.0,1.999000999000999,3.0,2.5,7.1,0.13571428571428573,2.0,2.75,0.1706896551724138,42.0,0.0,13.571428571428573,14.285714285714285,54.61538461538461,33.33333333333333,9.714285714285715,Low Risk,3,Stable Contributors,-1.9023588476264566,0.3192027008083063
35,0,Travel_Rarely,287,Research & Development,1,4,Life Sciences,3,Female,62,1,1,Research Scientist,4,Married,2977,8952,1,No,12,3,4,1,4,5,3,4,3,1,1,0.2,0.6,1.0,0.2,0.2,0.5,2.9740259740259742,2.6666666666666665,3.5,7.200000000000001,0.35333333333333333,1.0,3.5500000000000003,0.16034482758620688,18.0,6.666666666666667,35.333333333333336,60.0,55.38461538461539,20.0,34.13333333333333,Medium Risk,3,Stable Contributors,0.5001746817163001,0.948015072626875
29,0,Travel_Rarely,1378,Research & Development,13,2,Other,4,Male,46,2,2,Laboratory Technician,2,Married,4025,23679,4,Yes,13,3,1,1,10,2,3,4,3,0,3,0.0,0.2727272727272727,0.4,0.6,0.18181818181818182,1.0,2.0114942528735633,2.3333333333333335,2.5,6.699999999999999,0.23484848484848483,1.8,2.45,0.6844827586206896,39.0,0.0,23.484848484848484,27.27272727272727,51.53846153846153,60.0,17.575757575757574,Low Risk,4,Career Explorers,-1.1570410034808687,-0.8843868478325356
29,0,Travel_Rarely,468,Research & Development,28,4,Medical,4,Female,73,2,1,Research Scientist,1,Single,3785,8489,1,No,14,3,2,0,5,3,1,5,4,0,4,0.0,0.6666666666666666,0.5,0.6666666666666666,0.16666666666666666,1.0,3.781218781218781,1.3333333333333333,3.0,7.4,0.43333333333333335,1.1,2.0,0.43965517241379315,42.0,0.0,43.333333333333336,66.66666666666666,56.92307692307692,66.66666666666666,37.33333333333333,Medium Risk,4,Career Explorers,0.1233344210043401,-3.259427880996947
50,1,Travel_Rarely,410,Sales,28,3,Marketing,4,Male,39,2,3,Sales Executive,1,Divorced,10854,16586,4,Yes,13,3,2,1,20,3,3,3,2,2,0,0.5,0.09523809523809523,0.75,0.0,0.14285714285714285,0.3333333333333333,3.6167944018660445,2.0,3.0,7.0,0.39880952380952384,2.3000000000000003,2.4000000000000004,0.8396551724137932,13.0,13.333333333333334,39.88095238095239,9.523809523809524,53.84615384615385,0.0,22.809523809523814,Low Risk,0,Fast-Track Performers,0.8885783432491573,-1.2090266585744434
39,0,Travel_Rarely,722,Sales,24,1,Marketing,2,Female,60,2,4,Sales Executive,4,Married,12031,8828,0,No,11,3,1,1,21,2,2,20,9,9,6,0.42857142857142855,0.4090909090909091,0.09523809523809523,0.2857142857142857,0.18181818181818182,0.1,3.0069982504373907,2.6666666666666665,1.5,5.9,0.3856060606060606,2.8000000000000003,2.35,0.3982758620689655,3.3,60.0,38.56060606060606,40.909090909090914,45.38461538461539,28.57142857142857,45.696969696969695,Medium Risk,0,Fast-Track Performers,1.8098886822279328,-0.20288950123452454
31,0,Non-Travel,325,Research & Development,5,3,Medical,2,Male,74,3,2,Manufacturing Director,1,Single,9936,3787,0,No,19,3,2,0,10,2,3,9,4,1,7,0.1,0.36363636363636365,0.2,0.7,0.18181818181818182,0.5,4.9655172413793105,2.3333333333333335,2.0,9.100000000000001,0.2925757575757576,1.9,1.9000000000000001,0.05172413793103448,28.5,6.666666666666667,29.25757575757576,36.36363636363637,70.0,70.0,24.612121212121217,Low Risk,4,Career Explorers,0.18092178906858222,-1.7925295504301288
26,0,Travel_Rarely,1167,Sales,5,3,Other,4,Female,30,2,1,Sales Representative,3,Single,2966,21378,0,No,18,3,4,0,5,2,3,4,2,0,0,0.0,0.3333333333333333,0.4,0.0,0.16666666666666666,1.0,2.963036963036963,2.6666666666666665,4.0,8.7,0.21666666666666667,1.1,3.5,0.20172413793103447,54.0,0.0,21.666666666666668,33.33333333333333,66.92307692307692,0.0,18.666666666666664,Low Risk,1,Promotion-Stalled,-2.2028707133942502,0.5125072903178957
36,0,Travel_Frequently,884,Research & Development,23,2,Medical,3,Male,41,4,2,Laboratory Technician,4,Married,2571,12290,4,No,17,3,3,1,17,3,3,5,2,0,3,0.0,0.1111111111111111,0.5,0.5,0.1111111111111111,1.0,1.2848575712143928,3.6666666666666665,3.0,8.600000000000001,0.06111111111111112,2.4000000000000004,3.3000000000000003,0.5379310344827586,51.0,0.0,6.1111111111111125,11.11111111111111,66.15384615384616,50.0,5.777777777777779,Low Risk,3,Stable Contributors,-2.4909715768692466,1.9913562537810021
39,0,Travel_Rarely,613,Research & Development,6,1,Medical,4,Male,42,2,3,Healthcare Representative,1,Married,9991,21457,4,No,15,3,1,1,9,5,3,7,7,1,7,0.125,0.7,0.625,0.875,0.3,0.5,3.3292235921359548,2.0,2.5,8.4,0.41875,2.3000000000000003,2.1500000000000004,0.21206896551724136,22.5,6.666666666666667,41.875,70.0,64.61538461538461,87.5,39.75,Medium Risk,4,Career Explorers,1.2479423151501254,-1.9165379031619114
27,0,Travel_Rarely,155,Research & Development,4,3,Life Sciences,2,Male,87,4,2,Manufacturing Director,2,Married,6142,5174,1,Yes,20,4,2,1,6,0,3,6,2,0,3,0.0,0.2857142857142857,0.0,0.42857142857142855,0.2857142857142857,1.0,3.0694652673663168,3.0,2.0,9.2,0.17142857142857143,2.4000000000000004,2.2,0.5913793103448276,80.0,0.0,17.142857142857142,28.57142857142857,70.76923076923076,42.857142857142854,15.428571428571429,Low Risk,1,Promotion-Stalled,-2.6669372853946265,-0.6727339874248975
49,0,Travel_Frequently,1023,Sales,2,3,Medical,4,Male,63,2,2,Sales Executive,2,Married,5390,13243,2,No,14,3,4,0,17,3,2,9,6,0,8,0.0,0.3333333333333333,0.3,0.8,0.1111111111111111,1.0,2.6936531734132934,2.0,4.0,7.4,0.2833333333333333,1.6,3.0,0.32068965517241377,42.0,0.0,28.333333333333332,33.33333333333333,56.92307692307692,80.0,21.333333333333332,Low Risk,4,Career Explorers,-0.7105781387754281,-0.9015653040635636
34,0,Travel_Rarely,628,Research & Development,8,3,Medical,2,Male,82,4,2,Laboratory Technician,3,Married,4404,10228,2,No,12,3,1,0,6,3,4,4,3,1,2,0.2,0.42857142857142855,0.6,0.4,0.2857142857142857,0.5,2.2008995502248876,3.6666666666666665,1.5,6.600000000000001,0.21047619047619048,2.2,2.45,0.23275862068965517,18.0,6.666666666666667,21.047619047619047,42.857142857142854,50.76923076923078,40.0,23.276190476190475,Low Risk,3,Stable Contributors,-0.13743418021102025,1.2429810524940261
